1,brickhouse.udf.collect.CollectMaxTest.testCollectMinAggBuffer
2,brickhouse.udf.hll.HyperLogLogUDAFTest.brickhouse.udf.hll.HyperLogLogUDAFTest
3,brickhouse.udf.json.JsonSplitUDFTest.testEvaluateWithEmptyList
4,brickhouse.udf.json.JsonSplitUDFTest.testEvaluateWithEmptyString
5,brickhouse.udf.json.JsonSplitUDFTest.testEvaluateWithNull
6,brickhouse.udf.json.JsonSplitUDFTest.testEvaluate
7,brickhouse.udf.timeseries.TimeSeriesTest.testSaltId
8,brickhouse.udf.timeseries.TimeSeriesTest.testMovingAvgStr
9,brickhouse.udf.timeseries.TimeSeriesTest.testMovingStdevStr
10,brickhouse.udf.timeseries.TimeSeriesTest.testMovingStdevDouble
11,brickhouse.udf.timeseries.TimeSeriesTest.testMovingAvgDouble
12,brickhouse.udf.json.JsonUDFTest.testConvertFromCamelCase
13,brickhouse.udf.json.JsonUDFTest.testConvertToCamelCase
14,brickhouse.udf.bloom.BloomTest.testBloomUnion
15,brickhouse.analytics.uniques.SketchSetTest.testHashStrings
16,brickhouse.analytics.uniques.SketchSetTest.testDistinctSets
17,brickhouse.analytics.uniques.SketchSetTest.testOverlapSets
18,brickhouse.analytics.uniques.SketchSetTest.testObama
19,brickhouse.analytics.uniques.SketchSetTest.testGetMinHashes
20,brickhouse.analytics.uniques.SketchSetTest.testSetSimilarity
21,brickhouse.analytics.uniques.SketchSetTest.testSketchSet
22,brickhouse.analytics.uniques.SketchSetTest.testDupSketchSet
23,brickhouse.analytics.uniques.SketchSetTest.testDupSketchSetOver5000
24,brickhouse.analytics.uniques.SketchSetTest.testRandomHashes
25,brickhouse.udf.collect.ArrayUnionUDFTest.testInitializeWithNoArguments
26,brickhouse.udf.collect.ArrayUnionUDFTest.testInitializeWithOneArgument
27,brickhouse.udf.collect.ArrayUnionUDFTest.testInitializeWithTwoArguments
28,brickhouse.udf.collect.ArrayUnionUDFTest.testEvaluateWithSameElements
29,brickhouse.udf.collect.ArrayUnionUDFTest.testEvaluateWithTwoArrays
30,brickhouse.udf.collect.ArrayUnionUDFTest.testEvaluateWithThreeArrays
