1,org.raml.parser.RamlSerializationTestCase.roundtrip
2,org.raml.parser.builder.MinimalConfigTestCase.basicConfig
3,org.raml.EmitterTestCase.emitEmptyBody
4,org.raml.EmitterTestCase.emitRegexp
5,org.raml.EmitterTestCase.emitNumbers
6,org.raml.EmitterTestCase.emitFullConfigFromRaml
7,org.raml.EmitterTestCase.emitFullConfigFromAst
8,org.raml.EmitterTestCase.emitConfigWithIncludesFromAst
9,org.raml.parser.rules.RamlSpecValidationTestCase.testVersionMustExistWhenIsDeclaredInBaseUri
10,org.raml.parser.rules.RamlSpecValidationTestCase.testShouldNotFail
11,org.raml.parser.rules.SchemaRuleTestCase.validJsonSchema
12,org.raml.parser.rules.SchemaRuleTestCase.validJsonSchemaGlobal
13,org.raml.parser.rules.SchemaRuleTestCase.validJsonSchemaGlobalTemplate
14,org.raml.parser.rules.SchemaRuleTestCase.invalidJsonSchema
15,org.raml.parser.rules.SchemaRuleTestCase.invalidJsonSchemaValidJson
16,org.raml.parser.rules.SchemaRuleTestCase.invalidJsonSchemaGlobal
17,org.raml.parser.rules.SchemaRuleTestCase.invalidJsonSchemaInclude
18,org.raml.parser.rules.SchemaRuleTestCase.invalidJsonSchemaGlobalTemplate
19,org.raml.parser.rules.SchemaRuleTestCase.invalidJsonSchemaGlobalInclude
20,org.raml.parser.rules.SchemaRuleTestCase.invalidJsonSchemaGlobalSequenceInclude
21,org.raml.parser.rules.SchemaRuleTestCase.validXmlSchema
22,org.raml.parser.rules.SchemaRuleTestCase.validUtf8IncludeUtf16XmlSchema
23,org.raml.parser.rules.SchemaRuleTestCase.invalidXmlSchema
24,org.raml.parser.rules.SchemaRuleTestCase.validXmlSchemaGlobal
25,org.raml.parser.rules.SchemaRuleTestCase.invalidXmlSchemaGlobal
26,org.raml.parser.rules.SchemaRuleTestCase.invalidXmlSchemaInclude
27,org.raml.parser.builder.DefaultMediaTypeTestCase.emitter
28,org.raml.parser.builder.DefaultMediaTypeTestCase.validation
29,org.raml.parser.builder.DefaultMediaTypeTestCase.bodyWithFormParams
30,org.raml.parser.builder.DefaultMediaTypeTestCase.emptyBody
31,org.raml.parser.builder.DefaultMediaTypeTestCase.noBody
32,org.raml.parser.builder.DefaultMediaTypeTestCase.applyDefault
33,org.raml.integration.SalesEnablementTestCase.emitter
34,org.raml.integration.SalesEnablementTestCase.schemas
35,org.raml.integration.SalesEnablementTestCase.presentations
36,org.raml.integration.SalesEnablementTestCase.validation
37,org.raml.parser.rules.DocumentationTestCase.documentation
38,org.raml.parser.rules.DocumentationTestCase.missingContent
39,org.raml.parser.rules.DocumentationTestCase.missingTitle
40,org.raml.parser.builder.ParameterTypesTestCase.validate
41,org.raml.parser.builder.ParameterTypesTestCase.stringType
42,org.raml.parser.builder.ParameterTypesTestCase.integerType
43,org.raml.parser.builder.ParameterTypesTestCase.numberType
44,org.raml.parser.builder.ParameterTypesTestCase.dateType
45,org.raml.parser.builder.ParameterTypesTestCase.booleanType
46,org.raml.parser.builder.ParameterTypesTestCase.defaultEnum
47,org.raml.parser.rules.UriParametersRuleTestCase.testMinLenght
48,org.raml.parser.rules.UriParametersRuleTestCase.testMaxLenght
49,org.raml.parser.rules.UriParametersRuleTestCase.testMinLenghtParameterNotValid
50,org.raml.parser.rules.UriParametersRuleTestCase.testTypeMustExistBeforeMinLenghtExists
51,org.raml.parser.rules.UriParametersRuleTestCase.testVersionHaveNotToExistInUriParameters
52,org.raml.parser.rules.UriParametersRuleTestCase.testMinimum
53,org.raml.parser.rules.UriParametersRuleTestCase.testMaximum
54,org.raml.parser.rules.UriParametersRuleTestCase.testMinimumNotValid
55,org.raml.parser.rules.UriParametersRuleTestCase.testTypeMustExistBeforeMinimumtExists
56,org.raml.parser.rules.UriParametersRuleTestCase.testTypeMustExistBeforeMaxLenghtExists
57,org.raml.parser.rules.UriParametersRuleTestCase.testUriParameters
58,org.raml.parser.rules.UriParametersRuleTestCase.testRequiredFieldNotValid
59,org.raml.parser.rules.UriParametersRuleTestCase.testRequiredFieldValid
60,org.raml.parser.builder.TemplateDefaultParamsTestCase.validate
61,org.raml.parser.builder.TemplateDefaultParamsTestCase.resourceTypeDefaultParams
62,org.raml.parser.builder.TemplateDefaultParamsTestCase.traitDefaultParams
63,org.raml.parser.builder.TemplateDefaultParamsTestCase.resourceTypeDefaultParamsWithUriParam
64,org.raml.parser.builder.TemplateDefaultParamsTestCase.traitDefaultParamsWithUriParam
65,org.raml.parser.builder.IncludeTestCase.includeRelativeParent
66,org.raml.parser.builder.IncludeTestCase.testNotFound
67,org.raml.parser.builder.IncludeTestCase.testSingleLineString
68,org.raml.parser.builder.IncludeTestCase.testMultiLineString
69,org.raml.parser.builder.IncludeTestCase.testYaml
70,org.raml.parser.builder.IncludeTestCase.testRaml
71,org.raml.parser.builder.IncludeTestCase.includeWithResourceTypeParam
72,org.raml.parser.builder.IncludeTestCase.includeWithinParam
73,org.raml.parser.builder.IncludeTestCase.includeWithinParamNested
74,org.raml.parser.builder.IncludeTestCase.includeResourceTypeSequence
75,org.raml.parser.builder.IncludeTestCase.includeResourceType
76,org.raml.parser.builder.IncludeTestCase.testHttpScalarResource
77,org.raml.parser.builder.IncludeTestCase.includeAction
78,org.raml.parser.builder.IncludeTestCase.includeSequence
79,org.raml.parser.builder.IncludeTestCase.includeSequenceMapping
80,org.raml.parser.builder.IncludeTestCase.includeSequenceTemplateNotFound
81,org.raml.parser.builder.IncludeTestCase.includeResourceTypeNested
82,org.raml.parser.builder.IncludeTestCase.includeResourceTypeNestedOptional
83,org.raml.parser.builder.TemplateParamFunctionsTestCase.validate
84,org.raml.parser.builder.TemplateParamFunctionsTestCase.resourceTypeDefaultParams
85,org.raml.parser.builder.TemplateParamFunctionsTestCase.resourceTypeCustomParams
86,org.raml.parser.builder.TemplateParamFunctionsTestCase.includeWithDefaultParam
87,org.raml.parser.builder.TemplateParamFunctionsTestCase.camelize
88,org.raml.NullValuesTestCase.nullValues
89,org.raml.parser.builder.FullConfigTestCase.validate
90,org.raml.parser.builder.FullConfigTestCase.fullConfig
91,org.raml.parser.rules.TitleRuleTestCase.testTitlePresent
92,org.raml.parser.rules.TitleRuleTestCase.testTitleNotEmpty
93,org.raml.parser.rules.TitleRuleTestCase.testTitleNotMoreThanOnce
94,org.raml.parser.builder.TraitsTestCase.addTrait
95,org.raml.parser.builder.TraitsTestCase.mergeTrait
96,org.raml.parser.builder.TraitsTestCase.addOptionalTrait
97,org.raml.parser.builder.TraitsTestCase.mergeOptionalTrait
98,org.raml.tagresolver.PojoValidatorTestCase.build
99,org.raml.tagresolver.PojoValidatorTestCase.pojoNotFound
100,org.raml.tagresolver.PojoValidatorTestCase.pojoFound
101,org.raml.parser.builder.UriParametersTestCase.validate
102,org.raml.parser.builder.UriParametersTestCase.namelessResources
103,org.raml.parser.builder.UriParametersTestCase.namelessRootResources
104,org.raml.parser.builder.UriParametersTestCase.resourceLikeBaseUriPath
105,org.raml.parser.builder.UriParametersTestCase.parentUriTemplate
106,org.raml.parser.builder.IncludeAbsoluteTestCase.absoluteClasspath
107,org.raml.parser.builder.IncludeAbsoluteTestCase.absoluteClasspathValidation
108,org.raml.parser.builder.ResourceTypesTestCase.simple
109,org.raml.parser.builder.ResourceTypesTestCase.optional
110,org.raml.parser.builder.ResourceTypesTestCase.inheritance
111,org.raml.parser.builder.ResourceTypesTestCase.parameters
112,org.raml.parser.rules.BaseURIRuleTestCase.testBaseURINotEmpty
113,org.raml.parser.rules.BaseURIRuleTestCase.testBaseURIOptional
114,org.raml.parser.rules.BaseURIRuleTestCase.testBaseURIisNotValid
115,org.raml.parser.rules.BaseURIRuleTestCase.testVersionAfterBaseUri
116,org.raml.parser.rules.BaseURIRuleTestCase.testBaseUriNoVersion
117,org.raml.parser.builder.ParameterTestCase.whenParameterIsYRequiredShouldBeTrue
118,org.raml.parser.builder.ParameterTestCase.typeFile
119,org.raml.parser.builder.ParameterTestCase.whenParameterHasMultiTypeOrSingleTypeShouldBeAccepted
120,org.raml.parser.rules.ResourcesTestCase.resourceDescriptionOk
121,org.raml.parser.rules.ResourcesTestCase.resourceFullOk
122,org.raml.parser.rules.ResourcesTestCase.resourceURIOk
123,org.raml.parser.builder.TagResolverTestCase.validate
124,org.raml.parser.builder.TagResolverTestCase.include
125,org.raml.parser.builder.TagResolverTestCase.customResolver
126,org.raml.validation.ValidationTestCase.invalidCustomTag
127,org.raml.validation.ValidationTestCase.invalidIncludeTag
128,org.raml.validation.ValidationTestCase.missingTemplate
129,org.raml.validation.ValidationTestCase.sequenceTemplateExpected
130,org.raml.validation.ValidationTestCase.mapExpected
131,org.raml.validation.ValidationTestCase.nonScalarKeys
132,org.raml.validation.ValidationTestCase.missingTemplateReference
133,org.raml.validation.ValidationTestCase.emptyRaml
134,org.raml.validation.ValidationTestCase.sequenceExpected
135,org.raml.validation.ValidationTestCase.duplicateMapEntry
136,org.raml.validation.ValidationTestCase.nullTemplateParameters
137,org.raml.validation.ValidationTestCase.instagram
138,org.raml.validation.ValidationTestCase.circularInclude
139,org.raml.validation.ValidationTestCase.invalidActionElement
140,org.raml.validation.ValidationTestCase.typesWithParams
141,org.raml.validation.ValidationTestCase.indentationBroken
142,org.raml.validation.ValidationTestCase.circularReference
143,org.raml.validation.ValidationTestCase.badMediaTypeName
144,org.raml.validation.ValidationTestCase.missingColon
145,org.raml.validation.ValidationTestCase.defaultFileResourceLoader
146,org.raml.validation.ValidationTestCase.emptyScalarValue
147,org.raml.validation.ValidationTestCase.emptyIs
148,org.raml.validation.ValidationTestCase.versionAfterUse
149,org.raml.validation.ValidationTestCase.nonScalarGlobalSchema
150,org.raml.validation.ValidationTestCase.github
151,org.raml.parser.builder.SecurityTestCase.validate
152,org.raml.parser.builder.SecurityTestCase.build
153,org.raml.parser.builder.MediaTypeReferenceTestCase.emitter
154,org.raml.parser.rules.IncludeRulesTestCase.includeWithError
155,org.raml.parser.rules.IncludeRulesTestCase.includeEmptyYamlFile
156,org.raml.parser.rules.IncludeRulesTestCase.includeRelativeParent
157,org.raml.parser.rules.IncludeRulesTestCase.include
158,org.raml.parser.rules.IncludeRulesTestCase.includeNotFound
159,org.raml.EmptyConfigTestCase.emptyConfigTestCase
160,org.raml.parser.builder.ResourceTypesTraitsTestCase.mixed
161,org.raml.parser.builder.ResourceTypesTraitsTestCase.override
162,org.raml.TitleTestCase.whenTitleIsNotDefinedErrorShouldBeShown
163,org.raml.completion.SuggestionTestCase.emptyRaml
164,org.raml.completion.SuggestionTestCase.resource
165,org.raml.completion.SuggestionTestCase.versionHeaderOnly
166,org.raml.completion.SuggestionTestCase.versionHeaderAndSeparator
167,org.raml.completion.SuggestionTestCase.documentSequence
168,org.raml.completion.SuggestionTestCase.resourceChildrenEmptyBottomSection
169,org.raml.completion.SuggestionTestCase.mappingWithTrailingSpace
170,org.raml.completion.SuggestionTestCase.topLevel
171,org.raml.completion.SuggestionTestCase.noDuplicates
172,org.raml.completion.SuggestionTestCase.noDuplicatesAfter
173,org.raml.completion.SuggestionTestCase.noDuplicatesAfterNestedAligned
174,org.raml.completion.SuggestionTestCase.noDuplicatesAfterNestedNotAligned
175,org.raml.completion.SuggestionTestCase.noDuplicatesAfterNestedContextAligned
176,org.raml.completion.SuggestionTestCase.noDuplicatesAfterNestedContextNotAligned
177,org.raml.completion.SuggestionTestCase.resourceWithDeleteContext
178,org.raml.completion.SuggestionTestCase.action
179,org.raml.completion.SuggestionTestCase.actionHeaderParam
180,org.raml.completion.SuggestionTestCase.actionBody
181,org.raml.completion.SuggestionTestCase.responseBody
182,org.raml.completion.SuggestionTestCase.responseStatusCodes
183,org.raml.completion.SuggestionTestCase.nonAlignedPosition
184,org.raml.completion.SuggestionTestCase.simpleRamlBroken
185,org.raml.completion.SuggestionTestCase.scalarInclude
186,org.raml.completion.SuggestionTestCase.afterComment
187,org.raml.completion.SuggestionTestCase.afterInlineComment
188,org.raml.parser.rules.ResourceTypeValidationTestCase.noParentResourceType
189,org.raml.parser.rules.UnknownRuleTestCase.unknownElementsMustFailed
190,org.raml.parser.builder.ParameterEmptyTestCase.emptyHeader
