1,KILLED,76,70,75,81,73,71,78,72,79,74,77,69,80,65,61,60,63,62,64,68
2,KILLED,76,70,75,81,73,71,78,72,79,74,77,69,80,65,61,60,63,62,64,68
3,KILLED,81,73,71,78,72,79,77,69,80
4,SURVIVED
5,SURVIVED
6,SURVIVED
7,SURVIVED
8,SURVIVED
9,SURVIVED
10,SURVIVED
11,SURVIVED
12,KILLED,81,73,71,78,72,79,77,69,80,65,61,60,63,62,64,68
13,KILLED,76,70,75,81,73,71,78,72,79,74,77,69,80,65,61,60,63,62,64,68
14,KILLED,76,70,75,81,73,71,78,72,79,74,77,69,80,65,61,60,63,62,64,68
15,KILLED,76,70,75,81,73,71,78,72,79,74,77,69,80,65,61,60,63,62,64,68
16,KILLED,81,73,71,78,72,79,77,69,80
17,KILLED,78,79,77
18,SURVIVED
19,KILLED,78,79,77,80
20,SURVIVED
21,KILLED,80
22,KILLED,73,78,72,79,77,80
23,KILLED,78,79,77
24,KILLED,80
25,KILLED,73,72
26,KILLED,78,79,77
27,SURVIVED
28,SURVIVED
29,KILLED,72,68
30,KILLED,71,80
31,KILLED,71,80
32,KILLED,80
33,KILLED,81,73,71,78,72,79,77,69,80
34,KILLED,81,73,71,78,72,79,77,69,80
35,KILLED,81,73,71,78,72,79,77,69,80
36,KILLED,71,80
37,TIMED_OUT
38,KILLED,80
39,KILLED,71,80
40,KILLED,81,73,71,78,72,79,77,69,80
41,KILLED,71,80
42,KILLED,73
43,SURVIVED
44,SURVIVED
45,KILLED,75,74
46,NO_COVERAGE
47,NO_COVERAGE
48,KILLED,73,71,78,72,79,77,80
49,NO_COVERAGE
50,SURVIVED
51,NO_COVERAGE
52,NO_COVERAGE
53,SURVIVED
54,NO_COVERAGE
55,KILLED,73,71,78,72,79,77,80
56,NO_COVERAGE
57,NO_COVERAGE
58,NO_COVERAGE
59,SURVIVED
60,KILLED,81,73,71,78,72,79,77,69,80
61,KILLED,81,73,71,78,72,79,77,69,80
62,KILLED,81,71
63,KILLED,81,73,71,78,72,79,77
64,KILLED,81,73,71,78,72,79,77,69,80
65,NO_COVERAGE
66,NO_COVERAGE
67,SURVIVED
68,KILLED,73,78,72,79,77
69,KILLED,73,78,72,79,77,80
70,SURVIVED
71,SURVIVED
72,KILLED,81,71
73,KILLED,73,78,72,79,77
74,KILLED,81,73,71,78,72,79,77,69,80
75,KILLED,81,73,71,78,72,79,77,69,80
76,SURVIVED
77,KILLED,81,71
78,SURVIVED
79,SURVIVED
80,NO_COVERAGE
81,NO_COVERAGE
82,KILLED,71,80
83,KILLED,73,78,72,79,77
84,SURVIVED
85,KILLED,73,72
86,NO_COVERAGE
87,NO_COVERAGE
88,KILLED,73,72
89,KILLED,73,72
90,NO_COVERAGE
91,NO_COVERAGE
92,NO_COVERAGE
93,KILLED,73,72
94,KILLED,65,61,60,63,62,64,68
95,NO_COVERAGE
96,NO_COVERAGE
97,KILLED,73,78,72,79,80
98,KILLED,73,72,79,80
99,KILLED,72,79,80
100,KILLED,73,78,72,79,80
101,KILLED,73,78,72,79,80
102,NO_COVERAGE
103,NO_COVERAGE
104,NO_COVERAGE
105,NO_COVERAGE
106,SURVIVED
107,KILLED,73
108,KILLED,73,78,72,79,80
109,KILLED,72,79,80
110,KILLED,77
111,KILLED,73,78,72,79,80
112,KILLED,73,78,72,79,80
113,KILLED,73,78,72,79,80
114,KILLED,73,78,72,79,80
115,KILLED,73,78,72,79,80
116,SURVIVED
117,KILLED,73,78,72,79,80
118,KILLED,75
119,KILLED,75
120,KILLED,75
121,KILLED,71
122,KILLED,76,70,74,65,61,60,63,62,64,68
123,KILLED,76,70,74,65,61,60,63,62,64,68
124,NO_COVERAGE
125,KILLED,76,70,74
126,KILLED,76,70,74,65,61,60,63,62,64,68
127,KILLED,76,70,74
128,KILLED,74
129,KILLED,61,62
130,KILLED,61,62
131,KILLED,65,64
132,KILLED,65,64
133,KILLED,60,63,68
134,KILLED,61,62
135,KILLED,61,63
136,KILLED,63,62
137,KILLED,65,64
138,KILLED,64
139,KILLED,65
140,KILLED,61,62
141,KILLED,61
142,KILLED,62
143,KILLED,61,62
144,KILLED,61,62
145,KILLED,65,64
146,KILLED,64
147,KILLED,65
148,KILLED,65,64
149,KILLED,65,64
150,KILLED,60,63,68
151,KILLED,61,62
152,KILLED,63
153,KILLED,62
154,KILLED,65,64
155,SURVIVED
156,KILLED,65
157,SURVIVED
158,KILLED,61
159,KILLED,63
160,SURVIVED
161,KILLED,64
162,SURVIVED
163,KILLED,61,62
164,KILLED,65,64
165,KILLED,60,63,68
166,SURVIVED
167,KILLED,65,61,60,63,62,64,68
168,KILLED,73,71,78,72,79,77,80
169,SURVIVED
170,NO_COVERAGE
171,KILLED,73,71,78,72,79,77,80
172,SURVIVED
173,SURVIVED
174,NO_COVERAGE
175,NO_COVERAGE
176,NO_COVERAGE
177,NO_COVERAGE
178,NO_COVERAGE
179,KILLED,73,71,78,72,79,77,80
180,NO_COVERAGE
181,NO_COVERAGE
182,NO_COVERAGE
183,NO_COVERAGE
184,NO_COVERAGE
185,NO_COVERAGE
186,NO_COVERAGE
187,NO_COVERAGE
188,NO_COVERAGE
189,NO_COVERAGE
190,NO_COVERAGE
191,NO_COVERAGE
192,NO_COVERAGE
193,NO_COVERAGE
194,NO_COVERAGE
195,NO_COVERAGE
196,NO_COVERAGE
197,NO_COVERAGE
198,NO_COVERAGE
199,NO_COVERAGE
200,NO_COVERAGE
201,NO_COVERAGE
202,NO_COVERAGE
203,NO_COVERAGE
204,NO_COVERAGE
205,NO_COVERAGE
206,NO_COVERAGE
207,NO_COVERAGE
208,NO_COVERAGE
209,NO_COVERAGE
210,NO_COVERAGE
211,NO_COVERAGE
212,NO_COVERAGE
213,NO_COVERAGE
214,NO_COVERAGE
215,NO_COVERAGE
216,NO_COVERAGE
217,NO_COVERAGE
218,NO_COVERAGE
219,NO_COVERAGE
220,NO_COVERAGE
221,NO_COVERAGE
222,NO_COVERAGE
223,NO_COVERAGE
224,NO_COVERAGE
225,NO_COVERAGE
226,NO_COVERAGE
227,NO_COVERAGE
228,NO_COVERAGE
229,NO_COVERAGE
230,NO_COVERAGE
231,NO_COVERAGE
232,NO_COVERAGE
233,NO_COVERAGE
234,NO_COVERAGE
235,NO_COVERAGE
236,NO_COVERAGE
237,NO_COVERAGE
238,NO_COVERAGE
239,NO_COVERAGE
240,NO_COVERAGE
241,NO_COVERAGE
242,NO_COVERAGE
243,NO_COVERAGE
244,NO_COVERAGE
245,NO_COVERAGE
246,NO_COVERAGE
247,NO_COVERAGE
248,NO_COVERAGE
249,NO_COVERAGE
250,NO_COVERAGE
251,NO_COVERAGE
252,NO_COVERAGE
253,NO_COVERAGE
254,NO_COVERAGE
255,NO_COVERAGE
256,NO_COVERAGE
257,NO_COVERAGE
258,NO_COVERAGE
259,NO_COVERAGE
260,NO_COVERAGE
261,NO_COVERAGE
262,NO_COVERAGE
263,NO_COVERAGE
264,NO_COVERAGE
265,NO_COVERAGE
266,NO_COVERAGE
267,NO_COVERAGE
268,NO_COVERAGE
269,NO_COVERAGE
270,NO_COVERAGE
271,NO_COVERAGE
272,NO_COVERAGE
273,NO_COVERAGE
274,NO_COVERAGE
275,NO_COVERAGE
276,NO_COVERAGE
277,NO_COVERAGE
278,NO_COVERAGE
279,NO_COVERAGE
280,NO_COVERAGE
281,NO_COVERAGE
282,NO_COVERAGE
283,NO_COVERAGE
284,NO_COVERAGE
285,NO_COVERAGE
286,NO_COVERAGE
287,NO_COVERAGE
288,NO_COVERAGE
289,NO_COVERAGE
290,NO_COVERAGE
291,NO_COVERAGE
292,NO_COVERAGE
293,NO_COVERAGE
294,NO_COVERAGE
295,NO_COVERAGE
296,NO_COVERAGE
297,NO_COVERAGE
298,NO_COVERAGE
299,NO_COVERAGE
300,NO_COVERAGE
301,NO_COVERAGE
302,NO_COVERAGE
303,NO_COVERAGE
304,NO_COVERAGE
305,NO_COVERAGE
306,NO_COVERAGE
307,NO_COVERAGE
308,NO_COVERAGE
309,NO_COVERAGE
310,NO_COVERAGE
311,NO_COVERAGE
312,NO_COVERAGE
313,NO_COVERAGE
314,NO_COVERAGE
315,NO_COVERAGE
316,NO_COVERAGE
317,NO_COVERAGE
318,NO_COVERAGE
319,NO_COVERAGE
320,NO_COVERAGE
321,NO_COVERAGE
322,NO_COVERAGE
323,NO_COVERAGE
324,NO_COVERAGE
325,NO_COVERAGE
326,NO_COVERAGE
327,NO_COVERAGE
328,NO_COVERAGE
329,NO_COVERAGE
330,NO_COVERAGE
331,NO_COVERAGE
332,NO_COVERAGE
333,NO_COVERAGE
334,NO_COVERAGE
335,NO_COVERAGE
336,NO_COVERAGE
337,NO_COVERAGE
338,NO_COVERAGE
339,NO_COVERAGE
340,NO_COVERAGE
341,NO_COVERAGE
342,NO_COVERAGE
343,NO_COVERAGE
344,NO_COVERAGE
345,NO_COVERAGE
346,NO_COVERAGE
347,NO_COVERAGE
348,NO_COVERAGE
349,NO_COVERAGE
350,NO_COVERAGE
351,NO_COVERAGE
352,NO_COVERAGE
353,NO_COVERAGE
354,NO_COVERAGE
355,NO_COVERAGE
356,NO_COVERAGE
357,NO_COVERAGE
358,NO_COVERAGE
359,NO_COVERAGE
360,NO_COVERAGE
361,NO_COVERAGE
362,NO_COVERAGE
363,NO_COVERAGE
364,NO_COVERAGE
365,NO_COVERAGE
366,NO_COVERAGE
367,NO_COVERAGE
368,NO_COVERAGE
369,NO_COVERAGE
370,NO_COVERAGE
371,NO_COVERAGE
372,NO_COVERAGE
373,NO_COVERAGE
374,NO_COVERAGE
375,NO_COVERAGE
376,NO_COVERAGE
377,NO_COVERAGE
378,NO_COVERAGE
379,NO_COVERAGE
380,NO_COVERAGE
381,KILLED,33,30,29,32,31,28,76,70,75,81,73,71,78,65,61,60,63,72,79,62,74,77,69,80,64,68
382,KILLED,33,30,29,32,31,28,76,70,75,81,73,71,78,65,61,60,63,72,79,62,74,77,69,80,64,68
383,KILLED,30,32,31,65,61,60,63,62,64,68
384,KILLED,30,32,31,65,61,60,63,62,64,68
385,KILLED,65,61,60,63,62,64,68
386,KILLED,65,61,60,63,62,64,68
387,KILLED,65,61,60,63,62,64,68
388,KILLED,65,61,60,63,62,64,68
389,KILLED,65,61,60,63,62,64,68
390,KILLED,65,61,60,63,62,64,68
391,KILLED,65,61,60,63,62,64,68
392,KILLED,65,61,60,63,62,64,68
393,KILLED,65,61,60,63,62,64,68
394,KILLED,65,61,60,63,62,64,68
395,KILLED,65,61,60,63,62,64,68
396,KILLED,30,29,32,31,28,75,72,79,80,68
397,KILLED,30,29,31,28,75,72,74,68
398,KILLED,65,61,60,63,62,74,64,68
399,KILLED,76
400,KILLED,76
401,SURVIVED
402,KILLED,76,70,74
403,SURVIVED
404,KILLED,76,70
405,KILLED,76,70,74
406,KILLED,70,74
407,KILLED,76,70
408,SURVIVED
409,KILLED,76,70
410,KILLED,76,70,65,61,60,63,62,74,64,68
411,KILLED,76,70,74
412,KILLED,76,70,74
413,KILLED,76,70
414,KILLED,76,70,74
415,KILLED,76,70,74
416,KILLED,76,70,74
417,KILLED,76,70
418,KILLED,76,70
419,KILLED,76,70,74
420,KILLED,76,70,74
421,KILLED,70,65,61,60,63,62,64,68
422,KILLED,76,70,74
423,KILLED,76,70,74
424,KILLED,76,70
425,SURVIVED
426,KILLED,76,70,74
427,SURVIVED
428,TIMED_OUT
429,KILLED,28
430,KILLED,29,28,75
431,KILLED,29,28,75
432,KILLED,29,75
433,KILLED,28
434,KILLED,28
435,KILLED,33,29,28,75
436,KILLED,29,28,75
437,KILLED,33,29,28,75,81,73,71,78,72,79,77,69,80
438,KILLED,33
439,KILLED,29,28,75
440,KILLED,28
441,KILLED,28
442,KILLED,29,28,75
443,KILLED,29,28,75
444,KILLED,29,28,75
445,KILLED,29,28,75
446,KILLED,29,28,75
447,KILLED,33
448,KILLED,29,75
449,KILLED,29,28,75
450,KILLED,28
451,KILLED,33
452,KILLED,29,28,75
453,KILLED,27
454,KILLED,30,29,31,28,75,65,61,60,63,72,79,62,80,64,68
455,KILLED,30,29,31,28,75,65,61,60,63,72,62,64,68
456,KILLED,30,29,31,28,75,65,61,60,63,72,62,64,68
457,KILLED,33,30,29,31,28,75,81,73,71,78,65,61,60,63,72,79,62,77,69,80,64,68
458,KILLED,30,29,31,28,75,65,61,60,63,72,79,62,80,64,68
459,KILLED,30,29,31,28,75,65,61,60,63,72,62,64,68
460,KILLED,30,29,31,28,75,65,61,60,63,72,79,62,80,64,68
461,KILLED,30,29,31,28,75,65,61,60,63,72,79,62,80,64,68
462,KILLED,30,29,31,28,75,65,61,60,63,72,79,62,80,64,68
463,KILLED,30,29,31,28,75,65,61,60,63,72,79,62,80,64,68
464,KILLED,30,29,31,28,75,65,61,60,63,72,62,64,68
465,KILLED,30,29,31,28,75,65,61,60,63,72,62,64,68
466,KILLED,30,29,31,28,75,65,61,60,63,72,79,62,80,64,68
467,KILLED,30,29,31,28,75,65,61,60,63,72,79,62,80,64,68
468,KILLED,33,81,73,71,78,72,79,77,69,80
469,KILLED,30,29,31,28,75,65,61,60,63,72,79,62,80,64,68
470,KILLED,30,29,31,28,75,65,61,60,63,72,62,64,68
471,KILLED,30,29,31,28,75,65,61,60,63,72,79,62,80,64,68
472,KILLED,33,81,73,71,78,72,79,77,69,80
473,KILLED,30,29,31,28,75,65,61,60,63,72,79,62,80,64,68
474,KILLED,65,61,60,63,62,64,68
475,KILLED,65,61,60,63,62,64,68
476,KILLED,65,61,60,63,62,64,68
477,KILLED,65,61,60,63,62,64,68
478,KILLED,76,70
479,KILLED,76,70
480,KILLED,70,74
481,KILLED,70,74
482,KILLED,30,32,31,65,61,60,63,62,64,68
483,KILLED,30,31,65,61,60,63,62,64,68
484,KILLED,30,31,65,61,60,63,62,64,68
485,NO_COVERAGE
486,KILLED,84,85,82
487,KILLED,84,85,82
488,SURVIVED
489,KILLED,83
490,KILLED,84,85
491,KILLED,84,85
492,KILLED,82
493,KILLED,84,85
494,KILLED,82
495,SURVIVED
496,KILLED,84,85,82
497,SURVIVED
498,KILLED,83
499,KILLED,84,85,82
500,KILLED,84,85,82
501,KILLED,84,85,82
502,KILLED,85
503,KILLED,84,85,82
504,KILLED,84,85,82
505,KILLED,84,85,82
506,SURVIVED
507,KILLED,83
508,KILLED,83
509,KILLED,83
510,NO_COVERAGE
511,KILLED,84,85,82
512,KILLED,84,85
513,KILLED,82
514,KILLED,84,85
515,KILLED,82
516,KILLED,84,85
517,KILLED,82
518,KILLED,84,85
519,KILLED,84,85,82
520,KILLED,84,85
521,KILLED,82
522,KILLED,84,85
523,KILLED,84,85
524,SURVIVED
525,KILLED,82
526,KILLED,84,85,82
527,KILLED,84,85,82
528,KILLED,84,85,82
529,KILLED,84,85,82
530,KILLED,84,85,82
531,KILLED,83,84,85,82
532,KILLED,83
533,KILLED,83,84,85,82
534,KILLED,83,84,85,82
535,KILLED,83,82,81,73,71,78,72,79,77,69,80
536,KILLED,83,84,85,82,81,73,71,78,72,79,77,69,80
537,KILLED,83,84,85,82,81,73,71,78,72,79,77,69,80
538,KILLED,83,84,85,82,81,73,71,78,72,79,77,69,80
539,KILLED,83
540,KILLED,83,84,85,82
541,KILLED,83,84,85,82
542,KILLED,83,84,85,82
543,KILLED,83
544,KILLED,83
545,KILLED,83
546,KILLED,83,84,85,82,81,73,71,78,72,79,77,69,80
547,KILLED,83
548,SURVIVED
549,SURVIVED
550,KILLED,91,89,90,1,2,35,37,3,34,86,36
551,KILLED,91,89,90,1,2,35,37,3,34,36
552,SURVIVED
553,NO_COVERAGE
554,NO_COVERAGE
555,KILLED,89
556,SURVIVED
557,KILLED,89,90
558,SURVIVED
559,SURVIVED
560,KILLED,89,90
561,KILLED,89,90
562,KILLED,89,90
563,KILLED,89,90
564,KILLED,89,90
565,KILLED,89,90
566,KILLED,89,90
567,KILLED,89,90
568,SURVIVED
569,KILLED,89,90
570,SURVIVED
571,KILLED,89,90
572,KILLED,89,90
573,SURVIVED
574,SURVIVED
575,KILLED,89,90
576,SURVIVED
577,SURVIVED
578,KILLED,89
579,SURVIVED
580,KILLED,89,90
581,NO_COVERAGE
582,NO_COVERAGE
583,NO_COVERAGE
584,NO_COVERAGE
585,NO_COVERAGE
586,KILLED,1,2,35,37,3,34,36
587,KILLED,1,2,35,37,3,34,86,36
588,SURVIVED
589,SURVIVED
590,SURVIVED
591,SURVIVED
592,SURVIVED
593,SURVIVED
594,NO_COVERAGE
595,NO_COVERAGE
596,NO_COVERAGE
597,NO_COVERAGE
598,NO_COVERAGE
599,NO_COVERAGE
600,NO_COVERAGE
601,NO_COVERAGE
602,NO_COVERAGE
603,NO_COVERAGE
604,NO_COVERAGE
605,NO_COVERAGE
606,NO_COVERAGE
607,NO_COVERAGE
608,NO_COVERAGE
609,NO_COVERAGE
610,NO_COVERAGE
611,KILLED,99
612,KILLED,99
613,KILLED,97
614,KILLED,99,97
615,KILLED,97
616,KILLED,99,97
617,KILLED,97
618,KILLED,97
619,SURVIVED
620,KILLED,99
621,KILLED,97
622,KILLED,98
623,KILLED,97
624,KILLED,97
625,NO_COVERAGE
626,SURVIVED
627,KILLED,97
628,SURVIVED
629,SURVIVED
630,KILLED,97
631,KILLED,97
632,NO_COVERAGE
633,NO_COVERAGE
634,NO_COVERAGE
635,SURVIVED
636,KILLED,97
637,SURVIVED
638,KILLED,97
639,SURVIVED
640,KILLED,97
641,SURVIVED
642,SURVIVED
643,KILLED,97
644,KILLED,97
645,KILLED,97
646,KILLED,97
647,SURVIVED
648,SURVIVED
649,SURVIVED
650,KILLED,97
651,KILLED,97
652,KILLED,97
653,KILLED,97
654,KILLED,97
655,SURVIVED
656,SURVIVED
657,SURVIVED
658,NO_COVERAGE
659,NO_COVERAGE
660,NO_COVERAGE
661,NO_COVERAGE
662,KILLED,97
663,KILLED,97
664,SURVIVED
665,SURVIVED
666,KILLED,97
667,KILLED,97
668,SURVIVED
669,SURVIVED
670,SURVIVED
671,KILLED,97
672,KILLED,98,99
673,KILLED,30,76,29,70,75,32,65,61,60,63,72,31,79,62,28,80,64,68
674,KILLED,30,76,29,70,75,65,61,60,63,72,31,79,62,28,80,64,68
675,KILLED,72
676,KILLED,30,29,75,65,61,60,63,72,31,62,28,64,68
677,KILLED,29,75,65,61,60,63,72,62,28,64,68
678,KILLED,30,29,75,65,61,60,63,72,31,62,28,64,68
679,KILLED,30,29,75,65,61,60,63,72,31,79,62,28,80,64,68
680,KILLED,30,29,75,65,61,60,63,72,31,79,62,28,80,64,68
681,KILLED,30,29,75,65,61,60,63,72,31,79,62,28,80,64,68
682,KILLED,30,29,75,65,61,60,63,72,31,62,28,64,68
683,KILLED,30,29,75,65,61,60,63,72,31,62,28,64,68
684,KILLED,30,65,61,60,63,31,62,64,68
685,KILLED,30,65,61,60,63,31,62,64,68
686,SURVIVED
687,KILLED,30,65,61,60,63,31,62,64,68
688,SURVIVED
689,KILLED,30,65,61,60,63,31,62,64,68
690,SURVIVED
691,SURVIVED
692,SURVIVED
693,KILLED,76,70
694,SURVIVED
695,KILLED,76,70
696,SURVIVED
697,KILLED,76,70
698,KILLED,76,70
699,KILLED,76,70
700,KILLED,76,70
701,KILLED,76,70
702,SURVIVED
703,SURVIVED
704,SURVIVED
705,KILLED,76,70
706,KILLED,76,70
707,KILLED,76,70
708,SURVIVED
709,KILLED,76,70
710,SURVIVED
711,SURVIVED
712,SURVIVED
713,SURVIVED
714,SURVIVED
715,SURVIVED
716,NO_COVERAGE
717,NO_COVERAGE
718,NO_COVERAGE
719,NO_COVERAGE
720,SURVIVED
721,KILLED,19,8,9,16,11,7,17,10,88,87,5,41,40,27,59,55,93,98,66,6,25
722,SURVIVED
723,SURVIVED
724,KILLED,18,19,8,9,15,14,12,11,7,13,88,87,5,41,40,33,27,91,89,58,53,54,56,57,59,55,94,93,98,1,2,4,35,37,38,92,26,23,66,99,3,34,39,30,76,29,70,75,84,85,67,81,22,86,6,73,82,71,78,65,61,60,63,36,72,97,31,79,62,28,74,77,69,80,90,24,64,68,52
725,KILLED,18,19,8,9,15,14,12,16,11,7,17,13,10,88,87,5,41,40,33,27,91,89,58,53,54,56,57,59,55,94,93,98,1,2,4,35,37,38,92,26,23,66,99,3,34,39,30,76,29,70,75,84,85,67,81,22,86,6,73,82,71,78,65,61,60,63,36,72,97,31,79,25,62,28,74,77,69,80,90,24,64,68,52
726,SURVIVED
727,SURVIVED
728,KILLED,19,8,9,16,11,7,17,10,88,87,5,41,40,27,50,48,59,55,93,98,66,6,25
729,SURVIVED
730,KILLED,18,15,14,12,13,33,91,89,58,53,54,56,57,94,1,2,4,35,37,38,92,26,23,99,3,34,39,30,76,29,70,75,84,85,67,81,22,86,73,82,71,78,65,61,60,63,36,72,97,31,79,62,28,74,77,69,80,90,24,64,68,52
731,SURVIVED
732,SURVIVED
733,KILLED,18,15,14,12,13,1,2,4,35,37,38,26,23,3,34,39,22,86,36,24,52
734,KILLED,19,9,11,7,88,87,5,41,40,50,48,6
735,KILLED,18,9,15,14,12,11,13,87,5,40,1,2,4,35,37,38,26,23,3,34,39,22,86,36,24,52
736,KILLED,18,19,15,14,12,7,13,88,41,1,2,4,35,37,38,26,23,3,34,39,22,86,6,36,24,52
737,KILLED,18,19,15,14,12,16,7,17,13,10,88,41,1,2,4,35,37,38,26,23,3,34,39,22,86,6,36,25,24,52
738,KILLED,19,7,88,41,50,48,6
739,KILLED,18,15,14,12,13,1,2,4,35,37,38,26,23,3,34,39,22,86,36,24,52
740,KILLED,18,15,14,12,13,1,2,4,35,37,38,26,23,3,34,39,22,86,36,24,52
741,KILLED,9,11,87,5,40
742,KILLED,19,7,88,41,50,48,6
743,KILLED,19,9,11,7,88,87,5,41,40,50,48,6
744,KILLED,33,91,89,58,53,54,56,57,94,1,2,35,37,92,26,23,99,3,34,39,30,76,29,70,75,84,85,67,81,22,86,73,82,71,78,65,61,60,63,36,72,97,31,79,62,28,74,77,69,80,90,24,64,68,52
745,KILLED,8,27,59,55,93,98,66,25
746,KILLED,8,33,27,91,89,58,53,54,56,57,59,55,94,93,98,1,2,35,37,92,26,23,66,99,3,34,39,30,76,29,70,75,84,85,67,81,22,86,73,82,71,78,65,61,60,63,36,72,97,31,79,62,28,74,77,69,80,90,24,64,68,52
747,KILLED,33,91,89,58,53,54,56,57,94,1,2,35,37,92,26,23,99,3,34,39,30,76,29,70,75,84,85,67,81,22,86,73,82,71,78,65,61,60,63,36,72,97,31,79,62,28,74,77,69,80,90,24,64,68,52
748,KILLED,8,27,59,55,93,98,66,25
749,KILLED,8,27,59,55,93,98,66,25
750,KILLED,18
751,SURVIVED
752,NO_COVERAGE
753,SURVIVED
754,KILLED,18
755,SURVIVED
756,NO_COVERAGE
757,KILLED,15,14,12,13
758,KILLED,11
759,KILLED,16,17,10
760,KILLED,15,14,12,16,17,13,10
761,KILLED,15,14,12,13
762,KILLED,15,14,12,16,17,13,10
763,NO_COVERAGE
764,NO_COVERAGE
765,NO_COVERAGE
766,NO_COVERAGE
767,NO_COVERAGE
768,NO_COVERAGE
769,NO_COVERAGE
770,NO_COVERAGE
771,NO_COVERAGE
772,NO_COVERAGE
773,NO_COVERAGE
774,NO_COVERAGE
775,NO_COVERAGE
776,NO_COVERAGE
777,NO_COVERAGE
778,NO_COVERAGE
779,NO_COVERAGE
780,NO_COVERAGE
781,NO_COVERAGE
782,NO_COVERAGE
783,NO_COVERAGE
784,NO_COVERAGE
785,NO_COVERAGE
786,NO_COVERAGE
787,NO_COVERAGE
788,NO_COVERAGE
789,NO_COVERAGE
790,NO_COVERAGE
791,NO_COVERAGE
792,NO_COVERAGE
793,NO_COVERAGE
794,NO_COVERAGE
795,NO_COVERAGE
796,NO_COVERAGE
797,NO_COVERAGE
798,NO_COVERAGE
799,NO_COVERAGE
800,NO_COVERAGE
801,NO_COVERAGE
802,NO_COVERAGE
803,NO_COVERAGE
804,KILLED,22
805,KILLED,22
806,SURVIVED
807,KILLED,26,23,22,25,24
808,SURVIVED
809,KILLED,26,23,22,24
810,KILLED,26,23,22,25,24
811,SURVIVED
812,KILLED,26,23,22,24
813,KILLED,26,23,22,24
814,KILLED,26,23,22
815,KILLED,26,23,22,24
816,SURVIVED
817,SURVIVED
818,SURVIVED
819,KILLED,23
820,KILLED,25
821,KILLED,23
822,NO_COVERAGE
823,KILLED,26,23,22,24
824,KILLED,26,23,22,24
825,SURVIVED
826,NO_COVERAGE
827,NO_COVERAGE
828,NO_COVERAGE
829,NO_COVERAGE
830,NO_COVERAGE
831,KILLED,26,23,22,24
832,KILLED,26,23,22,25,24
833,KILLED,26,23,22,24
834,NO_COVERAGE
835,NO_COVERAGE
836,NO_COVERAGE
837,KILLED,26
838,SURVIVED
839,KILLED,26
840,KILLED,24
841,SURVIVED
842,KILLED,24
843,KILLED,67
844,KILLED,67
845,KILLED,65,61,60,63,62,64,68
846,KILLED,67,65,61,60,63,62,64,68
847,KILLED,65,61,60,63,62,64,68
848,KILLED,67,65,61,60,63,62,64,68
849,KILLED,65,61,60,63,62,64,68
850,KILLED,65,61,60,63,62,64,68
851,SURVIVED
852,KILLED,67
853,KILLED,65,61,60,63,62,64,68
854,KILLED,66
855,SURVIVED
856,KILLED,65,61,60,63,62,64,68
857,KILLED,65,61,60,63,62,64,68
858,SURVIVED
859,KILLED,65,61,60,63,62,64,68
860,KILLED,65,61,60,63,62,64,68
861,KILLED,65,61,60,63,62,64,68
862,KILLED,65,61,60,63,62,64,68
863,KILLED,65,61,60,63,62,64,68
864,KILLED,65,61,60,63,62,64,68
865,KILLED,65,61,60,63,62,64,68
866,KILLED,65,61,60,63,62,64,68
867,KILLED,65,61,60,63,62,64,68
868,KILLED,65,61,60,63,62,64,68
869,KILLED,65,61,60,63,62,64,68
870,KILLED,66,67
871,KILLED,65,61,60,63,62,64,68
872,KILLED,65,61,60,63,62,64,68
873,KILLED,65,61,60,63,62,64,68
874,KILLED,65,61,60,63,62,64,68
875,KILLED,65,61,60,63,62,64,68
876,KILLED,65,61,60,63,62,64,68
877,KILLED,65,61,60,63,62,64,68
878,KILLED,65,61,60,63,62,64,68
879,SURVIVED
880,KILLED,68
881,KILLED,65,61,60,63,62,64,68
882,KILLED,20,98,66,99,67,65,61,60,63,97,62,64,68
883,KILLED,20,98,66,99,67,65,61,60,63,97,62,64,68
884,KILLED,21
885,KILLED,20,65,61,60,63,97,62,64,68
886,KILLED,21,20,65,61,60,63,97,62,64,68
887,KILLED,20,65,61,60,63,97,62,64,68
888,SURVIVED
889,KILLED,21
890,SURVIVED
891,SURVIVED
892,SURVIVED
893,KILLED,21
894,KILLED,21,20,98,66,99,67,65,61,60,63,97,62,64,68
895,KILLED,21,20
896,KILLED,21,20
897,KILLED,20,98,66,99,67,65,61,60,63,97,62,64,68
898,KILLED,20
899,KILLED,20
900,SURVIVED
901,KILLED,21
902,KILLED,21
903,KILLED,20
904,KILLED,20,98,66,99,67,65,61,60,63,97,62,64,68
905,KILLED,20
906,KILLED,21
907,KILLED,20,65,61,60,63,97,62,64,68
908,KILLED,20,65,61,60,63,97,62,64,68
909,KILLED,97
910,NO_COVERAGE
911,SURVIVED
912,SURVIVED
913,SURVIVED
914,SURVIVED
915,SURVIVED
916,SURVIVED
917,SURVIVED
918,SURVIVED
919,KILLED,42
920,KILLED,42
921,KILLED,42
922,SURVIVED
923,KILLED,42
924,KILLED,42
925,KILLED,42
926,KILLED,44,42,43
927,KILLED,42,43
928,KILLED,42
929,KILLED,43
930,KILLED,42
931,KILLED,42
932,KILLED,42
933,KILLED,42
934,KILLED,42
935,KILLED,42
936,KILLED,42
937,KILLED,42
938,KILLED,42
939,KILLED,42
940,KILLED,42
941,KILLED,42
942,KILLED,42
943,KILLED,42
944,KILLED,42
945,KILLED,44
946,KILLED,43
947,KILLED,42
948,KILLED,42,43
949,KILLED,42
950,KILLED,42
951,KILLED,44
952,KILLED,43
953,KILLED,42
954,KILLED,53,54,56,57,30,29,75,65,61,60,63,72,97,31,79,62,28,80,64,68,52
955,KILLED,53,54,56,57,30,29,75,65,61,60,63,72,97,31,62,28,64,68,52
956,KILLED,53,54,56,57,30,29,75,65,61,60,63,72,97,31,79,62,28,80,64,68,52
957,KILLED,53,54,56,57,30,29,75,65,61,60,63,72,97,31,79,62,28,80,64,68,52
958,KILLED,53,54,56,57,30,29,75,65,61,60,63,72,97,31,79,62,28,80,64,68,52
959,KILLED,58,54,1,2,35,37,3,34,76,70,36
960,NO_COVERAGE
961,NO_COVERAGE
962,KILLED,58,54,1,2,35,37,3,34,76,70,36
963,NO_COVERAGE
964,NO_COVERAGE
965,NO_COVERAGE
966,KILLED,58,54,1,2,35,37,3,34,76,70,36
967,KILLED,59
968,KILLED,53,54,56,57,30,29,75,65,61,60,63,72,97,31,62,28,64,68,52
969,KILLED,53,54,56,57,30,29,75,65,61,60,63,72,97,31,62,28,64,68,52
970,NO_COVERAGE
971,NO_COVERAGE
972,KILLED,53,54,56,57,29,75,65,61,60,63,72,97,62,28,64,68,52
973,KILLED,53,54,56,57,30,29,75,65,61,60,63,72,97,31,79,62,28,80,64,68,52
974,NO_COVERAGE
975,NO_COVERAGE
976,NO_COVERAGE
977,KILLED,53,54,56,57,30,29,75,65,61,60,63,72,97,31,79,62,28,80,64,68,52
978,KILLED,53,54,56,57,30,29,75,65,61,60,63,72,97,31,79,62,28,80,64,68,52
979,KILLED,53,54,56,57,29,75,65,61,60,63,72,97,62,28,64,68,52
980,KILLED,53,54,56,57,30,29,75,65,61,60,63,72,97,31,79,62,28,80,64,68,52
981,KILLED,53,54,56,57,30,29,75,65,61,60,63,72,97,31,79,62,28,80,64,68,52
982,KILLED,53,54,56,57,29,75,65,61,60,63,72,97,79,62,28,80,64,68,52
983,KILLED,53,54,56,57,30,29,75,65,61,60,63,72,97,31,79,62,28,80,64,68,52
984,KILLED,53,54,56,57,29,75,65,61,60,63,72,97,62,28,64,68,52
985,KILLED,53,54,56,57,30,29,75,65,61,60,63,72,97,31,79,62,28,80,64,68,52
986,KILLED,53,54,56,57,30,29,75,65,61,60,63,72,97,31,79,62,28,80,64,68,52
987,KILLED,55
988,NO_COVERAGE
989,NO_COVERAGE
990,NO_COVERAGE
991,NO_COVERAGE
992,NO_COVERAGE
993,NO_COVERAGE
994,NO_COVERAGE
995,NO_COVERAGE
996,NO_COVERAGE
997,NO_COVERAGE
998,NO_COVERAGE
999,NO_COVERAGE
1000,NO_COVERAGE
1001,NO_COVERAGE
1002,NO_COVERAGE
1003,NO_COVERAGE
1004,NO_COVERAGE
1005,NO_COVERAGE
1006,NO_COVERAGE
1007,NO_COVERAGE
1008,NO_COVERAGE
1009,NO_COVERAGE
1010,NO_COVERAGE
1011,NO_COVERAGE
1012,NO_COVERAGE
1013,NO_COVERAGE
1014,NO_COVERAGE
1015,NO_COVERAGE
1016,NO_COVERAGE
1017,NO_COVERAGE
1018,NO_COVERAGE
1019,NO_COVERAGE
1020,NO_COVERAGE
1021,NO_COVERAGE
1022,NO_COVERAGE
1023,NO_COVERAGE
1024,NO_COVERAGE
1025,NO_COVERAGE
1026,NO_COVERAGE
1027,NO_COVERAGE
1028,NO_COVERAGE
1029,NO_COVERAGE
1030,NO_COVERAGE
1031,NO_COVERAGE
1032,NO_COVERAGE
1033,NO_COVERAGE
1034,NO_COVERAGE
1035,NO_COVERAGE
1036,NO_COVERAGE
1037,NO_COVERAGE
1038,NO_COVERAGE
1039,NO_COVERAGE
1040,NO_COVERAGE
1041,NO_COVERAGE
1042,NO_COVERAGE
1043,NO_COVERAGE
1044,NO_COVERAGE
1045,NO_COVERAGE
1046,NO_COVERAGE
1047,NO_COVERAGE
1048,NO_COVERAGE
1049,NO_COVERAGE
1050,NO_COVERAGE
1051,NO_COVERAGE
1052,NO_COVERAGE
1053,NO_COVERAGE
1054,NO_COVERAGE
1055,NO_COVERAGE
1056,NO_COVERAGE
1057,NO_COVERAGE
1058,NO_COVERAGE
1059,NO_COVERAGE
1060,NO_COVERAGE
1061,NO_COVERAGE
1062,NO_COVERAGE
1063,NO_COVERAGE
1064,NO_COVERAGE
1065,NO_COVERAGE
1066,NO_COVERAGE
1067,NO_COVERAGE
1068,NO_COVERAGE
1069,NO_COVERAGE
1070,NO_COVERAGE
1071,NO_COVERAGE
1072,NO_COVERAGE
1073,NO_COVERAGE
1074,NO_COVERAGE
1075,NO_COVERAGE
1076,NO_COVERAGE
1077,NO_COVERAGE
1078,NO_COVERAGE
1079,NO_COVERAGE
1080,NO_COVERAGE
1081,NO_COVERAGE
1082,NO_COVERAGE
1083,NO_COVERAGE
1084,NO_COVERAGE
1085,NO_COVERAGE
1086,NO_COVERAGE
1087,NO_COVERAGE
1088,NO_COVERAGE
1089,NO_COVERAGE
1090,NO_COVERAGE
1091,NO_COVERAGE
1092,NO_COVERAGE
1093,NO_COVERAGE
1094,NO_COVERAGE
1095,NO_COVERAGE
1096,NO_COVERAGE
1097,NO_COVERAGE
1098,NO_COVERAGE
1099,NO_COVERAGE
1100,NO_COVERAGE
1101,NO_COVERAGE
1102,NO_COVERAGE
1103,NO_COVERAGE
1104,NO_COVERAGE
1105,NO_COVERAGE
1106,NO_COVERAGE
1107,NO_COVERAGE
1108,NO_COVERAGE
1109,NO_COVERAGE
1110,NO_COVERAGE
1111,NO_COVERAGE
1112,NO_COVERAGE
1113,NO_COVERAGE
1114,NO_COVERAGE
1115,NO_COVERAGE
1116,NO_COVERAGE
1117,NO_COVERAGE
1118,NO_COVERAGE
1119,NO_COVERAGE
1120,NO_COVERAGE
1121,NO_COVERAGE
1122,NO_COVERAGE
1123,NO_COVERAGE
1124,NO_COVERAGE
1125,NO_COVERAGE
1126,NO_COVERAGE
1127,NO_COVERAGE
1128,NO_COVERAGE
1129,NO_COVERAGE
1130,NO_COVERAGE
1131,NO_COVERAGE
1132,NO_COVERAGE
1133,NO_COVERAGE
1134,NO_COVERAGE
1135,NO_COVERAGE
1136,NO_COVERAGE
1137,NO_COVERAGE
1138,NO_COVERAGE
1139,NO_COVERAGE
1140,NO_COVERAGE
1141,NO_COVERAGE
1142,NO_COVERAGE
1143,NO_COVERAGE
1144,NO_COVERAGE
1145,NO_COVERAGE
1146,NO_COVERAGE
1147,NO_COVERAGE
1148,NO_COVERAGE
1149,NO_COVERAGE
1150,NO_COVERAGE
1151,NO_COVERAGE
1152,NO_COVERAGE
1153,NO_COVERAGE
1154,NO_COVERAGE
1155,NO_COVERAGE
1156,NO_COVERAGE
1157,NO_COVERAGE
1158,NO_COVERAGE
1159,NO_COVERAGE
1160,NO_COVERAGE
1161,NO_COVERAGE
1162,NO_COVERAGE
1163,NO_COVERAGE
1164,NO_COVERAGE
1165,NO_COVERAGE
1166,NO_COVERAGE
1167,NO_COVERAGE
1168,NO_COVERAGE
1169,NO_COVERAGE
1170,NO_COVERAGE
1171,NO_COVERAGE
1172,NO_COVERAGE
1173,NO_COVERAGE
1174,NO_COVERAGE
1175,NO_COVERAGE
1176,NO_COVERAGE
1177,NO_COVERAGE
1178,NO_COVERAGE
1179,NO_COVERAGE
1180,NO_COVERAGE
1181,NO_COVERAGE
1182,NO_COVERAGE
1183,NO_COVERAGE
1184,NO_COVERAGE
1185,NO_COVERAGE
1186,NO_COVERAGE
1187,NO_COVERAGE
1188,NO_COVERAGE
1189,NO_COVERAGE
1190,NO_COVERAGE
1191,NO_COVERAGE
1192,NO_COVERAGE
1193,NO_COVERAGE
1194,NO_COVERAGE
1195,NO_COVERAGE
1196,NO_COVERAGE
1197,NO_COVERAGE
1198,NO_COVERAGE
1199,NO_COVERAGE
1200,NO_COVERAGE
1201,NO_COVERAGE
1202,NO_COVERAGE
1203,NO_COVERAGE
1204,NO_COVERAGE
1205,NO_COVERAGE
1206,NO_COVERAGE
1207,NO_COVERAGE
1208,NO_COVERAGE
1209,NO_COVERAGE
1210,NO_COVERAGE
1211,NO_COVERAGE
1212,KILLED,52
1213,KILLED,52
1214,KILLED,52
1215,KILLED,52
1216,KILLED,52
1217,KILLED,52
1218,KILLED,52
1219,KILLED,52
1220,KILLED,52
1221,KILLED,52
1222,KILLED,52
1223,KILLED,52
1224,KILLED,52
1225,KILLED,52
1226,KILLED,52
1227,KILLED,52
1228,KILLED,52
1229,KILLED,50,48,47,49
1230,KILLED,52
1231,KILLED,52
1232,KILLED,52
1233,KILLED,52
1234,KILLED,52
1235,KILLED,52
1236,KILLED,52
1237,KILLED,52
1238,KILLED,52
1239,KILLED,48
1240,KILLED,50
1241,KILLED,51
1242,NO_COVERAGE
1243,NO_COVERAGE
1244,NO_COVERAGE
1245,NO_COVERAGE
1246,NO_COVERAGE
1247,NO_COVERAGE
1248,NO_COVERAGE
1249,NO_COVERAGE
1250,NO_COVERAGE
1251,NO_COVERAGE
1252,NO_COVERAGE
1253,NO_COVERAGE
1254,NO_COVERAGE
1255,NO_COVERAGE
1256,NO_COVERAGE
1257,NO_COVERAGE
1258,NO_COVERAGE
1259,NO_COVERAGE
1260,NO_COVERAGE
1261,NO_COVERAGE
1262,NO_COVERAGE
1263,NO_COVERAGE
1264,NO_COVERAGE
1265,NO_COVERAGE
1266,NO_COVERAGE
1267,NO_COVERAGE
1268,NO_COVERAGE
1269,NO_COVERAGE
1270,NO_COVERAGE
1271,NO_COVERAGE
1272,KILLED,35,37,34,36
1273,KILLED,35,37,34,39,36
1274,KILLED,35,37,34,36
1275,KILLED,35,37,34,36
1276,KILLED,35,37,34,39,36
1277,KILLED,35,37,34,36
1278,KILLED,41,40
1279,SURVIVED
1280,KILLED,35,37,34,36
1281,KILLED,38,39
1282,KILLED,38,39
1283,SURVIVED
1284,KILLED,35,37,34,36
1285,KILLED,35,37,38,34,36
1286,KILLED,35,37,34,36
1287,KILLED,35,37,38,34,39,36
1288,KILLED,35,37,34,36
1289,KILLED,35,37,34,36
1290,KILLED,35,37,34,39,36
1291,KILLED,35,37,34,36
1292,KILLED,38,39
1293,KILLED,38,39
1294,KILLED,38,39
1295,SURVIVED
1296,KILLED,35,37,34,36
1297,KILLED,38,39
1298,KILLED,35,37,34,36
1299,SURVIVED
1300,KILLED,35,37,34,36
1301,KILLED,26,23,22,24
1302,KILLED,26,23,22,24
1303,KILLED,23,22
1304,KILLED,22,24
1305,KILLED,26
1306,SURVIVED
1307,KILLED,26,23,22,24
1308,KILLED,26,23,22,24
1309,KILLED,23,22
1310,KILLED,26
1311,KILLED,22,24
1312,NO_COVERAGE
1313,NO_COVERAGE
1314,NO_COVERAGE
1315,NO_COVERAGE
1316,NO_COVERAGE
1317,NO_COVERAGE
1318,NO_COVERAGE
1319,NO_COVERAGE
1320,NO_COVERAGE
1321,NO_COVERAGE
1322,NO_COVERAGE
1323,NO_COVERAGE
1324,NO_COVERAGE
1325,NO_COVERAGE
1326,NO_COVERAGE
1327,NO_COVERAGE
1328,NO_COVERAGE
1329,NO_COVERAGE
1330,NO_COVERAGE
1331,NO_COVERAGE
1332,NO_COVERAGE
1333,NO_COVERAGE
1334,NO_COVERAGE
1335,NO_COVERAGE
1336,NO_COVERAGE
1337,NO_COVERAGE
1338,NO_COVERAGE
1339,NO_COVERAGE
1340,NO_COVERAGE
1341,NO_COVERAGE
1342,NO_COVERAGE
1343,NO_COVERAGE
1344,NO_COVERAGE
1345,NO_COVERAGE
1346,NO_COVERAGE
1347,NO_COVERAGE
1348,NO_COVERAGE
1349,NO_COVERAGE
1350,NO_COVERAGE
1351,NO_COVERAGE
1352,TIMED_OUT
1353,SURVIVED
1354,SURVIVED
1355,KILLED,94,84,85,82
1356,KILLED,94,84,85,82
1357,NO_COVERAGE
1358,SURVIVED
1359,KILLED,94,84,85,82
1360,KILLED,94,84,85,82
1361,KILLED,94,84,85,82
1362,SURVIVED
1363,TIMED_OUT
1364,KILLED,94,84,85,82
1365,KILLED,94,84,85,82
1366,KILLED,94,84,85,82
1367,TIMED_OUT
1368,KILLED,94,84,85,82
1369,SURVIVED
1370,KILLED,94,84,85,82
1371,KILLED,93
1372,SURVIVED
1373,NO_COVERAGE
1374,NO_COVERAGE
1375,NO_COVERAGE
1376,NO_COVERAGE
1377,NO_COVERAGE
1378,NO_COVERAGE
1379,NO_COVERAGE
1380,NO_COVERAGE
1381,NO_COVERAGE
1382,NO_COVERAGE
1383,NO_COVERAGE
1384,NO_COVERAGE
1385,NO_COVERAGE
1386,NO_COVERAGE
1387,NO_COVERAGE
1388,NO_COVERAGE
1389,NO_COVERAGE
1390,NO_COVERAGE
1391,NO_COVERAGE
1392,NO_COVERAGE
1393,SURVIVED
1394,KILLED,1,2,3
1395,KILLED,4
1396,KILLED,4
1397,KILLED,1,2,3
1398,KILLED,1,2,4,3
1399,KILLED,1,2,4,3
1400,KILLED,1,2,4,3
1401,KILLED,1,2,3
1402,KILLED,1,2,3
1403,KILLED,1,2,3
1404,KILLED,4
1405,KILLED,4
1406,KILLED,4
1407,SURVIVED
1408,KILLED,1,2,3
1409,KILLED,4
1410,KILLED,1,2,3
1411,KILLED,5,6
1412,SURVIVED
1413,SURVIVED
1414,KILLED,96
1415,KILLED,96
1416,KILLED,96
1417,KILLED,96
1418,KILLED,96
1419,KILLED,96
1420,KILLED,96
1421,KILLED,95
1422,KILLED,95
1423,KILLED,95
1424,KILLED,96,95
1425,KILLED,96,95
1426,KILLED,96,95
1427,KILLED,96,95
1428,KILLED,96,95
1429,KILLED,96,95
1430,KILLED,96,95
1431,KILLED,86
1432,KILLED,86
1433,KILLED,86
1434,NO_COVERAGE
1435,NO_COVERAGE
1436,KILLED,86
1437,KILLED,86
1438,KILLED,86
1439,KILLED,86
1440,KILLED,86
1441,NO_COVERAGE
1442,NO_COVERAGE
1443,NO_COVERAGE
1444,KILLED,86
1445,SURVIVED
1446,KILLED,86
1447,KILLED,88,87
1448,NO_COVERAGE
1449,NO_COVERAGE
1450,NO_COVERAGE
1451,NO_COVERAGE
1452,NO_COVERAGE
1453,NO_COVERAGE
1454,NO_COVERAGE
1455,NO_COVERAGE
1456,NO_COVERAGE
1457,NO_COVERAGE
1458,NO_COVERAGE
1459,NO_COVERAGE
1460,NO_COVERAGE
1461,NO_COVERAGE
1462,NO_COVERAGE
1463,NO_COVERAGE
1464,SURVIVED
1465,NO_COVERAGE
1466,SURVIVED
1467,SURVIVED
1468,SURVIVED
1469,SURVIVED
1470,SURVIVED
1471,NO_COVERAGE
1472,SURVIVED
1473,KILLED,52
1474,SURVIVED
1475,SURVIVED
1476,KILLED,46,52
1477,NO_COVERAGE
1478,NO_COVERAGE
1479,NO_COVERAGE
1480,NO_COVERAGE
1481,NO_COVERAGE
1482,NO_COVERAGE
1483,NO_COVERAGE
1484,NO_COVERAGE
1485,NO_COVERAGE
1486,NO_COVERAGE
1487,NO_COVERAGE
1488,NO_COVERAGE
1489,NO_COVERAGE
1490,NO_COVERAGE
1491,NO_COVERAGE
1492,NO_COVERAGE
1493,NO_COVERAGE
1494,NO_COVERAGE
1495,NO_COVERAGE
1496,NO_COVERAGE
1497,NO_COVERAGE
1498,NO_COVERAGE
1499,NO_COVERAGE
1500,NO_COVERAGE
1501,NO_COVERAGE
1502,NO_COVERAGE
1503,NO_COVERAGE
1504,NO_COVERAGE
1505,NO_COVERAGE
1506,NO_COVERAGE
1507,NO_COVERAGE
1508,NO_COVERAGE
1509,NO_COVERAGE
1510,NO_COVERAGE
1511,NO_COVERAGE
1512,NO_COVERAGE
1513,NO_COVERAGE
1514,NO_COVERAGE
1515,NO_COVERAGE
1516,NO_COVERAGE
1517,NO_COVERAGE
1518,NO_COVERAGE
1519,NO_COVERAGE
1520,NO_COVERAGE
1521,NO_COVERAGE
1522,NO_COVERAGE
1523,NO_COVERAGE
1524,NO_COVERAGE
1525,NO_COVERAGE
1526,NO_COVERAGE
1527,NO_COVERAGE
1528,NO_COVERAGE
1529,NO_COVERAGE
1530,NO_COVERAGE
1531,NO_COVERAGE
1532,NO_COVERAGE
1533,NO_COVERAGE
1534,NO_COVERAGE
1535,NO_COVERAGE
1536,NO_COVERAGE
1537,KILLED,46
1538,KILLED,46
1539,KILLED,46
1540,KILLED,46
1541,KILLED,46
1542,NO_COVERAGE
1543,KILLED,46
1544,KILLED,46
1545,KILLED,46
1546,KILLED,46
1547,KILLED,46
1548,KILLED,46
1549,KILLED,45
1550,KILLED,46,52
1551,KILLED,46,52
1552,NO_COVERAGE
1553,KILLED,46,52
1554,KILLED,46,52
1555,NO_COVERAGE
1556,SURVIVED
1557,NO_COVERAGE
1558,SURVIVED
1559,SURVIVED
1560,NO_COVERAGE
1561,NO_COVERAGE
1562,NO_COVERAGE
1563,NO_COVERAGE
1564,NO_COVERAGE
1565,NO_COVERAGE
1566,NO_COVERAGE
1567,NO_COVERAGE
1568,NO_COVERAGE
1569,NO_COVERAGE
1570,NO_COVERAGE
1571,NO_COVERAGE
1572,NO_COVERAGE
1573,NO_COVERAGE
1574,NO_COVERAGE
1575,NO_COVERAGE
1576,NO_COVERAGE
1577,NO_COVERAGE
1578,NO_COVERAGE
1579,NO_COVERAGE
1580,NO_COVERAGE
1581,NO_COVERAGE
1582,NO_COVERAGE
1583,NO_COVERAGE
1584,NO_COVERAGE
1585,NO_COVERAGE
1586,NO_COVERAGE
1587,NO_COVERAGE
1588,NO_COVERAGE
1589,NO_COVERAGE
1590,NO_COVERAGE
1591,NO_COVERAGE
1592,NO_COVERAGE
1593,NO_COVERAGE
1594,NO_COVERAGE
1595,NO_COVERAGE
1596,NO_COVERAGE
1597,NO_COVERAGE
1598,NO_COVERAGE
1599,NO_COVERAGE
1600,NO_COVERAGE
1601,NO_COVERAGE
1602,NO_COVERAGE
1603,NO_COVERAGE
1604,NO_COVERAGE
1605,NO_COVERAGE
1606,NO_COVERAGE
1607,NO_COVERAGE
1608,NO_COVERAGE
1609,NO_COVERAGE
1610,NO_COVERAGE
1611,NO_COVERAGE
1612,NO_COVERAGE
1613,NO_COVERAGE
1614,NO_COVERAGE
1615,NO_COVERAGE
1616,NO_COVERAGE
1617,NO_COVERAGE
1618,NO_COVERAGE
1619,NO_COVERAGE
1620,NO_COVERAGE
1621,NO_COVERAGE
1622,NO_COVERAGE
1623,NO_COVERAGE
1624,NO_COVERAGE
1625,NO_COVERAGE
1626,NO_COVERAGE
1627,NO_COVERAGE
1628,NO_COVERAGE
1629,NO_COVERAGE
1630,NO_COVERAGE
1631,NO_COVERAGE
1632,NO_COVERAGE
1633,NO_COVERAGE
1634,NO_COVERAGE
1635,NO_COVERAGE
1636,NO_COVERAGE
1637,NO_COVERAGE
1638,NO_COVERAGE
1639,NO_COVERAGE
1640,NO_COVERAGE
1641,NO_COVERAGE
1642,NO_COVERAGE
1643,NO_COVERAGE
1644,NO_COVERAGE
1645,NO_COVERAGE
1646,NO_COVERAGE
1647,NO_COVERAGE
1648,NO_COVERAGE
1649,NO_COVERAGE
1650,NO_COVERAGE
1651,NO_COVERAGE
1652,NO_COVERAGE
1653,NO_COVERAGE
1654,NO_COVERAGE
1655,NO_COVERAGE
1656,NO_COVERAGE
1657,NO_COVERAGE
1658,NO_COVERAGE
1659,NO_COVERAGE
1660,NO_COVERAGE
1661,NO_COVERAGE
1662,NO_COVERAGE
1663,NO_COVERAGE
1664,NO_COVERAGE
1665,NO_COVERAGE
1666,NO_COVERAGE
1667,NO_COVERAGE
1668,NO_COVERAGE
1669,NO_COVERAGE
1670,NO_COVERAGE
1671,NO_COVERAGE
1672,NO_COVERAGE
1673,NO_COVERAGE
1674,NO_COVERAGE
1675,NO_COVERAGE
1676,NO_COVERAGE
1677,NO_COVERAGE
1678,NO_COVERAGE
1679,NO_COVERAGE
1680,NO_COVERAGE
1681,NO_COVERAGE
1682,NO_COVERAGE
1683,NO_COVERAGE
1684,NO_COVERAGE
1685,NO_COVERAGE
1686,NO_COVERAGE
1687,NO_COVERAGE
1688,NO_COVERAGE
1689,NO_COVERAGE
1690,NO_COVERAGE
1691,NO_COVERAGE
1692,NO_COVERAGE
1693,NO_COVERAGE
1694,NO_COVERAGE
1695,NO_COVERAGE
1696,NO_COVERAGE
1697,NO_COVERAGE
1698,NO_COVERAGE
1699,NO_COVERAGE
1700,NO_COVERAGE
1701,NO_COVERAGE
1702,NO_COVERAGE
1703,NO_COVERAGE
1704,NO_COVERAGE
1705,NO_COVERAGE
1706,NO_COVERAGE
1707,NO_COVERAGE
1708,NO_COVERAGE
1709,NO_COVERAGE
1710,NO_COVERAGE
1711,NO_COVERAGE
1712,NO_COVERAGE
1713,NO_COVERAGE
1714,NO_COVERAGE
1715,NO_COVERAGE
1716,NO_COVERAGE
1717,NO_COVERAGE
1718,NO_COVERAGE
1719,NO_COVERAGE
1720,NO_COVERAGE
1721,NO_COVERAGE
1722,NO_COVERAGE
1723,NO_COVERAGE
1724,NO_COVERAGE
1725,SURVIVED
1726,SURVIVED
1727,NO_COVERAGE
1728,NO_COVERAGE
1729,NO_COVERAGE
1730,NO_COVERAGE
1731,NO_COVERAGE
1732,NO_COVERAGE
1733,NO_COVERAGE
1734,NO_COVERAGE
1735,NO_COVERAGE
1736,NO_COVERAGE
1737,NO_COVERAGE
1738,NO_COVERAGE
1739,NO_COVERAGE
1740,NO_COVERAGE
1741,NO_COVERAGE
1742,NO_COVERAGE
1743,NO_COVERAGE
1744,NO_COVERAGE
1745,NO_COVERAGE
1746,NO_COVERAGE
1747,NO_COVERAGE
1748,NO_COVERAGE
1749,NO_COVERAGE
1750,NO_COVERAGE
1751,NO_COVERAGE
1752,NO_COVERAGE
1753,NO_COVERAGE
1754,NO_COVERAGE
1755,NO_COVERAGE
1756,NO_COVERAGE
1757,NO_COVERAGE
1758,NO_COVERAGE
1759,NO_COVERAGE
1760,NO_COVERAGE
1761,NO_COVERAGE
1762,NO_COVERAGE
1763,NO_COVERAGE
1764,NO_COVERAGE
1765,NO_COVERAGE
1766,NO_COVERAGE
1767,NO_COVERAGE
1768,NO_COVERAGE
1769,NO_COVERAGE
1770,NO_COVERAGE
1771,NO_COVERAGE
1772,NO_COVERAGE
1773,NO_COVERAGE
1774,NO_COVERAGE
1775,NO_COVERAGE
1776,NO_COVERAGE
1777,NO_COVERAGE
1778,NO_COVERAGE
1779,NO_COVERAGE
1780,NO_COVERAGE
1781,NO_COVERAGE
1782,NO_COVERAGE
1783,NO_COVERAGE
1784,NO_COVERAGE
1785,NO_COVERAGE
1786,NO_COVERAGE
1787,NO_COVERAGE
1788,NO_COVERAGE
1789,NO_COVERAGE
1790,NO_COVERAGE
1791,NO_COVERAGE
1792,NO_COVERAGE
1793,NO_COVERAGE
1794,NO_COVERAGE
1795,NO_COVERAGE
1796,NO_COVERAGE
1797,NO_COVERAGE
1798,NO_COVERAGE
1799,NO_COVERAGE
1800,NO_COVERAGE
1801,NO_COVERAGE
1802,NO_COVERAGE
1803,NO_COVERAGE
1804,NO_COVERAGE
1805,NO_COVERAGE
1806,NO_COVERAGE
1807,NO_COVERAGE
1808,NO_COVERAGE
1809,NO_COVERAGE
1810,NO_COVERAGE
1811,NO_COVERAGE
1812,NO_COVERAGE
1813,NO_COVERAGE
1814,NO_COVERAGE
1815,NO_COVERAGE
1816,NO_COVERAGE
1817,NO_COVERAGE
1818,NO_COVERAGE
1819,NO_COVERAGE
1820,NO_COVERAGE
1821,NO_COVERAGE
1822,NO_COVERAGE
1823,NO_COVERAGE
1824,NO_COVERAGE
1825,NO_COVERAGE
1826,NO_COVERAGE
1827,NO_COVERAGE
1828,NO_COVERAGE
1829,NO_COVERAGE
1830,NO_COVERAGE
1831,NO_COVERAGE
1832,NO_COVERAGE
1833,NO_COVERAGE
1834,NO_COVERAGE
1835,NO_COVERAGE
1836,NO_COVERAGE
1837,NO_COVERAGE
1838,NO_COVERAGE
1839,NO_COVERAGE
1840,NO_COVERAGE
1841,NO_COVERAGE
1842,NO_COVERAGE
1843,NO_COVERAGE
1844,NO_COVERAGE
1845,NO_COVERAGE
1846,SURVIVED
1847,KILLED,50,48,47,49
1848,KILLED,50,48,47,49
1849,SURVIVED
1850,SURVIVED
1851,KILLED,99,67
1852,KILLED,99,67
1853,SURVIVED
1854,NO_COVERAGE
1855,NO_COVERAGE
1856,NO_COVERAGE
1857,NO_COVERAGE
1858,NO_COVERAGE
1859,NO_COVERAGE
1860,NO_COVERAGE
1861,NO_COVERAGE
1862,NO_COVERAGE
1863,NO_COVERAGE
1864,NO_COVERAGE
1865,NO_COVERAGE
1866,NO_COVERAGE
1867,NO_COVERAGE
