1,KILLED,1,2
2,KILLED,1,2
3,KILLED,1,2
4,KILLED,1,2
5,KILLED,1,2
6,KILLED,1,2
7,KILLED,1,2
8,KILLED,1,2
9,KILLED,1,2
10,KILLED,1,2
11,KILLED,1,2
12,KILLED,1,2
13,TIMED_OUT
14,SURVIVED
15,KILLED,1,2
16,KILLED,1,2
17,SURVIVED
18,NO_COVERAGE
19,SURVIVED
20,NO_COVERAGE
21,SURVIVED
22,SURVIVED
23,SURVIVED
24,SURVIVED
25,NO_COVERAGE
26,KILLED,1,2
27,KILLED,1,2
28,KILLED,1,2
29,SURVIVED
30,KILLED,1,2
31,SURVIVED
32,SURVIVED
33,SURVIVED
34,KILLED,1,2
35,KILLED,1,2
36,KILLED,1,2
37,KILLED,1,2
38,KILLED,1,2
39,SURVIVED
40,SURVIVED
41,SURVIVED
42,SURVIVED
43,SURVIVED
44,KILLED,1,2
45,KILLED,1,2
46,SURVIVED
47,SURVIVED
48,SURVIVED
49,SURVIVED
50,SURVIVED
51,KILLED,1,2
52,KILLED,1,2
53,NO_COVERAGE
54,NO_COVERAGE
55,NO_COVERAGE
56,KILLED,1,2
57,TIMED_OUT
58,KILLED,1,2
59,KILLED,1,2
60,SURVIVED
61,KILLED,1,2
62,KILLED,1,2
63,SURVIVED
64,SURVIVED
65,SURVIVED
66,KILLED,1
67,SURVIVED
68,SURVIVED
69,SURVIVED
70,NO_COVERAGE
71,NO_COVERAGE
72,SURVIVED
73,SURVIVED
74,KILLED,1
75,SURVIVED
76,SURVIVED
77,KILLED,1,2
78,KILLED,1,2
79,SURVIVED
80,SURVIVED
81,KILLED,1,2
82,KILLED,1,2
83,KILLED,1,2
84,SURVIVED
85,KILLED,1
86,SURVIVED
87,KILLED,1
88,KILLED,1
89,SURVIVED
90,NO_COVERAGE
91,SURVIVED
92,KILLED,1,2
93,KILLED,1,2
94,KILLED,1
95,NO_COVERAGE
96,KILLED,1,2
97,KILLED,1,2
98,KILLED,1,2
99,KILLED,1,2
100,KILLED,1,2
101,KILLED,1,2
102,SURVIVED
103,SURVIVED
104,KILLED,1,2
105,NO_COVERAGE
106,NO_COVERAGE
107,SURVIVED
108,SURVIVED
109,KILLED,1
110,KILLED,1,2
111,KILLED,1,2
112,KILLED,1,2
113,KILLED,1,2
114,SURVIVED
115,KILLED,1,2
116,KILLED,1,2
117,KILLED,1,2
118,SURVIVED
119,KILLED,1,2
120,KILLED,1,2
121,KILLED,1
122,KILLED,1,2
123,NO_COVERAGE
124,KILLED,1
125,KILLED,1,2
126,KILLED,1,2
127,SURVIVED
128,SURVIVED
129,KILLED,1,2
130,SURVIVED
131,KILLED,1,2
132,KILLED,1
133,KILLED,1
134,SURVIVED
135,SURVIVED
136,SURVIVED
137,NO_COVERAGE
138,NO_COVERAGE
139,SURVIVED
140,SURVIVED
141,KILLED,1
142,KILLED,1,2
143,KILLED,1,2
144,KILLED,1,2
145,KILLED,1,2
146,KILLED,1,2
147,KILLED,1,2
148,SURVIVED
149,SURVIVED
150,KILLED,1,2
151,NO_COVERAGE
152,NO_COVERAGE
153,SURVIVED
154,SURVIVED
155,KILLED,1
156,SURVIVED
157,SURVIVED
158,KILLED,1,2
159,SURVIVED
160,KILLED,1,2
161,KILLED,1
162,NO_COVERAGE
163,KILLED,1
164,KILLED,1,2
165,NO_COVERAGE
166,NO_COVERAGE
167,NO_COVERAGE
168,NO_COVERAGE
169,NO_COVERAGE
170,NO_COVERAGE
171,NO_COVERAGE
172,NO_COVERAGE
173,NO_COVERAGE
174,NO_COVERAGE
175,NO_COVERAGE
176,NO_COVERAGE
177,NO_COVERAGE
178,NO_COVERAGE
179,NO_COVERAGE
180,NO_COVERAGE
181,NO_COVERAGE
182,NO_COVERAGE
183,NO_COVERAGE
184,NO_COVERAGE
185,NO_COVERAGE
186,SURVIVED
187,SURVIVED
188,NO_COVERAGE
189,NO_COVERAGE
190,NO_COVERAGE
191,NO_COVERAGE
192,NO_COVERAGE
193,NO_COVERAGE
194,NO_COVERAGE
195,NO_COVERAGE
196,NO_COVERAGE
197,NO_COVERAGE
198,NO_COVERAGE
199,NO_COVERAGE
200,NO_COVERAGE
201,NO_COVERAGE
202,NO_COVERAGE
203,NO_COVERAGE
204,NO_COVERAGE
205,NO_COVERAGE
206,NO_COVERAGE
207,NO_COVERAGE
208,NO_COVERAGE
209,NO_COVERAGE
210,NO_COVERAGE
211,NO_COVERAGE
212,NO_COVERAGE
213,NO_COVERAGE
214,KILLED,1
215,KILLED,1,2
216,KILLED,1,2
217,KILLED,1
218,KILLED,1
219,SURVIVED
220,SURVIVED
221,KILLED,1
222,SURVIVED
223,KILLED,1
224,NO_COVERAGE
225,NO_COVERAGE
226,NO_COVERAGE
227,NO_COVERAGE
228,NO_COVERAGE
229,NO_COVERAGE
230,NO_COVERAGE
231,NO_COVERAGE
232,NO_COVERAGE
233,KILLED,1,2
234,SURVIVED
235,SURVIVED
236,SURVIVED
237,NO_COVERAGE
238,NO_COVERAGE
239,NO_COVERAGE
240,NO_COVERAGE
241,NO_COVERAGE
242,NO_COVERAGE
243,NO_COVERAGE
244,NO_COVERAGE
245,NO_COVERAGE
246,NO_COVERAGE
247,NO_COVERAGE
248,NO_COVERAGE
249,NO_COVERAGE
250,NO_COVERAGE
251,NO_COVERAGE
252,NO_COVERAGE
253,NO_COVERAGE
254,NO_COVERAGE
255,NO_COVERAGE
256,NO_COVERAGE
257,NO_COVERAGE
258,NO_COVERAGE
259,NO_COVERAGE
260,NO_COVERAGE
261,NO_COVERAGE
262,SURVIVED
263,SURVIVED
264,KILLED,1,2
265,SURVIVED
266,SURVIVED
267,SURVIVED
268,SURVIVED
269,KILLED,1
270,SURVIVED
271,KILLED,1
272,NO_COVERAGE
273,NO_COVERAGE
274,NO_COVERAGE
275,NO_COVERAGE
276,KILLED,1
277,KILLED,1,2
278,KILLED,1
279,KILLED,1
280,KILLED,1
281,SURVIVED
282,SURVIVED
283,SURVIVED
284,SURVIVED
285,SURVIVED
286,NO_COVERAGE
287,NO_COVERAGE
288,NO_COVERAGE
289,NO_COVERAGE
290,NO_COVERAGE
291,NO_COVERAGE
292,NO_COVERAGE
293,NO_COVERAGE
294,NO_COVERAGE
295,NO_COVERAGE
296,NO_COVERAGE
297,NO_COVERAGE
298,NO_COVERAGE
299,NO_COVERAGE
300,NO_COVERAGE
301,NO_COVERAGE
302,KILLED,1,2
303,NO_COVERAGE
304,NO_COVERAGE
305,NO_COVERAGE
306,KILLED,1
307,NO_COVERAGE
308,NO_COVERAGE
309,KILLED,1
310,KILLED,1
311,NO_COVERAGE
312,KILLED,1
313,SURVIVED
314,NO_COVERAGE
315,NO_COVERAGE
316,KILLED,1,2
317,NO_COVERAGE
318,NO_COVERAGE
319,KILLED,1,2
320,KILLED,1,2
321,KILLED,1,2
322,KILLED,1
323,KILLED,1,2
324,KILLED,1,2
325,KILLED,1,2
326,SURVIVED
327,SURVIVED
328,KILLED,1,2
329,KILLED,1,2
330,KILLED,1,2
331,NO_COVERAGE
332,NO_COVERAGE
333,NO_COVERAGE
334,NO_COVERAGE
335,NO_COVERAGE
336,NO_COVERAGE
337,NO_COVERAGE
338,NO_COVERAGE
339,NO_COVERAGE
340,NO_COVERAGE
341,NO_COVERAGE
342,NO_COVERAGE
343,NO_COVERAGE
344,NO_COVERAGE
345,NO_COVERAGE
346,NO_COVERAGE
347,NO_COVERAGE
348,NO_COVERAGE
349,NO_COVERAGE
350,NO_COVERAGE
351,NO_COVERAGE
352,NO_COVERAGE
353,NO_COVERAGE
354,NO_COVERAGE
355,NO_COVERAGE
356,NO_COVERAGE
357,NO_COVERAGE
358,NO_COVERAGE
359,NO_COVERAGE
360,NO_COVERAGE
361,NO_COVERAGE
362,NO_COVERAGE
363,NO_COVERAGE
364,NO_COVERAGE
365,NO_COVERAGE
366,NO_COVERAGE
367,NO_COVERAGE
368,NO_COVERAGE
369,NO_COVERAGE
370,NO_COVERAGE
371,NO_COVERAGE
372,NO_COVERAGE
373,NO_COVERAGE
374,NO_COVERAGE
375,NO_COVERAGE
376,NO_COVERAGE
377,NO_COVERAGE
378,NO_COVERAGE
379,NO_COVERAGE
380,NO_COVERAGE
381,NO_COVERAGE
382,NO_COVERAGE
383,NO_COVERAGE
384,NO_COVERAGE
385,NO_COVERAGE
386,NO_COVERAGE
387,NO_COVERAGE
388,NO_COVERAGE
389,NO_COVERAGE
390,NO_COVERAGE
391,NO_COVERAGE
392,NO_COVERAGE
393,NO_COVERAGE
394,NO_COVERAGE
395,NO_COVERAGE
396,NO_COVERAGE
397,NO_COVERAGE
398,NO_COVERAGE
399,NO_COVERAGE
400,NO_COVERAGE
401,NO_COVERAGE
402,NO_COVERAGE
403,NO_COVERAGE
404,NO_COVERAGE
405,NO_COVERAGE
406,NO_COVERAGE
407,NO_COVERAGE
408,NO_COVERAGE
409,NO_COVERAGE
410,NO_COVERAGE
411,NO_COVERAGE
412,NO_COVERAGE
413,NO_COVERAGE
414,NO_COVERAGE
415,NO_COVERAGE
416,NO_COVERAGE
417,NO_COVERAGE
418,NO_COVERAGE
419,NO_COVERAGE
420,NO_COVERAGE
421,NO_COVERAGE
422,NO_COVERAGE
423,NO_COVERAGE
424,NO_COVERAGE
425,NO_COVERAGE
426,NO_COVERAGE
427,NO_COVERAGE
428,NO_COVERAGE
429,NO_COVERAGE
430,NO_COVERAGE
431,NO_COVERAGE
432,NO_COVERAGE
433,NO_COVERAGE
434,NO_COVERAGE
435,NO_COVERAGE
436,NO_COVERAGE
437,NO_COVERAGE
438,NO_COVERAGE
439,NO_COVERAGE
440,NO_COVERAGE
441,NO_COVERAGE
442,NO_COVERAGE
443,NO_COVERAGE
444,NO_COVERAGE
445,NO_COVERAGE
446,NO_COVERAGE
447,NO_COVERAGE
448,NO_COVERAGE
449,NO_COVERAGE
450,NO_COVERAGE
451,NO_COVERAGE
452,NO_COVERAGE
453,NO_COVERAGE
454,NO_COVERAGE
455,NO_COVERAGE
456,NO_COVERAGE
457,NO_COVERAGE
458,NO_COVERAGE
459,NO_COVERAGE
460,NO_COVERAGE
461,NO_COVERAGE
462,NO_COVERAGE
463,NO_COVERAGE
464,NO_COVERAGE
465,NO_COVERAGE
466,NO_COVERAGE
467,NO_COVERAGE
468,NO_COVERAGE
469,NO_COVERAGE
470,NO_COVERAGE
471,NO_COVERAGE
472,NO_COVERAGE
473,NO_COVERAGE
474,NO_COVERAGE
475,NO_COVERAGE
476,NO_COVERAGE
477,NO_COVERAGE
478,NO_COVERAGE
479,NO_COVERAGE
480,NO_COVERAGE
481,NO_COVERAGE
482,NO_COVERAGE
483,NO_COVERAGE
484,NO_COVERAGE
485,NO_COVERAGE
486,NO_COVERAGE
487,NO_COVERAGE
488,NO_COVERAGE
489,NO_COVERAGE
490,NO_COVERAGE
491,NO_COVERAGE
492,NO_COVERAGE
493,NO_COVERAGE
494,NO_COVERAGE
495,NO_COVERAGE
496,NO_COVERAGE
497,NO_COVERAGE
498,NO_COVERAGE
499,NO_COVERAGE
500,NO_COVERAGE
501,NO_COVERAGE
502,NO_COVERAGE
503,NO_COVERAGE
504,NO_COVERAGE
505,NO_COVERAGE
506,NO_COVERAGE
507,NO_COVERAGE
508,NO_COVERAGE
509,NO_COVERAGE
510,NO_COVERAGE
511,NO_COVERAGE
512,NO_COVERAGE
513,NO_COVERAGE
514,NO_COVERAGE
515,NO_COVERAGE
516,NO_COVERAGE
517,NO_COVERAGE
518,NO_COVERAGE
519,NO_COVERAGE
520,NO_COVERAGE
521,NO_COVERAGE
522,NO_COVERAGE
523,NO_COVERAGE
524,NO_COVERAGE
525,NO_COVERAGE
526,NO_COVERAGE
527,NO_COVERAGE
528,NO_COVERAGE
529,NO_COVERAGE
530,NO_COVERAGE
531,NO_COVERAGE
532,NO_COVERAGE
533,NO_COVERAGE
534,NO_COVERAGE
535,NO_COVERAGE
536,NO_COVERAGE
537,NO_COVERAGE
538,NO_COVERAGE
539,NO_COVERAGE
540,NO_COVERAGE
541,NO_COVERAGE
542,NO_COVERAGE
543,NO_COVERAGE
544,NO_COVERAGE
545,NO_COVERAGE
546,NO_COVERAGE
547,NO_COVERAGE
548,NO_COVERAGE
549,NO_COVERAGE
550,NO_COVERAGE
551,NO_COVERAGE
552,NO_COVERAGE
553,NO_COVERAGE
554,NO_COVERAGE
555,NO_COVERAGE
556,NO_COVERAGE
557,NO_COVERAGE
558,NO_COVERAGE
559,NO_COVERAGE
560,NO_COVERAGE
561,NO_COVERAGE
562,NO_COVERAGE
563,NO_COVERAGE
564,NO_COVERAGE
565,NO_COVERAGE
566,NO_COVERAGE
567,NO_COVERAGE
568,NO_COVERAGE
569,NO_COVERAGE
570,NO_COVERAGE
571,NO_COVERAGE
572,NO_COVERAGE
573,NO_COVERAGE
574,NO_COVERAGE
575,NO_COVERAGE
576,NO_COVERAGE
577,NO_COVERAGE
578,NO_COVERAGE
579,NO_COVERAGE
580,NO_COVERAGE
581,NO_COVERAGE
582,NO_COVERAGE
583,NO_COVERAGE
584,NO_COVERAGE
585,NO_COVERAGE
586,NO_COVERAGE
587,NO_COVERAGE
588,NO_COVERAGE
589,NO_COVERAGE
590,NO_COVERAGE
591,NO_COVERAGE
592,NO_COVERAGE
593,NO_COVERAGE
594,NO_COVERAGE
595,NO_COVERAGE
596,NO_COVERAGE
597,NO_COVERAGE
598,NO_COVERAGE
599,NO_COVERAGE
600,NO_COVERAGE
601,NO_COVERAGE
602,NO_COVERAGE
603,NO_COVERAGE
604,NO_COVERAGE
605,NO_COVERAGE
606,NO_COVERAGE
607,NO_COVERAGE
608,NO_COVERAGE
609,NO_COVERAGE
610,NO_COVERAGE
611,NO_COVERAGE
612,NO_COVERAGE
613,NO_COVERAGE
614,NO_COVERAGE
615,NO_COVERAGE
616,NO_COVERAGE
617,NO_COVERAGE
618,NO_COVERAGE
619,NO_COVERAGE
620,NO_COVERAGE
621,NO_COVERAGE
622,NO_COVERAGE
623,NO_COVERAGE
624,NO_COVERAGE
625,NO_COVERAGE
626,NO_COVERAGE
627,NO_COVERAGE
628,NO_COVERAGE
629,NO_COVERAGE
630,NO_COVERAGE
631,NO_COVERAGE
632,NO_COVERAGE
633,NO_COVERAGE
634,NO_COVERAGE
635,NO_COVERAGE
636,NO_COVERAGE
637,NO_COVERAGE
638,NO_COVERAGE
639,NO_COVERAGE
640,NO_COVERAGE
641,NO_COVERAGE
642,NO_COVERAGE
643,NO_COVERAGE
644,NO_COVERAGE
645,NO_COVERAGE
646,NO_COVERAGE
647,NO_COVERAGE
648,NO_COVERAGE
649,NO_COVERAGE
650,NO_COVERAGE
651,NO_COVERAGE
652,NO_COVERAGE
653,NO_COVERAGE
654,NO_COVERAGE
655,NO_COVERAGE
656,NO_COVERAGE
657,NO_COVERAGE
658,NO_COVERAGE
659,NO_COVERAGE
660,NO_COVERAGE
661,NO_COVERAGE
662,NO_COVERAGE
663,NO_COVERAGE
664,NO_COVERAGE
665,NO_COVERAGE
666,NO_COVERAGE
667,NO_COVERAGE
668,NO_COVERAGE
669,NO_COVERAGE
670,NO_COVERAGE
671,NO_COVERAGE
672,NO_COVERAGE
673,NO_COVERAGE
674,NO_COVERAGE
675,NO_COVERAGE
676,NO_COVERAGE
677,NO_COVERAGE
678,NO_COVERAGE
679,NO_COVERAGE
680,NO_COVERAGE
681,NO_COVERAGE
682,NO_COVERAGE
683,NO_COVERAGE
684,NO_COVERAGE
685,NO_COVERAGE
686,NO_COVERAGE
687,NO_COVERAGE
688,NO_COVERAGE
689,NO_COVERAGE
690,NO_COVERAGE
691,NO_COVERAGE
692,NO_COVERAGE
693,NO_COVERAGE
694,NO_COVERAGE
695,NO_COVERAGE
696,NO_COVERAGE
697,NO_COVERAGE
698,NO_COVERAGE
699,NO_COVERAGE
700,NO_COVERAGE
701,NO_COVERAGE
702,NO_COVERAGE
703,NO_COVERAGE
704,NO_COVERAGE
705,NO_COVERAGE
706,NO_COVERAGE
707,NO_COVERAGE
708,NO_COVERAGE
709,NO_COVERAGE
710,NO_COVERAGE
711,NO_COVERAGE
712,NO_COVERAGE
713,NO_COVERAGE
714,NO_COVERAGE
715,NO_COVERAGE
716,NO_COVERAGE
717,NO_COVERAGE
718,NO_COVERAGE
719,NO_COVERAGE
720,NO_COVERAGE
721,NO_COVERAGE
722,NO_COVERAGE
723,NO_COVERAGE
724,NO_COVERAGE
725,NO_COVERAGE
726,NO_COVERAGE
727,NO_COVERAGE
728,NO_COVERAGE
729,NO_COVERAGE
730,NO_COVERAGE
731,NO_COVERAGE
732,NO_COVERAGE
733,NO_COVERAGE
734,NO_COVERAGE
735,NO_COVERAGE
736,NO_COVERAGE
737,NO_COVERAGE
738,NO_COVERAGE
739,NO_COVERAGE
740,NO_COVERAGE
741,NO_COVERAGE
742,NO_COVERAGE
743,NO_COVERAGE
744,NO_COVERAGE
745,NO_COVERAGE
746,NO_COVERAGE
747,NO_COVERAGE
748,NO_COVERAGE
749,NO_COVERAGE
750,NO_COVERAGE
751,NO_COVERAGE
752,NO_COVERAGE
753,NO_COVERAGE
754,NO_COVERAGE
755,NO_COVERAGE
756,NO_COVERAGE
757,NO_COVERAGE
758,NO_COVERAGE
759,NO_COVERAGE
760,NO_COVERAGE
761,NO_COVERAGE
762,NO_COVERAGE
763,NO_COVERAGE
764,NO_COVERAGE
765,NO_COVERAGE
766,NO_COVERAGE
767,NO_COVERAGE
768,NO_COVERAGE
769,NO_COVERAGE
770,NO_COVERAGE
771,NO_COVERAGE
772,NO_COVERAGE
773,NO_COVERAGE
774,NO_COVERAGE
775,NO_COVERAGE
776,NO_COVERAGE
777,NO_COVERAGE
778,NO_COVERAGE
779,NO_COVERAGE
780,NO_COVERAGE
781,NO_COVERAGE
782,NO_COVERAGE
783,NO_COVERAGE
784,NO_COVERAGE
785,NO_COVERAGE
786,NO_COVERAGE
787,NO_COVERAGE
788,NO_COVERAGE
789,NO_COVERAGE
790,NO_COVERAGE
791,NO_COVERAGE
792,NO_COVERAGE
793,NO_COVERAGE
794,NO_COVERAGE
795,NO_COVERAGE
796,NO_COVERAGE
797,NO_COVERAGE
798,NO_COVERAGE
799,NO_COVERAGE
800,NO_COVERAGE
801,NO_COVERAGE
802,NO_COVERAGE
803,NO_COVERAGE
804,NO_COVERAGE
805,NO_COVERAGE
806,NO_COVERAGE
807,NO_COVERAGE
808,NO_COVERAGE
809,NO_COVERAGE
810,NO_COVERAGE
811,NO_COVERAGE
812,NO_COVERAGE
813,NO_COVERAGE
814,NO_COVERAGE
815,NO_COVERAGE
816,NO_COVERAGE
817,NO_COVERAGE
818,NO_COVERAGE
819,NO_COVERAGE
820,NO_COVERAGE
821,NO_COVERAGE
822,NO_COVERAGE
823,NO_COVERAGE
824,NO_COVERAGE
825,NO_COVERAGE
826,NO_COVERAGE
827,NO_COVERAGE
828,NO_COVERAGE
829,NO_COVERAGE
830,NO_COVERAGE
831,NO_COVERAGE
832,NO_COVERAGE
833,NO_COVERAGE
834,NO_COVERAGE
835,NO_COVERAGE
836,NO_COVERAGE
837,NO_COVERAGE
838,NO_COVERAGE
839,NO_COVERAGE
840,NO_COVERAGE
841,NO_COVERAGE
842,NO_COVERAGE
843,NO_COVERAGE
844,NO_COVERAGE
845,NO_COVERAGE
846,NO_COVERAGE
847,NO_COVERAGE
848,NO_COVERAGE
849,NO_COVERAGE
850,NO_COVERAGE
851,NO_COVERAGE
852,NO_COVERAGE
853,NO_COVERAGE
854,NO_COVERAGE
855,NO_COVERAGE
856,NO_COVERAGE
857,NO_COVERAGE
858,NO_COVERAGE
859,NO_COVERAGE
860,NO_COVERAGE
861,NO_COVERAGE
862,NO_COVERAGE
863,NO_COVERAGE
864,NO_COVERAGE
865,NO_COVERAGE
866,NO_COVERAGE
867,NO_COVERAGE
868,NO_COVERAGE
869,NO_COVERAGE
870,NO_COVERAGE
871,NO_COVERAGE
872,NO_COVERAGE
873,NO_COVERAGE
874,NO_COVERAGE
875,NO_COVERAGE
876,NO_COVERAGE
877,NO_COVERAGE
878,NO_COVERAGE
879,NO_COVERAGE
880,NO_COVERAGE
881,NO_COVERAGE
882,NO_COVERAGE
883,NO_COVERAGE
884,NO_COVERAGE
885,NO_COVERAGE
886,NO_COVERAGE
887,NO_COVERAGE
888,NO_COVERAGE
889,NO_COVERAGE
890,NO_COVERAGE
891,NO_COVERAGE
892,NO_COVERAGE
893,NO_COVERAGE
894,NO_COVERAGE
895,NO_COVERAGE
896,NO_COVERAGE
897,NO_COVERAGE
898,NO_COVERAGE
899,NO_COVERAGE
900,NO_COVERAGE
901,NO_COVERAGE
902,NO_COVERAGE
903,NO_COVERAGE
904,NO_COVERAGE
905,NO_COVERAGE
906,NO_COVERAGE
907,NO_COVERAGE
908,NO_COVERAGE
909,NO_COVERAGE
910,NO_COVERAGE
911,NO_COVERAGE
912,NO_COVERAGE
913,NO_COVERAGE
914,NO_COVERAGE
915,NO_COVERAGE
916,NO_COVERAGE
917,NO_COVERAGE
918,NO_COVERAGE
919,NO_COVERAGE
920,NO_COVERAGE
921,NO_COVERAGE
922,NO_COVERAGE
923,NO_COVERAGE
924,NO_COVERAGE
925,NO_COVERAGE
926,NO_COVERAGE
927,NO_COVERAGE
928,NO_COVERAGE
929,NO_COVERAGE
930,NO_COVERAGE
931,NO_COVERAGE
932,NO_COVERAGE
933,NO_COVERAGE
934,NO_COVERAGE
935,NO_COVERAGE
936,NO_COVERAGE
937,NO_COVERAGE
938,NO_COVERAGE
939,NO_COVERAGE
940,NO_COVERAGE
941,NO_COVERAGE
942,NO_COVERAGE
943,NO_COVERAGE
944,NO_COVERAGE
945,NO_COVERAGE
946,NO_COVERAGE
947,NO_COVERAGE
948,NO_COVERAGE
949,NO_COVERAGE
950,NO_COVERAGE
951,NO_COVERAGE
952,NO_COVERAGE
953,NO_COVERAGE
954,NO_COVERAGE
955,NO_COVERAGE
956,NO_COVERAGE
957,NO_COVERAGE
958,NO_COVERAGE
959,NO_COVERAGE
960,NO_COVERAGE
961,NO_COVERAGE
962,NO_COVERAGE
963,NO_COVERAGE
964,NO_COVERAGE
965,NO_COVERAGE
966,NO_COVERAGE
967,NO_COVERAGE
968,NO_COVERAGE
969,NO_COVERAGE
970,NO_COVERAGE
971,NO_COVERAGE
972,NO_COVERAGE
973,NO_COVERAGE
974,NO_COVERAGE
975,NO_COVERAGE
976,NO_COVERAGE
977,NO_COVERAGE
978,NO_COVERAGE
979,NO_COVERAGE
980,NO_COVERAGE
981,NO_COVERAGE
982,NO_COVERAGE
983,NO_COVERAGE
984,NO_COVERAGE
985,NO_COVERAGE
986,NO_COVERAGE
987,NO_COVERAGE
988,NO_COVERAGE
989,NO_COVERAGE
990,NO_COVERAGE
991,NO_COVERAGE
992,NO_COVERAGE
993,NO_COVERAGE
994,NO_COVERAGE
995,NO_COVERAGE
996,NO_COVERAGE
997,NO_COVERAGE
998,NO_COVERAGE
999,NO_COVERAGE
1000,NO_COVERAGE
1001,NO_COVERAGE
1002,NO_COVERAGE
1003,NO_COVERAGE
1004,NO_COVERAGE
1005,NO_COVERAGE
1006,NO_COVERAGE
1007,NO_COVERAGE
1008,NO_COVERAGE
1009,NO_COVERAGE
1010,NO_COVERAGE
1011,NO_COVERAGE
1012,NO_COVERAGE
1013,NO_COVERAGE
1014,NO_COVERAGE
1015,NO_COVERAGE
1016,NO_COVERAGE
1017,NO_COVERAGE
1018,NO_COVERAGE
1019,NO_COVERAGE
1020,NO_COVERAGE
1021,NO_COVERAGE
1022,NO_COVERAGE
1023,NO_COVERAGE
1024,NO_COVERAGE
1025,NO_COVERAGE
1026,NO_COVERAGE
1027,NO_COVERAGE
1028,NO_COVERAGE
1029,NO_COVERAGE
1030,NO_COVERAGE
1031,NO_COVERAGE
1032,NO_COVERAGE
1033,NO_COVERAGE
1034,NO_COVERAGE
1035,NO_COVERAGE
1036,NO_COVERAGE
1037,NO_COVERAGE
1038,NO_COVERAGE
1039,NO_COVERAGE
1040,NO_COVERAGE
1041,NO_COVERAGE
1042,NO_COVERAGE
1043,NO_COVERAGE
1044,NO_COVERAGE
1045,NO_COVERAGE
1046,NO_COVERAGE
1047,NO_COVERAGE
1048,NO_COVERAGE
1049,NO_COVERAGE
1050,NO_COVERAGE
1051,NO_COVERAGE
1052,NO_COVERAGE
1053,NO_COVERAGE
1054,NO_COVERAGE
1055,NO_COVERAGE
1056,NO_COVERAGE
1057,NO_COVERAGE
1058,NO_COVERAGE
1059,NO_COVERAGE
1060,NO_COVERAGE
1061,NO_COVERAGE
1062,NO_COVERAGE
1063,NO_COVERAGE
1064,NO_COVERAGE
1065,NO_COVERAGE
1066,NO_COVERAGE
1067,NO_COVERAGE
1068,NO_COVERAGE
1069,NO_COVERAGE
1070,NO_COVERAGE
1071,NO_COVERAGE
1072,NO_COVERAGE
1073,NO_COVERAGE
1074,NO_COVERAGE
1075,NO_COVERAGE
1076,NO_COVERAGE
1077,NO_COVERAGE
1078,NO_COVERAGE
1079,NO_COVERAGE
1080,NO_COVERAGE
1081,NO_COVERAGE
1082,NO_COVERAGE
1083,NO_COVERAGE
1084,NO_COVERAGE
1085,NO_COVERAGE
1086,NO_COVERAGE
1087,NO_COVERAGE
1088,NO_COVERAGE
1089,NO_COVERAGE
1090,NO_COVERAGE
1091,NO_COVERAGE
1092,NO_COVERAGE
1093,NO_COVERAGE
1094,NO_COVERAGE
1095,NO_COVERAGE
1096,NO_COVERAGE
1097,NO_COVERAGE
1098,NO_COVERAGE
1099,NO_COVERAGE
1100,NO_COVERAGE
1101,NO_COVERAGE
1102,NO_COVERAGE
1103,NO_COVERAGE
1104,NO_COVERAGE
1105,NO_COVERAGE
1106,NO_COVERAGE
1107,NO_COVERAGE
1108,NO_COVERAGE
1109,NO_COVERAGE
1110,NO_COVERAGE
1111,NO_COVERAGE
1112,NO_COVERAGE
1113,NO_COVERAGE
1114,NO_COVERAGE
1115,NO_COVERAGE
1116,NO_COVERAGE
1117,NO_COVERAGE
1118,NO_COVERAGE
1119,NO_COVERAGE
1120,NO_COVERAGE
1121,NO_COVERAGE
1122,NO_COVERAGE
1123,NO_COVERAGE
1124,NO_COVERAGE
1125,NO_COVERAGE
1126,NO_COVERAGE
1127,NO_COVERAGE
1128,NO_COVERAGE
1129,NO_COVERAGE
1130,NO_COVERAGE
1131,NO_COVERAGE
1132,NO_COVERAGE
1133,NO_COVERAGE
1134,NO_COVERAGE
1135,NO_COVERAGE
1136,NO_COVERAGE
1137,NO_COVERAGE
1138,NO_COVERAGE
1139,NO_COVERAGE
1140,NO_COVERAGE
1141,NO_COVERAGE
1142,NO_COVERAGE
1143,NO_COVERAGE
1144,NO_COVERAGE
1145,NO_COVERAGE
1146,NO_COVERAGE
1147,NO_COVERAGE
1148,NO_COVERAGE
1149,NO_COVERAGE
1150,NO_COVERAGE
1151,NO_COVERAGE
1152,NO_COVERAGE
1153,NO_COVERAGE
1154,NO_COVERAGE
1155,NO_COVERAGE
1156,NO_COVERAGE
1157,NO_COVERAGE
1158,NO_COVERAGE
1159,NO_COVERAGE
1160,NO_COVERAGE
1161,NO_COVERAGE
1162,NO_COVERAGE
1163,NO_COVERAGE
1164,NO_COVERAGE
1165,NO_COVERAGE
1166,NO_COVERAGE
1167,NO_COVERAGE
1168,NO_COVERAGE
1169,NO_COVERAGE
1170,NO_COVERAGE
1171,NO_COVERAGE
1172,NO_COVERAGE
1173,NO_COVERAGE
1174,NO_COVERAGE
1175,NO_COVERAGE
1176,NO_COVERAGE
1177,NO_COVERAGE
1178,NO_COVERAGE
1179,NO_COVERAGE
1180,NO_COVERAGE
1181,NO_COVERAGE
1182,NO_COVERAGE
1183,NO_COVERAGE
1184,NO_COVERAGE
1185,NO_COVERAGE
1186,NO_COVERAGE
1187,NO_COVERAGE
1188,NO_COVERAGE
1189,NO_COVERAGE
1190,NO_COVERAGE
1191,NO_COVERAGE
1192,NO_COVERAGE
1193,NO_COVERAGE
1194,NO_COVERAGE
1195,NO_COVERAGE
1196,NO_COVERAGE
1197,NO_COVERAGE
1198,NO_COVERAGE
1199,NO_COVERAGE
1200,NO_COVERAGE
1201,NO_COVERAGE
1202,NO_COVERAGE
1203,NO_COVERAGE
1204,NO_COVERAGE
1205,NO_COVERAGE
1206,NO_COVERAGE
1207,NO_COVERAGE
1208,NO_COVERAGE
1209,NO_COVERAGE
1210,NO_COVERAGE
1211,NO_COVERAGE
1212,NO_COVERAGE
1213,NO_COVERAGE
1214,NO_COVERAGE
1215,NO_COVERAGE
1216,NO_COVERAGE
1217,NO_COVERAGE
1218,NO_COVERAGE
1219,NO_COVERAGE
1220,NO_COVERAGE
1221,NO_COVERAGE
1222,NO_COVERAGE
1223,NO_COVERAGE
1224,NO_COVERAGE
1225,NO_COVERAGE
1226,NO_COVERAGE
1227,NO_COVERAGE
1228,NO_COVERAGE
1229,NO_COVERAGE
1230,NO_COVERAGE
1231,NO_COVERAGE
1232,NO_COVERAGE
1233,NO_COVERAGE
1234,NO_COVERAGE
1235,NO_COVERAGE
1236,NO_COVERAGE
1237,NO_COVERAGE
1238,NO_COVERAGE
1239,NO_COVERAGE
1240,NO_COVERAGE
1241,NO_COVERAGE
1242,NO_COVERAGE
1243,NO_COVERAGE
1244,NO_COVERAGE
1245,NO_COVERAGE
1246,NO_COVERAGE
1247,NO_COVERAGE
1248,NO_COVERAGE
1249,NO_COVERAGE
1250,NO_COVERAGE
1251,NO_COVERAGE
1252,NO_COVERAGE
1253,NO_COVERAGE
1254,NO_COVERAGE
1255,NO_COVERAGE
1256,NO_COVERAGE
1257,NO_COVERAGE
1258,NO_COVERAGE
1259,NO_COVERAGE
1260,NO_COVERAGE
1261,NO_COVERAGE
1262,NO_COVERAGE
1263,NO_COVERAGE
1264,NO_COVERAGE
1265,NO_COVERAGE
1266,NO_COVERAGE
1267,NO_COVERAGE
1268,NO_COVERAGE
1269,NO_COVERAGE
1270,NO_COVERAGE
1271,NO_COVERAGE
1272,NO_COVERAGE
1273,NO_COVERAGE
1274,NO_COVERAGE
1275,NO_COVERAGE
1276,NO_COVERAGE
1277,NO_COVERAGE
1278,NO_COVERAGE
1279,NO_COVERAGE
1280,NO_COVERAGE
1281,NO_COVERAGE
1282,NO_COVERAGE
1283,NO_COVERAGE
1284,NO_COVERAGE
1285,NO_COVERAGE
1286,NO_COVERAGE
1287,NO_COVERAGE
1288,NO_COVERAGE
1289,NO_COVERAGE
1290,NO_COVERAGE
1291,NO_COVERAGE
1292,NO_COVERAGE
1293,NO_COVERAGE
1294,NO_COVERAGE
1295,NO_COVERAGE
1296,NO_COVERAGE
1297,NO_COVERAGE
1298,NO_COVERAGE
1299,NO_COVERAGE
1300,NO_COVERAGE
1301,NO_COVERAGE
1302,NO_COVERAGE
1303,NO_COVERAGE
1304,NO_COVERAGE
1305,NO_COVERAGE
1306,NO_COVERAGE
1307,NO_COVERAGE
1308,NO_COVERAGE
1309,NO_COVERAGE
1310,NO_COVERAGE
1311,NO_COVERAGE
1312,NO_COVERAGE
1313,NO_COVERAGE
1314,NO_COVERAGE
1315,NO_COVERAGE
1316,NO_COVERAGE
1317,NO_COVERAGE
1318,NO_COVERAGE
1319,NO_COVERAGE
1320,NO_COVERAGE
1321,NO_COVERAGE
1322,NO_COVERAGE
1323,NO_COVERAGE
1324,NO_COVERAGE
1325,NO_COVERAGE
1326,NO_COVERAGE
1327,NO_COVERAGE
1328,NO_COVERAGE
1329,NO_COVERAGE
1330,NO_COVERAGE
1331,NO_COVERAGE
1332,NO_COVERAGE
1333,NO_COVERAGE
1334,NO_COVERAGE
1335,NO_COVERAGE
1336,NO_COVERAGE
1337,NO_COVERAGE
1338,NO_COVERAGE
1339,NO_COVERAGE
1340,NO_COVERAGE
1341,NO_COVERAGE
1342,NO_COVERAGE
1343,NO_COVERAGE
1344,NO_COVERAGE
1345,NO_COVERAGE
1346,NO_COVERAGE
1347,NO_COVERAGE
1348,NO_COVERAGE
1349,SURVIVED
1350,KILLED,1
1351,KILLED,1
1352,KILLED,1
1353,SURVIVED
1354,KILLED,1
1355,KILLED,1
1356,KILLED,1
1357,KILLED,1
1358,KILLED,1
1359,KILLED,1
1360,KILLED,1
1361,KILLED,1
1362,KILLED,1
1363,KILLED,1
1364,SURVIVED
1365,KILLED,1
1366,KILLED,1
1367,KILLED,1
1368,KILLED,1
1369,KILLED,1
1370,SURVIVED
1371,SURVIVED
1372,SURVIVED
1373,SURVIVED
1374,KILLED,1
1375,KILLED,1
1376,KILLED,1
1377,KILLED,1
1378,KILLED,1
1379,KILLED,1
1380,KILLED,1
1381,KILLED,1
1382,KILLED,1
1383,KILLED,1
1384,KILLED,1
1385,KILLED,1
1386,KILLED,1
1387,SURVIVED
1388,KILLED,1
1389,KILLED,1
1390,KILLED,1
1391,SURVIVED
1392,KILLED,1
1393,SURVIVED
1394,KILLED,1
1395,KILLED,1
1396,SURVIVED
1397,SURVIVED
1398,KILLED,1
1399,KILLED,1
1400,KILLED,1
1401,KILLED,1
1402,NO_COVERAGE
1403,KILLED,1
1404,NO_COVERAGE
1405,KILLED,1
1406,KILLED,1
1407,KILLED,1
1408,KILLED,1
1409,KILLED,1
1410,KILLED,1
1411,KILLED,1
1412,SURVIVED
1413,SURVIVED
1414,SURVIVED
1415,NO_COVERAGE
1416,KILLED,1
1417,KILLED,1
1418,KILLED,1
1419,KILLED,1,2
1420,KILLED,1
1421,KILLED,1
1422,KILLED,1
1423,KILLED,1
1424,SURVIVED
1425,KILLED,1
1426,KILLED,1
1427,KILLED,1
1428,SURVIVED
1429,NO_COVERAGE
1430,KILLED,1
1431,KILLED,1
1432,KILLED,1
1433,SURVIVED
1434,KILLED,1
1435,SURVIVED
1436,KILLED,1,2
1437,KILLED,1
1438,KILLED,1
1439,KILLED,1
1440,KILLED,1
1441,KILLED,1
1442,KILLED,1,2
1443,KILLED,1
1444,TIMED_OUT
1445,KILLED,1
1446,KILLED,1
1447,KILLED,1
1448,KILLED,1,2
1449,KILLED,1,2
1450,KILLED,1,2
1451,KILLED,1
1452,KILLED,1
1453,KILLED,1
1454,KILLED,1,2
1455,KILLED,1,2
1456,KILLED,1
1457,KILLED,1,2
1458,KILLED,1,2
1459,KILLED,1
1460,KILLED,1
1461,KILLED,1,2
1462,KILLED,1,2
1463,TIMED_OUT
1464,KILLED,1,2
1465,KILLED,1,2
1466,KILLED,1
1467,KILLED,1
1468,KILLED,1
1469,KILLED,1
1470,KILLED,1,2
1471,KILLED,1,2
1472,KILLED,1,2
1473,SURVIVED
1474,KILLED,1,2
1475,KILLED,1,2
1476,KILLED,1,2
1477,KILLED,1,2
1478,SURVIVED
1479,KILLED,1
1480,TIMED_OUT
1481,KILLED,1
1482,KILLED,1
1483,KILLED,1,2
1484,KILLED,1
1485,KILLED,1
1486,SURVIVED
1487,KILLED,1
1488,SURVIVED
1489,KILLED,1
1490,KILLED,1
1491,KILLED,1
1492,KILLED,1
1493,KILLED,1,2
1494,KILLED,1
1495,KILLED,1,2
1496,KILLED,1,2
1497,KILLED,1,2
1498,KILLED,1,2
1499,KILLED,1,2
1500,KILLED,1,2
1501,KILLED,1,2
1502,KILLED,1,2
1503,SURVIVED
1504,KILLED,1
1505,KILLED,1
1506,KILLED,1
1507,SURVIVED
1508,KILLED,1
1509,KILLED,1
1510,KILLED,1
1511,KILLED,1,2
1512,KILLED,1,2
1513,KILLED,1,2
1514,SURVIVED
1515,KILLED,1
1516,KILLED,1
1517,SURVIVED
1518,KILLED,1
1519,TIMED_OUT
1520,NO_COVERAGE
1521,KILLED,1,2
1522,NO_COVERAGE
1523,KILLED,1,2
1524,KILLED,1,2
1525,KILLED,1,2
1526,KILLED,1
1527,KILLED,1
1528,KILLED,1
1529,KILLED,1
1530,KILLED,1
1531,KILLED,1
1532,KILLED,1
1533,KILLED,1
1534,KILLED,1
1535,KILLED,1
1536,NO_COVERAGE
1537,NO_COVERAGE
1538,NO_COVERAGE
1539,NO_COVERAGE
1540,NO_COVERAGE
1541,NO_COVERAGE
1542,NO_COVERAGE
1543,NO_COVERAGE
1544,NO_COVERAGE
1545,NO_COVERAGE
1546,NO_COVERAGE
1547,NO_COVERAGE
1548,NO_COVERAGE
1549,NO_COVERAGE
1550,NO_COVERAGE
1551,NO_COVERAGE
1552,NO_COVERAGE
1553,NO_COVERAGE
1554,NO_COVERAGE
1555,NO_COVERAGE
1556,NO_COVERAGE
1557,NO_COVERAGE
1558,NO_COVERAGE
1559,NO_COVERAGE
1560,NO_COVERAGE
1561,NO_COVERAGE
1562,NO_COVERAGE
1563,NO_COVERAGE
1564,NO_COVERAGE
1565,NO_COVERAGE
1566,NO_COVERAGE
1567,NO_COVERAGE
1568,NO_COVERAGE
1569,NO_COVERAGE
1570,NO_COVERAGE
1571,NO_COVERAGE
1572,NO_COVERAGE
1573,NO_COVERAGE
1574,NO_COVERAGE
1575,NO_COVERAGE
1576,NO_COVERAGE
1577,NO_COVERAGE
1578,NO_COVERAGE
1579,NO_COVERAGE
1580,NO_COVERAGE
1581,NO_COVERAGE
1582,NO_COVERAGE
1583,NO_COVERAGE
1584,NO_COVERAGE
1585,NO_COVERAGE
1586,NO_COVERAGE
1587,NO_COVERAGE
1588,NO_COVERAGE
1589,NO_COVERAGE
1590,NO_COVERAGE
1591,NO_COVERAGE
1592,NO_COVERAGE
1593,NO_COVERAGE
1594,NO_COVERAGE
1595,NO_COVERAGE
1596,NO_COVERAGE
1597,NO_COVERAGE
1598,NO_COVERAGE
1599,NO_COVERAGE
1600,NO_COVERAGE
1601,NO_COVERAGE
1602,NO_COVERAGE
1603,NO_COVERAGE
1604,NO_COVERAGE
1605,NO_COVERAGE
1606,NO_COVERAGE
1607,NO_COVERAGE
1608,NO_COVERAGE
1609,NO_COVERAGE
1610,NO_COVERAGE
1611,NO_COVERAGE
1612,NO_COVERAGE
1613,NO_COVERAGE
1614,NO_COVERAGE
1615,NO_COVERAGE
1616,NO_COVERAGE
1617,NO_COVERAGE
1618,NO_COVERAGE
1619,NO_COVERAGE
1620,NO_COVERAGE
1621,NO_COVERAGE
1622,NO_COVERAGE
1623,NO_COVERAGE
1624,NO_COVERAGE
1625,NO_COVERAGE
1626,NO_COVERAGE
1627,NO_COVERAGE
1628,NO_COVERAGE
1629,NO_COVERAGE
1630,NO_COVERAGE
1631,NO_COVERAGE
1632,NO_COVERAGE
1633,NO_COVERAGE
1634,NO_COVERAGE
1635,NO_COVERAGE
1636,NO_COVERAGE
1637,NO_COVERAGE
1638,NO_COVERAGE
1639,NO_COVERAGE
1640,NO_COVERAGE
1641,NO_COVERAGE
1642,NO_COVERAGE
1643,NO_COVERAGE
1644,NO_COVERAGE
1645,NO_COVERAGE
1646,NO_COVERAGE
1647,NO_COVERAGE
1648,NO_COVERAGE
1649,NO_COVERAGE
1650,NO_COVERAGE
1651,NO_COVERAGE
1652,NO_COVERAGE
1653,NO_COVERAGE
1654,NO_COVERAGE
1655,NO_COVERAGE
1656,NO_COVERAGE
1657,NO_COVERAGE
1658,NO_COVERAGE
1659,NO_COVERAGE
1660,NO_COVERAGE
1661,NO_COVERAGE
1662,NO_COVERAGE
1663,NO_COVERAGE
1664,NO_COVERAGE
1665,NO_COVERAGE
1666,NO_COVERAGE
1667,NO_COVERAGE
1668,NO_COVERAGE
1669,NO_COVERAGE
1670,NO_COVERAGE
1671,NO_COVERAGE
1672,NO_COVERAGE
1673,NO_COVERAGE
1674,NO_COVERAGE
1675,NO_COVERAGE
1676,NO_COVERAGE
1677,NO_COVERAGE
1678,NO_COVERAGE
1679,NO_COVERAGE
1680,NO_COVERAGE
1681,NO_COVERAGE
1682,NO_COVERAGE
1683,NO_COVERAGE
1684,NO_COVERAGE
1685,NO_COVERAGE
1686,NO_COVERAGE
1687,NO_COVERAGE
1688,NO_COVERAGE
1689,NO_COVERAGE
1690,NO_COVERAGE
1691,NO_COVERAGE
1692,NO_COVERAGE
1693,NO_COVERAGE
1694,NO_COVERAGE
1695,NO_COVERAGE
1696,NO_COVERAGE
1697,NO_COVERAGE
1698,NO_COVERAGE
1699,NO_COVERAGE
1700,NO_COVERAGE
1701,NO_COVERAGE
1702,NO_COVERAGE
1703,NO_COVERAGE
1704,NO_COVERAGE
1705,NO_COVERAGE
1706,NO_COVERAGE
1707,NO_COVERAGE
1708,NO_COVERAGE
1709,NO_COVERAGE
1710,NO_COVERAGE
1711,NO_COVERAGE
1712,NO_COVERAGE
1713,NO_COVERAGE
1714,NO_COVERAGE
1715,NO_COVERAGE
1716,NO_COVERAGE
1717,NO_COVERAGE
1718,NO_COVERAGE
1719,NO_COVERAGE
1720,NO_COVERAGE
1721,NO_COVERAGE
1722,NO_COVERAGE
1723,NO_COVERAGE
1724,NO_COVERAGE
1725,NO_COVERAGE
1726,NO_COVERAGE
1727,NO_COVERAGE
1728,NO_COVERAGE
1729,NO_COVERAGE
1730,NO_COVERAGE
1731,NO_COVERAGE
1732,NO_COVERAGE
1733,NO_COVERAGE
1734,NO_COVERAGE
1735,NO_COVERAGE
1736,NO_COVERAGE
1737,NO_COVERAGE
1738,NO_COVERAGE
1739,NO_COVERAGE
1740,NO_COVERAGE
1741,NO_COVERAGE
1742,NO_COVERAGE
1743,NO_COVERAGE
1744,NO_COVERAGE
1745,NO_COVERAGE
1746,NO_COVERAGE
1747,NO_COVERAGE
1748,NO_COVERAGE
1749,NO_COVERAGE
1750,NO_COVERAGE
1751,NO_COVERAGE
1752,NO_COVERAGE
1753,NO_COVERAGE
1754,NO_COVERAGE
1755,NO_COVERAGE
1756,NO_COVERAGE
1757,NO_COVERAGE
1758,NO_COVERAGE
1759,NO_COVERAGE
1760,NO_COVERAGE
1761,NO_COVERAGE
1762,NO_COVERAGE
1763,NO_COVERAGE
1764,NO_COVERAGE
1765,NO_COVERAGE
1766,NO_COVERAGE
1767,NO_COVERAGE
1768,NO_COVERAGE
1769,NO_COVERAGE
1770,NO_COVERAGE
1771,NO_COVERAGE
1772,NO_COVERAGE
1773,NO_COVERAGE
1774,NO_COVERAGE
1775,NO_COVERAGE
1776,NO_COVERAGE
1777,NO_COVERAGE
1778,NO_COVERAGE
1779,NO_COVERAGE
1780,NO_COVERAGE
1781,NO_COVERAGE
1782,NO_COVERAGE
1783,NO_COVERAGE
1784,NO_COVERAGE
1785,NO_COVERAGE
1786,NO_COVERAGE
1787,NO_COVERAGE
1788,NO_COVERAGE
1789,NO_COVERAGE
1790,NO_COVERAGE
1791,NO_COVERAGE
1792,NO_COVERAGE
1793,NO_COVERAGE
1794,NO_COVERAGE
1795,NO_COVERAGE
1796,NO_COVERAGE
1797,NO_COVERAGE
1798,NO_COVERAGE
1799,NO_COVERAGE
1800,NO_COVERAGE
1801,NO_COVERAGE
1802,NO_COVERAGE
1803,NO_COVERAGE
1804,NO_COVERAGE
1805,NO_COVERAGE
1806,NO_COVERAGE
1807,NO_COVERAGE
1808,NO_COVERAGE
1809,NO_COVERAGE
1810,NO_COVERAGE
1811,NO_COVERAGE
1812,NO_COVERAGE
1813,NO_COVERAGE
1814,NO_COVERAGE
1815,NO_COVERAGE
1816,NO_COVERAGE
1817,NO_COVERAGE
1818,NO_COVERAGE
1819,NO_COVERAGE
1820,NO_COVERAGE
1821,NO_COVERAGE
1822,NO_COVERAGE
1823,NO_COVERAGE
1824,NO_COVERAGE
1825,NO_COVERAGE
1826,NO_COVERAGE
1827,NO_COVERAGE
1828,NO_COVERAGE
1829,NO_COVERAGE
1830,NO_COVERAGE
1831,NO_COVERAGE
1832,NO_COVERAGE
1833,NO_COVERAGE
1834,NO_COVERAGE
1835,NO_COVERAGE
1836,NO_COVERAGE
1837,NO_COVERAGE
1838,NO_COVERAGE
1839,NO_COVERAGE
1840,NO_COVERAGE
1841,NO_COVERAGE
1842,NO_COVERAGE
1843,NO_COVERAGE
1844,NO_COVERAGE
1845,NO_COVERAGE
1846,NO_COVERAGE
1847,NO_COVERAGE
1848,NO_COVERAGE
1849,NO_COVERAGE
1850,NO_COVERAGE
1851,NO_COVERAGE
1852,NO_COVERAGE
1853,NO_COVERAGE
1854,NO_COVERAGE
1855,NO_COVERAGE
1856,NO_COVERAGE
1857,NO_COVERAGE
1858,NO_COVERAGE
1859,NO_COVERAGE
1860,NO_COVERAGE
1861,NO_COVERAGE
1862,NO_COVERAGE
1863,NO_COVERAGE
1864,NO_COVERAGE
1865,NO_COVERAGE
1866,NO_COVERAGE
1867,NO_COVERAGE
1868,NO_COVERAGE
1869,NO_COVERAGE
1870,NO_COVERAGE
1871,NO_COVERAGE
1872,NO_COVERAGE
1873,NO_COVERAGE
1874,NO_COVERAGE
1875,NO_COVERAGE
1876,NO_COVERAGE
1877,NO_COVERAGE
1878,NO_COVERAGE
1879,NO_COVERAGE
1880,NO_COVERAGE
1881,NO_COVERAGE
1882,NO_COVERAGE
1883,NO_COVERAGE
1884,NO_COVERAGE
1885,NO_COVERAGE
1886,NO_COVERAGE
1887,NO_COVERAGE
1888,NO_COVERAGE
1889,NO_COVERAGE
1890,NO_COVERAGE
1891,NO_COVERAGE
1892,NO_COVERAGE
1893,NO_COVERAGE
1894,NO_COVERAGE
1895,NO_COVERAGE
1896,NO_COVERAGE
1897,NO_COVERAGE
1898,NO_COVERAGE
1899,NO_COVERAGE
1900,NO_COVERAGE
1901,NO_COVERAGE
1902,NO_COVERAGE
1903,NO_COVERAGE
1904,NO_COVERAGE
1905,NO_COVERAGE
1906,NO_COVERAGE
1907,NO_COVERAGE
1908,NO_COVERAGE
1909,NO_COVERAGE
1910,NO_COVERAGE
1911,NO_COVERAGE
1912,NO_COVERAGE
1913,NO_COVERAGE
1914,NO_COVERAGE
1915,NO_COVERAGE
1916,NO_COVERAGE
1917,NO_COVERAGE
1918,NO_COVERAGE
1919,NO_COVERAGE
1920,NO_COVERAGE
1921,NO_COVERAGE
1922,NO_COVERAGE
1923,NO_COVERAGE
1924,NO_COVERAGE
1925,NO_COVERAGE
1926,NO_COVERAGE
1927,NO_COVERAGE
1928,NO_COVERAGE
1929,NO_COVERAGE
1930,NO_COVERAGE
1931,NO_COVERAGE
1932,NO_COVERAGE
1933,NO_COVERAGE
1934,NO_COVERAGE
1935,NO_COVERAGE
1936,NO_COVERAGE
1937,NO_COVERAGE
1938,NO_COVERAGE
1939,NO_COVERAGE
1940,NO_COVERAGE
1941,NO_COVERAGE
1942,NO_COVERAGE
1943,NO_COVERAGE
1944,NO_COVERAGE
1945,NO_COVERAGE
1946,NO_COVERAGE
1947,NO_COVERAGE
1948,NO_COVERAGE
1949,NO_COVERAGE
1950,NO_COVERAGE
1951,NO_COVERAGE
1952,NO_COVERAGE
1953,NO_COVERAGE
1954,NO_COVERAGE
1955,NO_COVERAGE
1956,NO_COVERAGE
1957,NO_COVERAGE
1958,NO_COVERAGE
1959,NO_COVERAGE
1960,NO_COVERAGE
1961,NO_COVERAGE
1962,NO_COVERAGE
1963,NO_COVERAGE
1964,NO_COVERAGE
1965,NO_COVERAGE
1966,NO_COVERAGE
1967,NO_COVERAGE
1968,NO_COVERAGE
1969,NO_COVERAGE
1970,NO_COVERAGE
1971,NO_COVERAGE
1972,NO_COVERAGE
1973,NO_COVERAGE
1974,NO_COVERAGE
1975,NO_COVERAGE
1976,NO_COVERAGE
1977,NO_COVERAGE
1978,NO_COVERAGE
1979,NO_COVERAGE
1980,NO_COVERAGE
1981,NO_COVERAGE
1982,NO_COVERAGE
1983,NO_COVERAGE
1984,NO_COVERAGE
1985,NO_COVERAGE
1986,NO_COVERAGE
1987,NO_COVERAGE
1988,NO_COVERAGE
1989,NO_COVERAGE
1990,NO_COVERAGE
1991,NO_COVERAGE
1992,NO_COVERAGE
1993,NO_COVERAGE
1994,NO_COVERAGE
1995,NO_COVERAGE
1996,NO_COVERAGE
1997,NO_COVERAGE
1998,NO_COVERAGE
1999,NO_COVERAGE
2000,NO_COVERAGE
2001,NO_COVERAGE
2002,NO_COVERAGE
2003,NO_COVERAGE
2004,NO_COVERAGE
2005,NO_COVERAGE
2006,NO_COVERAGE
2007,NO_COVERAGE
2008,NO_COVERAGE
2009,NO_COVERAGE
2010,NO_COVERAGE
2011,NO_COVERAGE
2012,NO_COVERAGE
2013,NO_COVERAGE
2014,NO_COVERAGE
2015,NO_COVERAGE
2016,NO_COVERAGE
2017,NO_COVERAGE
2018,NO_COVERAGE
2019,NO_COVERAGE
2020,NO_COVERAGE
2021,NO_COVERAGE
2022,NO_COVERAGE
2023,NO_COVERAGE
2024,NO_COVERAGE
2025,NO_COVERAGE
2026,NO_COVERAGE
2027,NO_COVERAGE
2028,NO_COVERAGE
2029,NO_COVERAGE
2030,NO_COVERAGE
2031,NO_COVERAGE
2032,NO_COVERAGE
2033,NO_COVERAGE
2034,NO_COVERAGE
2035,NO_COVERAGE
2036,NO_COVERAGE
2037,NO_COVERAGE
2038,NO_COVERAGE
2039,NO_COVERAGE
2040,NO_COVERAGE
2041,NO_COVERAGE
2042,NO_COVERAGE
2043,NO_COVERAGE
2044,NO_COVERAGE
2045,NO_COVERAGE
2046,NO_COVERAGE
2047,NO_COVERAGE
2048,NO_COVERAGE
2049,NO_COVERAGE
2050,NO_COVERAGE
2051,NO_COVERAGE
2052,NO_COVERAGE
2053,NO_COVERAGE
2054,NO_COVERAGE
2055,NO_COVERAGE
2056,NO_COVERAGE
2057,NO_COVERAGE
2058,NO_COVERAGE
2059,NO_COVERAGE
2060,NO_COVERAGE
2061,NO_COVERAGE
2062,NO_COVERAGE
2063,NO_COVERAGE
2064,NO_COVERAGE
2065,NO_COVERAGE
2066,NO_COVERAGE
2067,NO_COVERAGE
2068,NO_COVERAGE
2069,NO_COVERAGE
2070,NO_COVERAGE
2071,NO_COVERAGE
2072,NO_COVERAGE
2073,NO_COVERAGE
2074,NO_COVERAGE
2075,NO_COVERAGE
2076,NO_COVERAGE
2077,NO_COVERAGE
2078,NO_COVERAGE
2079,NO_COVERAGE
2080,NO_COVERAGE
2081,NO_COVERAGE
2082,NO_COVERAGE
2083,NO_COVERAGE
2084,NO_COVERAGE
2085,NO_COVERAGE
2086,NO_COVERAGE
2087,NO_COVERAGE
2088,NO_COVERAGE
2089,NO_COVERAGE
2090,NO_COVERAGE
2091,NO_COVERAGE
2092,NO_COVERAGE
2093,NO_COVERAGE
2094,NO_COVERAGE
2095,NO_COVERAGE
2096,NO_COVERAGE
2097,NO_COVERAGE
2098,NO_COVERAGE
2099,NO_COVERAGE
2100,NO_COVERAGE
2101,NO_COVERAGE
2102,NO_COVERAGE
2103,NO_COVERAGE
2104,NO_COVERAGE
2105,NO_COVERAGE
2106,NO_COVERAGE
2107,NO_COVERAGE
2108,NO_COVERAGE
2109,NO_COVERAGE
2110,NO_COVERAGE
2111,NO_COVERAGE
2112,NO_COVERAGE
2113,NO_COVERAGE
2114,NO_COVERAGE
2115,NO_COVERAGE
2116,NO_COVERAGE
2117,NO_COVERAGE
2118,NO_COVERAGE
2119,NO_COVERAGE
2120,NO_COVERAGE
2121,NO_COVERAGE
2122,NO_COVERAGE
2123,NO_COVERAGE
2124,NO_COVERAGE
2125,NO_COVERAGE
2126,NO_COVERAGE
2127,NO_COVERAGE
2128,NO_COVERAGE
2129,NO_COVERAGE
2130,NO_COVERAGE
2131,NO_COVERAGE
2132,NO_COVERAGE
2133,NO_COVERAGE
2134,NO_COVERAGE
2135,NO_COVERAGE
2136,NO_COVERAGE
2137,NO_COVERAGE
2138,KILLED,2
2139,NO_COVERAGE
2140,NO_COVERAGE
2141,NO_COVERAGE
2142,NO_COVERAGE
2143,KILLED,2
2144,NO_COVERAGE
2145,NO_COVERAGE
2146,NO_COVERAGE
2147,NO_COVERAGE
2148,NO_COVERAGE
2149,NO_COVERAGE
2150,NO_COVERAGE
2151,NO_COVERAGE
2152,NO_COVERAGE
2153,NO_COVERAGE
2154,NO_COVERAGE
2155,NO_COVERAGE
2156,KILLED,2
2157,KILLED,3,2
2158,SURVIVED
2159,SURVIVED
2160,KILLED,2
2161,SURVIVED
2162,KILLED,2
2163,KILLED,2
2164,KILLED,2
2165,KILLED,2
2166,KILLED,2
2167,KILLED,2
2168,KILLED,2
2169,KILLED,2
2170,KILLED,2
2171,KILLED,2
2172,KILLED,2
2173,KILLED,2
2174,KILLED,2
2175,KILLED,2
2176,SURVIVED
2177,NO_COVERAGE
2178,KILLED,2
2179,KILLED,2
2180,KILLED,2
2181,KILLED,2
2182,KILLED,2
2183,KILLED,3,2
2184,KILLED,2
2185,KILLED,2
2186,KILLED,2
2187,KILLED,2
2188,KILLED,3,2
2189,KILLED,2
2190,KILLED,2
2191,KILLED,3
2192,KILLED,3,2
2193,KILLED,3,2
2194,KILLED,2
2195,KILLED,2
2196,KILLED,2
2197,KILLED,2
2198,KILLED,2
2199,KILLED,2
2200,KILLED,2
2201,KILLED,2
2202,KILLED,2
2203,KILLED,2
2204,KILLED,2
2205,KILLED,2
2206,KILLED,2
2207,KILLED,2
2208,KILLED,2
2209,KILLED,2
2210,KILLED,2
2211,KILLED,3,2
2212,SURVIVED
2213,NO_COVERAGE
2214,KILLED,2
2215,KILLED,2
2216,KILLED,2
2217,KILLED,2
2218,KILLED,2
2219,KILLED,2
2220,KILLED,2
2221,SURVIVED
2222,KILLED,3
2223,SURVIVED
2224,KILLED,2
2225,KILLED,3,2
2226,SURVIVED
2227,KILLED,3,2
2228,KILLED,2
2229,KILLED,2
2230,KILLED,2
2231,KILLED,2
2232,KILLED,2
2233,KILLED,3,2
2234,NO_COVERAGE
2235,TIMED_OUT
2236,NO_COVERAGE
2237,NO_COVERAGE
2238,NO_COVERAGE
2239,NO_COVERAGE
2240,NO_COVERAGE
2241,NO_COVERAGE
2242,NO_COVERAGE
2243,NO_COVERAGE
2244,NO_COVERAGE
2245,NO_COVERAGE
2246,NO_COVERAGE
2247,NO_COVERAGE
2248,NO_COVERAGE
2249,NO_COVERAGE
2250,NO_COVERAGE
2251,NO_COVERAGE
2252,NO_COVERAGE
2253,NO_COVERAGE
2254,NO_COVERAGE
2255,NO_COVERAGE
2256,NO_COVERAGE
2257,NO_COVERAGE
2258,NO_COVERAGE
2259,NO_COVERAGE
2260,NO_COVERAGE
2261,NO_COVERAGE
2262,NO_COVERAGE
2263,NO_COVERAGE
2264,NO_COVERAGE
2265,NO_COVERAGE
2266,NO_COVERAGE
2267,NO_COVERAGE
2268,NO_COVERAGE
2269,NO_COVERAGE
2270,NO_COVERAGE
2271,NO_COVERAGE
2272,NO_COVERAGE
2273,NO_COVERAGE
2274,NO_COVERAGE
2275,NO_COVERAGE
2276,NO_COVERAGE
2277,NO_COVERAGE
2278,NO_COVERAGE
2279,NO_COVERAGE
2280,NO_COVERAGE
2281,NO_COVERAGE
2282,NO_COVERAGE
2283,NO_COVERAGE
2284,NO_COVERAGE
2285,NO_COVERAGE
2286,NO_COVERAGE
2287,NO_COVERAGE
2288,NO_COVERAGE
2289,NO_COVERAGE
2290,NO_COVERAGE
2291,NO_COVERAGE
2292,NO_COVERAGE
2293,NO_COVERAGE
2294,NO_COVERAGE
2295,NO_COVERAGE
2296,NO_COVERAGE
2297,NO_COVERAGE
2298,NO_COVERAGE
2299,NO_COVERAGE
2300,NO_COVERAGE
2301,NO_COVERAGE
2302,NO_COVERAGE
2303,NO_COVERAGE
2304,NO_COVERAGE
2305,NO_COVERAGE
2306,NO_COVERAGE
2307,NO_COVERAGE
2308,NO_COVERAGE
2309,NO_COVERAGE
2310,NO_COVERAGE
2311,NO_COVERAGE
2312,NO_COVERAGE
2313,NO_COVERAGE
2314,NO_COVERAGE
2315,NO_COVERAGE
2316,NO_COVERAGE
2317,NO_COVERAGE
2318,NO_COVERAGE
2319,NO_COVERAGE
2320,NO_COVERAGE
2321,NO_COVERAGE
2322,NO_COVERAGE
2323,NO_COVERAGE
2324,NO_COVERAGE
2325,NO_COVERAGE
2326,NO_COVERAGE
2327,NO_COVERAGE
2328,NO_COVERAGE
2329,NO_COVERAGE
2330,NO_COVERAGE
2331,NO_COVERAGE
2332,NO_COVERAGE
2333,NO_COVERAGE
2334,NO_COVERAGE
2335,NO_COVERAGE
2336,NO_COVERAGE
2337,NO_COVERAGE
2338,NO_COVERAGE
2339,NO_COVERAGE
2340,NO_COVERAGE
2341,NO_COVERAGE
2342,NO_COVERAGE
2343,NO_COVERAGE
2344,NO_COVERAGE
2345,NO_COVERAGE
2346,NO_COVERAGE
2347,NO_COVERAGE
2348,NO_COVERAGE
2349,NO_COVERAGE
2350,NO_COVERAGE
2351,NO_COVERAGE
2352,NO_COVERAGE
2353,NO_COVERAGE
2354,NO_COVERAGE
2355,NO_COVERAGE
2356,NO_COVERAGE
2357,NO_COVERAGE
2358,NO_COVERAGE
2359,NO_COVERAGE
2360,NO_COVERAGE
2361,NO_COVERAGE
2362,NO_COVERAGE
2363,NO_COVERAGE
2364,NO_COVERAGE
2365,NO_COVERAGE
2366,NO_COVERAGE
2367,NO_COVERAGE
2368,NO_COVERAGE
2369,NO_COVERAGE
2370,NO_COVERAGE
2371,NO_COVERAGE
2372,NO_COVERAGE
2373,NO_COVERAGE
2374,NO_COVERAGE
2375,NO_COVERAGE
2376,NO_COVERAGE
2377,NO_COVERAGE
2378,NO_COVERAGE
2379,NO_COVERAGE
2380,NO_COVERAGE
2381,NO_COVERAGE
2382,NO_COVERAGE
2383,NO_COVERAGE
2384,NO_COVERAGE
2385,NO_COVERAGE
2386,NO_COVERAGE
2387,NO_COVERAGE
2388,NO_COVERAGE
2389,NO_COVERAGE
2390,NO_COVERAGE
2391,NO_COVERAGE
2392,NO_COVERAGE
2393,NO_COVERAGE
2394,NO_COVERAGE
2395,NO_COVERAGE
2396,NO_COVERAGE
2397,NO_COVERAGE
2398,NO_COVERAGE
2399,NO_COVERAGE
2400,NO_COVERAGE
2401,NO_COVERAGE
2402,NO_COVERAGE
2403,NO_COVERAGE
2404,NO_COVERAGE
2405,NO_COVERAGE
2406,NO_COVERAGE
2407,NO_COVERAGE
2408,NO_COVERAGE
2409,NO_COVERAGE
2410,NO_COVERAGE
2411,NO_COVERAGE
2412,NO_COVERAGE
2413,NO_COVERAGE
2414,NO_COVERAGE
2415,NO_COVERAGE
2416,NO_COVERAGE
2417,NO_COVERAGE
2418,NO_COVERAGE
2419,NO_COVERAGE
2420,NO_COVERAGE
2421,NO_COVERAGE
2422,NO_COVERAGE
2423,NO_COVERAGE
2424,NO_COVERAGE
2425,NO_COVERAGE
2426,NO_COVERAGE
2427,NO_COVERAGE
2428,NO_COVERAGE
2429,NO_COVERAGE
2430,NO_COVERAGE
2431,NO_COVERAGE
2432,NO_COVERAGE
2433,NO_COVERAGE
2434,NO_COVERAGE
2435,NO_COVERAGE
2436,NO_COVERAGE
2437,NO_COVERAGE
2438,NO_COVERAGE
2439,NO_COVERAGE
2440,NO_COVERAGE
2441,NO_COVERAGE
2442,NO_COVERAGE
2443,NO_COVERAGE
2444,NO_COVERAGE
2445,NO_COVERAGE
2446,NO_COVERAGE
2447,NO_COVERAGE
2448,NO_COVERAGE
2449,NO_COVERAGE
2450,NO_COVERAGE
2451,NO_COVERAGE
2452,NO_COVERAGE
2453,NO_COVERAGE
2454,NO_COVERAGE
2455,NO_COVERAGE
2456,NO_COVERAGE
2457,NO_COVERAGE
2458,NO_COVERAGE
2459,NO_COVERAGE
2460,NO_COVERAGE
2461,NO_COVERAGE
2462,NO_COVERAGE
2463,NO_COVERAGE
2464,NO_COVERAGE
2465,NO_COVERAGE
2466,NO_COVERAGE
2467,NO_COVERAGE
2468,NO_COVERAGE
2469,NO_COVERAGE
2470,NO_COVERAGE
2471,NO_COVERAGE
2472,NO_COVERAGE
2473,NO_COVERAGE
2474,NO_COVERAGE
2475,NO_COVERAGE
2476,NO_COVERAGE
2477,NO_COVERAGE
2478,NO_COVERAGE
2479,NO_COVERAGE
2480,NO_COVERAGE
2481,NO_COVERAGE
2482,NO_COVERAGE
2483,NO_COVERAGE
2484,NO_COVERAGE
2485,NO_COVERAGE
2486,NO_COVERAGE
2487,NO_COVERAGE
2488,NO_COVERAGE
2489,NO_COVERAGE
2490,NO_COVERAGE
2491,NO_COVERAGE
2492,NO_COVERAGE
2493,NO_COVERAGE
2494,NO_COVERAGE
2495,NO_COVERAGE
2496,NO_COVERAGE
2497,NO_COVERAGE
2498,NO_COVERAGE
2499,NO_COVERAGE
2500,NO_COVERAGE
2501,NO_COVERAGE
2502,NO_COVERAGE
2503,NO_COVERAGE
2504,NO_COVERAGE
2505,NO_COVERAGE
2506,NO_COVERAGE
2507,NO_COVERAGE
2508,NO_COVERAGE
2509,NO_COVERAGE
2510,NO_COVERAGE
2511,NO_COVERAGE
2512,NO_COVERAGE
2513,NO_COVERAGE
2514,NO_COVERAGE
2515,NO_COVERAGE
2516,NO_COVERAGE
2517,NO_COVERAGE
2518,NO_COVERAGE
2519,NO_COVERAGE
2520,NO_COVERAGE
2521,NO_COVERAGE
2522,NO_COVERAGE
2523,NO_COVERAGE
2524,NO_COVERAGE
2525,NO_COVERAGE
2526,NO_COVERAGE
2527,NO_COVERAGE
2528,NO_COVERAGE
2529,NO_COVERAGE
2530,NO_COVERAGE
2531,NO_COVERAGE
2532,NO_COVERAGE
2533,NO_COVERAGE
2534,NO_COVERAGE
2535,NO_COVERAGE
2536,NO_COVERAGE
2537,NO_COVERAGE
2538,NO_COVERAGE
2539,NO_COVERAGE
2540,NO_COVERAGE
2541,NO_COVERAGE
2542,NO_COVERAGE
2543,NO_COVERAGE
2544,NO_COVERAGE
2545,NO_COVERAGE
2546,NO_COVERAGE
2547,NO_COVERAGE
2548,NO_COVERAGE
2549,NO_COVERAGE
2550,NO_COVERAGE
2551,NO_COVERAGE
2552,NO_COVERAGE
2553,NO_COVERAGE
2554,NO_COVERAGE
2555,NO_COVERAGE
2556,NO_COVERAGE
2557,NO_COVERAGE
2558,NO_COVERAGE
2559,NO_COVERAGE
2560,NO_COVERAGE
2561,NO_COVERAGE
2562,NO_COVERAGE
2563,NO_COVERAGE
2564,NO_COVERAGE
2565,NO_COVERAGE
2566,NO_COVERAGE
2567,NO_COVERAGE
2568,NO_COVERAGE
2569,NO_COVERAGE
2570,NO_COVERAGE
2571,NO_COVERAGE
2572,NO_COVERAGE
2573,NO_COVERAGE
2574,NO_COVERAGE
2575,NO_COVERAGE
2576,NO_COVERAGE
2577,NO_COVERAGE
2578,NO_COVERAGE
2579,NO_COVERAGE
2580,NO_COVERAGE
2581,NO_COVERAGE
2582,NO_COVERAGE
2583,NO_COVERAGE
2584,NO_COVERAGE
2585,NO_COVERAGE
2586,NO_COVERAGE
2587,NO_COVERAGE
2588,NO_COVERAGE
2589,NO_COVERAGE
2590,NO_COVERAGE
2591,NO_COVERAGE
2592,NO_COVERAGE
2593,NO_COVERAGE
2594,NO_COVERAGE
2595,NO_COVERAGE
2596,NO_COVERAGE
2597,NO_COVERAGE
2598,NO_COVERAGE
2599,NO_COVERAGE
2600,NO_COVERAGE
2601,NO_COVERAGE
2602,NO_COVERAGE
2603,NO_COVERAGE
2604,NO_COVERAGE
2605,NO_COVERAGE
2606,NO_COVERAGE
2607,NO_COVERAGE
2608,NO_COVERAGE
2609,NO_COVERAGE
2610,NO_COVERAGE
2611,NO_COVERAGE
2612,NO_COVERAGE
2613,NO_COVERAGE
2614,NO_COVERAGE
2615,NO_COVERAGE
2616,NO_COVERAGE
2617,NO_COVERAGE
2618,NO_COVERAGE
2619,NO_COVERAGE
2620,NO_COVERAGE
2621,NO_COVERAGE
2622,NO_COVERAGE
2623,NO_COVERAGE
2624,NO_COVERAGE
2625,NO_COVERAGE
2626,NO_COVERAGE
2627,NO_COVERAGE
2628,NO_COVERAGE
2629,NO_COVERAGE
2630,NO_COVERAGE
2631,NO_COVERAGE
2632,NO_COVERAGE
2633,NO_COVERAGE
2634,NO_COVERAGE
2635,NO_COVERAGE
2636,NO_COVERAGE
2637,NO_COVERAGE
2638,NO_COVERAGE
2639,NO_COVERAGE
2640,NO_COVERAGE
2641,NO_COVERAGE
2642,NO_COVERAGE
2643,NO_COVERAGE
2644,NO_COVERAGE
2645,NO_COVERAGE
2646,NO_COVERAGE
2647,NO_COVERAGE
2648,NO_COVERAGE
2649,NO_COVERAGE
2650,NO_COVERAGE
2651,NO_COVERAGE
2652,NO_COVERAGE
2653,NO_COVERAGE
2654,NO_COVERAGE
2655,NO_COVERAGE
2656,NO_COVERAGE
2657,NO_COVERAGE
2658,NO_COVERAGE
2659,NO_COVERAGE
2660,NO_COVERAGE
2661,NO_COVERAGE
2662,NO_COVERAGE
2663,NO_COVERAGE
2664,NO_COVERAGE
2665,NO_COVERAGE
2666,NO_COVERAGE
2667,NO_COVERAGE
2668,NO_COVERAGE
2669,NO_COVERAGE
2670,NO_COVERAGE
2671,NO_COVERAGE
2672,NO_COVERAGE
2673,NO_COVERAGE
2674,NO_COVERAGE
2675,NO_COVERAGE
2676,NO_COVERAGE
2677,NO_COVERAGE
2678,NO_COVERAGE
2679,NO_COVERAGE
2680,NO_COVERAGE
2681,NO_COVERAGE
2682,NO_COVERAGE
2683,NO_COVERAGE
2684,NO_COVERAGE
2685,NO_COVERAGE
2686,NO_COVERAGE
2687,NO_COVERAGE
2688,NO_COVERAGE
2689,NO_COVERAGE
2690,NO_COVERAGE
2691,NO_COVERAGE
2692,NO_COVERAGE
2693,NO_COVERAGE
2694,NO_COVERAGE
2695,NO_COVERAGE
2696,NO_COVERAGE
2697,NO_COVERAGE
2698,NO_COVERAGE
2699,NO_COVERAGE
2700,NO_COVERAGE
2701,NO_COVERAGE
2702,NO_COVERAGE
2703,NO_COVERAGE
2704,NO_COVERAGE
2705,NO_COVERAGE
2706,NO_COVERAGE
2707,NO_COVERAGE
2708,NO_COVERAGE
2709,NO_COVERAGE
2710,NO_COVERAGE
2711,NO_COVERAGE
2712,NO_COVERAGE
2713,NO_COVERAGE
2714,NO_COVERAGE
2715,NO_COVERAGE
2716,NO_COVERAGE
2717,NO_COVERAGE
2718,NO_COVERAGE
2719,NO_COVERAGE
2720,NO_COVERAGE
2721,NO_COVERAGE
2722,NO_COVERAGE
2723,NO_COVERAGE
2724,NO_COVERAGE
2725,NO_COVERAGE
2726,NO_COVERAGE
2727,NO_COVERAGE
2728,NO_COVERAGE
2729,NO_COVERAGE
2730,NO_COVERAGE
2731,NO_COVERAGE
2732,NO_COVERAGE
2733,NO_COVERAGE
2734,NO_COVERAGE
2735,NO_COVERAGE
2736,NO_COVERAGE
2737,NO_COVERAGE
2738,NO_COVERAGE
2739,NO_COVERAGE
2740,NO_COVERAGE
2741,NO_COVERAGE
2742,NO_COVERAGE
2743,NO_COVERAGE
2744,NO_COVERAGE
2745,NO_COVERAGE
2746,NO_COVERAGE
2747,NO_COVERAGE
2748,NO_COVERAGE
2749,NO_COVERAGE
2750,NO_COVERAGE
2751,NO_COVERAGE
2752,NO_COVERAGE
2753,NO_COVERAGE
2754,NO_COVERAGE
2755,NO_COVERAGE
2756,NO_COVERAGE
2757,NO_COVERAGE
2758,NO_COVERAGE
2759,NO_COVERAGE
2760,NO_COVERAGE
2761,NO_COVERAGE
2762,NO_COVERAGE
2763,NO_COVERAGE
2764,NO_COVERAGE
2765,NO_COVERAGE
2766,NO_COVERAGE
2767,NO_COVERAGE
2768,NO_COVERAGE
2769,NO_COVERAGE
2770,NO_COVERAGE
2771,NO_COVERAGE
2772,NO_COVERAGE
2773,NO_COVERAGE
2774,NO_COVERAGE
2775,NO_COVERAGE
2776,NO_COVERAGE
2777,NO_COVERAGE
2778,NO_COVERAGE
2779,NO_COVERAGE
2780,NO_COVERAGE
2781,NO_COVERAGE
2782,NO_COVERAGE
2783,NO_COVERAGE
2784,NO_COVERAGE
2785,NO_COVERAGE
2786,NO_COVERAGE
2787,NO_COVERAGE
2788,NO_COVERAGE
2789,NO_COVERAGE
2790,NO_COVERAGE
2791,NO_COVERAGE
2792,NO_COVERAGE
2793,NO_COVERAGE
2794,NO_COVERAGE
2795,NO_COVERAGE
2796,NO_COVERAGE
2797,NO_COVERAGE
2798,NO_COVERAGE
2799,NO_COVERAGE
2800,NO_COVERAGE
2801,NO_COVERAGE
2802,NO_COVERAGE
2803,NO_COVERAGE
2804,NO_COVERAGE
2805,NO_COVERAGE
2806,NO_COVERAGE
2807,NO_COVERAGE
2808,NO_COVERAGE
2809,NO_COVERAGE
2810,NO_COVERAGE
2811,NO_COVERAGE
2812,NO_COVERAGE
2813,NO_COVERAGE
2814,NO_COVERAGE
2815,NO_COVERAGE
2816,NO_COVERAGE
2817,NO_COVERAGE
2818,NO_COVERAGE
2819,NO_COVERAGE
2820,NO_COVERAGE
2821,NO_COVERAGE
2822,NO_COVERAGE
2823,NO_COVERAGE
2824,NO_COVERAGE
2825,NO_COVERAGE
2826,NO_COVERAGE
2827,NO_COVERAGE
2828,NO_COVERAGE
2829,NO_COVERAGE
2830,NO_COVERAGE
2831,NO_COVERAGE
2832,NO_COVERAGE
2833,NO_COVERAGE
2834,NO_COVERAGE
2835,NO_COVERAGE
2836,NO_COVERAGE
2837,NO_COVERAGE
2838,NO_COVERAGE
2839,NO_COVERAGE
2840,NO_COVERAGE
2841,NO_COVERAGE
2842,NO_COVERAGE
2843,NO_COVERAGE
2844,NO_COVERAGE
2845,NO_COVERAGE
2846,NO_COVERAGE
2847,NO_COVERAGE
2848,NO_COVERAGE
2849,NO_COVERAGE
2850,NO_COVERAGE
2851,NO_COVERAGE
2852,NO_COVERAGE
2853,NO_COVERAGE
2854,NO_COVERAGE
2855,NO_COVERAGE
2856,NO_COVERAGE
2857,NO_COVERAGE
2858,NO_COVERAGE
2859,NO_COVERAGE
2860,NO_COVERAGE
2861,NO_COVERAGE
2862,NO_COVERAGE
2863,NO_COVERAGE
2864,NO_COVERAGE
2865,NO_COVERAGE
2866,NO_COVERAGE
2867,NO_COVERAGE
2868,NO_COVERAGE
2869,NO_COVERAGE
2870,NO_COVERAGE
2871,NO_COVERAGE
2872,NO_COVERAGE
2873,NO_COVERAGE
2874,NO_COVERAGE
2875,NO_COVERAGE
2876,NO_COVERAGE
2877,NO_COVERAGE
2878,NO_COVERAGE
2879,NO_COVERAGE
2880,NO_COVERAGE
2881,NO_COVERAGE
2882,NO_COVERAGE
2883,NO_COVERAGE
2884,NO_COVERAGE
2885,NO_COVERAGE
2886,NO_COVERAGE
2887,NO_COVERAGE
2888,NO_COVERAGE
2889,NO_COVERAGE
2890,NO_COVERAGE
2891,NO_COVERAGE
2892,NO_COVERAGE
2893,NO_COVERAGE
2894,NO_COVERAGE
2895,NO_COVERAGE
2896,NO_COVERAGE
2897,NO_COVERAGE
2898,NO_COVERAGE
2899,NO_COVERAGE
2900,NO_COVERAGE
2901,NO_COVERAGE
2902,NO_COVERAGE
2903,NO_COVERAGE
2904,NO_COVERAGE
2905,NO_COVERAGE
2906,NO_COVERAGE
2907,NO_COVERAGE
2908,NO_COVERAGE
2909,NO_COVERAGE
2910,NO_COVERAGE
2911,NO_COVERAGE
2912,NO_COVERAGE
2913,NO_COVERAGE
2914,NO_COVERAGE
2915,NO_COVERAGE
2916,NO_COVERAGE
2917,NO_COVERAGE
2918,NO_COVERAGE
2919,NO_COVERAGE
2920,NO_COVERAGE
2921,NO_COVERAGE
2922,NO_COVERAGE
2923,NO_COVERAGE
2924,NO_COVERAGE
2925,NO_COVERAGE
2926,NO_COVERAGE
2927,NO_COVERAGE
2928,NO_COVERAGE
2929,NO_COVERAGE
2930,NO_COVERAGE
2931,NO_COVERAGE
2932,NO_COVERAGE
2933,NO_COVERAGE
2934,NO_COVERAGE
2935,NO_COVERAGE
2936,NO_COVERAGE
2937,NO_COVERAGE
2938,NO_COVERAGE
2939,NO_COVERAGE
2940,NO_COVERAGE
2941,KILLED,2
2942,NO_COVERAGE
2943,NO_COVERAGE
2944,KILLED,2
2945,NO_COVERAGE
2946,NO_COVERAGE
2947,KILLED,2
2948,KILLED,2
2949,KILLED,2
2950,NO_COVERAGE
2951,NO_COVERAGE
2952,KILLED,2
2953,NO_COVERAGE
2954,KILLED,2
2955,KILLED,2
2956,KILLED,2
2957,KILLED,2
2958,KILLED,2
2959,KILLED,2
2960,KILLED,2
2961,KILLED,2
2962,KILLED,2
2963,KILLED,2
2964,KILLED,2
2965,KILLED,2
2966,KILLED,2
2967,KILLED,2
2968,KILLED,2
2969,KILLED,2
2970,KILLED,2
2971,KILLED,2
2972,KILLED,2
2973,KILLED,2
2974,KILLED,2
2975,KILLED,2
2976,KILLED,2
2977,KILLED,2
2978,KILLED,2
2979,KILLED,2
2980,KILLED,2
2981,KILLED,2
2982,KILLED,2
2983,KILLED,2
2984,NO_COVERAGE
2985,NO_COVERAGE
2986,NO_COVERAGE
2987,NO_COVERAGE
2988,NO_COVERAGE
2989,NO_COVERAGE
2990,KILLED,1,2
2991,KILLED,1,2
2992,NO_COVERAGE
2993,KILLED,1
2994,KILLED,1
2995,KILLED,1,2
2996,KILLED,1,2
2997,KILLED,1,2
2998,KILLED,1,2
2999,KILLED,1
3000,SURVIVED
3001,KILLED,1,2
3002,KILLED,1,2
3003,KILLED,1,2
3004,KILLED,1,2
3005,KILLED,1
3006,NO_COVERAGE
3007,NO_COVERAGE
3008,KILLED,1
3009,KILLED,1
3010,KILLED,1
3011,SURVIVED
3012,KILLED,1,2
3013,KILLED,1,2
3014,KILLED,1,2
3015,KILLED,1
3016,SURVIVED
3017,KILLED,1
3018,SURVIVED
3019,SURVIVED
3020,SURVIVED
3021,KILLED,1,2
3022,KILLED,1,2
3023,KILLED,1
3024,SURVIVED
3025,KILLED,1,2
3026,NO_COVERAGE
3027,NO_COVERAGE
3028,NO_COVERAGE
3029,NO_COVERAGE
3030,NO_COVERAGE
3031,NO_COVERAGE
3032,NO_COVERAGE
3033,NO_COVERAGE
3034,NO_COVERAGE
3035,NO_COVERAGE
3036,NO_COVERAGE
3037,NO_COVERAGE
3038,NO_COVERAGE
3039,NO_COVERAGE
3040,NO_COVERAGE
3041,NO_COVERAGE
3042,NO_COVERAGE
3043,NO_COVERAGE
3044,NO_COVERAGE
3045,NO_COVERAGE
3046,NO_COVERAGE
3047,NO_COVERAGE
3048,NO_COVERAGE
3049,NO_COVERAGE
3050,NO_COVERAGE
3051,NO_COVERAGE
3052,NO_COVERAGE
3053,NO_COVERAGE
3054,NO_COVERAGE
3055,NO_COVERAGE
3056,NO_COVERAGE
3057,NO_COVERAGE
3058,NO_COVERAGE
3059,NO_COVERAGE
3060,NO_COVERAGE
3061,NO_COVERAGE
3062,NO_COVERAGE
3063,NO_COVERAGE
3064,NO_COVERAGE
3065,NO_COVERAGE
3066,NO_COVERAGE
3067,NO_COVERAGE
3068,NO_COVERAGE
3069,NO_COVERAGE
3070,NO_COVERAGE
3071,NO_COVERAGE
3072,NO_COVERAGE
3073,NO_COVERAGE
3074,NO_COVERAGE
3075,NO_COVERAGE
3076,NO_COVERAGE
3077,NO_COVERAGE
3078,NO_COVERAGE
3079,NO_COVERAGE
3080,NO_COVERAGE
3081,NO_COVERAGE
3082,NO_COVERAGE
3083,NO_COVERAGE
3084,NO_COVERAGE
3085,NO_COVERAGE
3086,NO_COVERAGE
3087,NO_COVERAGE
3088,NO_COVERAGE
3089,NO_COVERAGE
3090,NO_COVERAGE
3091,NO_COVERAGE
3092,NO_COVERAGE
3093,NO_COVERAGE
3094,NO_COVERAGE
3095,NO_COVERAGE
3096,NO_COVERAGE
3097,NO_COVERAGE
3098,NO_COVERAGE
3099,NO_COVERAGE
3100,NO_COVERAGE
3101,NO_COVERAGE
3102,NO_COVERAGE
3103,NO_COVERAGE
3104,NO_COVERAGE
3105,NO_COVERAGE
3106,NO_COVERAGE
3107,NO_COVERAGE
3108,NO_COVERAGE
3109,NO_COVERAGE
3110,NO_COVERAGE
3111,NO_COVERAGE
3112,NO_COVERAGE
3113,NO_COVERAGE
3114,NO_COVERAGE
3115,NO_COVERAGE
3116,NO_COVERAGE
3117,NO_COVERAGE
3118,NO_COVERAGE
3119,NO_COVERAGE
3120,NO_COVERAGE
3121,NO_COVERAGE
3122,NO_COVERAGE
3123,NO_COVERAGE
3124,NO_COVERAGE
3125,NO_COVERAGE
3126,NO_COVERAGE
3127,NO_COVERAGE
3128,NO_COVERAGE
3129,NO_COVERAGE
3130,NO_COVERAGE
3131,NO_COVERAGE
3132,NO_COVERAGE
3133,NO_COVERAGE
3134,NO_COVERAGE
3135,NO_COVERAGE
3136,NO_COVERAGE
3137,NO_COVERAGE
3138,NO_COVERAGE
3139,NO_COVERAGE
3140,NO_COVERAGE
3141,NO_COVERAGE
3142,NO_COVERAGE
3143,NO_COVERAGE
3144,NO_COVERAGE
3145,NO_COVERAGE
3146,NO_COVERAGE
3147,NO_COVERAGE
3148,NO_COVERAGE
3149,NO_COVERAGE
3150,NO_COVERAGE
3151,NO_COVERAGE
3152,NO_COVERAGE
3153,NO_COVERAGE
3154,NO_COVERAGE
3155,NO_COVERAGE
3156,NO_COVERAGE
3157,NO_COVERAGE
3158,NO_COVERAGE
3159,NO_COVERAGE
3160,NO_COVERAGE
3161,NO_COVERAGE
3162,NO_COVERAGE
3163,NO_COVERAGE
3164,NO_COVERAGE
3165,NO_COVERAGE
3166,NO_COVERAGE
3167,NO_COVERAGE
3168,NO_COVERAGE
3169,NO_COVERAGE
3170,NO_COVERAGE
3171,NO_COVERAGE
3172,NO_COVERAGE
3173,NO_COVERAGE
3174,NO_COVERAGE
3175,NO_COVERAGE
3176,NO_COVERAGE
3177,NO_COVERAGE
3178,NO_COVERAGE
3179,NO_COVERAGE
3180,NO_COVERAGE
3181,NO_COVERAGE
3182,NO_COVERAGE
3183,NO_COVERAGE
3184,NO_COVERAGE
3185,NO_COVERAGE
3186,NO_COVERAGE
3187,NO_COVERAGE
3188,NO_COVERAGE
3189,NO_COVERAGE
3190,NO_COVERAGE
3191,NO_COVERAGE
3192,NO_COVERAGE
3193,NO_COVERAGE
3194,NO_COVERAGE
3195,NO_COVERAGE
3196,NO_COVERAGE
3197,NO_COVERAGE
3198,NO_COVERAGE
3199,NO_COVERAGE
3200,NO_COVERAGE
3201,NO_COVERAGE
3202,NO_COVERAGE
3203,NO_COVERAGE
3204,NO_COVERAGE
3205,NO_COVERAGE
3206,NO_COVERAGE
3207,NO_COVERAGE
3208,NO_COVERAGE
3209,NO_COVERAGE
3210,NO_COVERAGE
3211,NO_COVERAGE
3212,NO_COVERAGE
3213,NO_COVERAGE
3214,NO_COVERAGE
3215,NO_COVERAGE
3216,NO_COVERAGE
3217,NO_COVERAGE
3218,NO_COVERAGE
3219,NO_COVERAGE
3220,NO_COVERAGE
3221,NO_COVERAGE
3222,NO_COVERAGE
3223,NO_COVERAGE
3224,NO_COVERAGE
3225,NO_COVERAGE
3226,NO_COVERAGE
3227,NO_COVERAGE
3228,NO_COVERAGE
3229,NO_COVERAGE
3230,NO_COVERAGE
3231,NO_COVERAGE
3232,NO_COVERAGE
3233,NO_COVERAGE
3234,NO_COVERAGE
3235,NO_COVERAGE
3236,NO_COVERAGE
3237,NO_COVERAGE
3238,NO_COVERAGE
3239,NO_COVERAGE
3240,NO_COVERAGE
3241,NO_COVERAGE
3242,NO_COVERAGE
3243,NO_COVERAGE
3244,NO_COVERAGE
3245,NO_COVERAGE
3246,NO_COVERAGE
3247,NO_COVERAGE
3248,NO_COVERAGE
3249,NO_COVERAGE
3250,NO_COVERAGE
3251,NO_COVERAGE
3252,NO_COVERAGE
3253,NO_COVERAGE
3254,NO_COVERAGE
3255,NO_COVERAGE
3256,NO_COVERAGE
3257,NO_COVERAGE
3258,NO_COVERAGE
3259,NO_COVERAGE
3260,NO_COVERAGE
3261,NO_COVERAGE
3262,NO_COVERAGE
3263,NO_COVERAGE
3264,NO_COVERAGE
3265,NO_COVERAGE
3266,NO_COVERAGE
3267,NO_COVERAGE
3268,NO_COVERAGE
3269,NO_COVERAGE
3270,NO_COVERAGE
3271,NO_COVERAGE
3272,NO_COVERAGE
3273,NO_COVERAGE
3274,NO_COVERAGE
3275,NO_COVERAGE
3276,NO_COVERAGE
3277,NO_COVERAGE
3278,NO_COVERAGE
3279,NO_COVERAGE
3280,NO_COVERAGE
3281,NO_COVERAGE
3282,NO_COVERAGE
3283,NO_COVERAGE
3284,NO_COVERAGE
3285,NO_COVERAGE
3286,NO_COVERAGE
3287,NO_COVERAGE
3288,NO_COVERAGE
3289,NO_COVERAGE
3290,NO_COVERAGE
3291,NO_COVERAGE
3292,NO_COVERAGE
3293,NO_COVERAGE
3294,NO_COVERAGE
3295,NO_COVERAGE
3296,NO_COVERAGE
3297,NO_COVERAGE
3298,NO_COVERAGE
3299,NO_COVERAGE
3300,NO_COVERAGE
3301,NO_COVERAGE
3302,NO_COVERAGE
3303,NO_COVERAGE
3304,NO_COVERAGE
3305,NO_COVERAGE
3306,NO_COVERAGE
3307,NO_COVERAGE
3308,NO_COVERAGE
3309,NO_COVERAGE
3310,NO_COVERAGE
3311,NO_COVERAGE
3312,NO_COVERAGE
3313,NO_COVERAGE
3314,NO_COVERAGE
3315,NO_COVERAGE
3316,NO_COVERAGE
3317,NO_COVERAGE
3318,NO_COVERAGE
3319,NO_COVERAGE
3320,NO_COVERAGE
3321,NO_COVERAGE
3322,NO_COVERAGE
3323,NO_COVERAGE
3324,NO_COVERAGE
3325,NO_COVERAGE
3326,NO_COVERAGE
3327,NO_COVERAGE
3328,NO_COVERAGE
3329,NO_COVERAGE
3330,NO_COVERAGE
3331,NO_COVERAGE
3332,NO_COVERAGE
3333,NO_COVERAGE
3334,NO_COVERAGE
3335,NO_COVERAGE
3336,NO_COVERAGE
3337,NO_COVERAGE
3338,NO_COVERAGE
3339,NO_COVERAGE
