1,TIMED_OUT
2,KILLED,46,19
3,KILLED,46
4,TIMED_OUT
5,TIMED_OUT
6,KILLED,46
7,SURVIVED
8,KILLED,46,19
9,KILLED,46,19
10,KILLED,46
11,KILLED,46,68,23,33,60,25,28,55,67,3,57,71,10,53,14,62,12,26,35,50,9,2,61,19
12,KILLED,46,19
13,KILLED,46
14,KILLED,46
15,KILLED,46
16,KILLED,46,19
17,KILLED,46
18,KILLED,46
19,KILLED,46
20,TIMED_OUT
21,KILLED,46,19
22,KILLED,46
23,KILLED,46
24,KILLED,46
25,KILLED,46,19
26,KILLED,46
27,KILLED,46
28,KILLED,46
29,TIMED_OUT
30,KILLED,46,19
31,KILLED,46,19
32,KILLED,46,19
33,KILLED,46,19
34,KILLED,46,19
35,KILLED,46,19
36,KILLED,46
37,KILLED,46
38,KILLED,46
39,KILLED,46,19
40,KILLED,46
41,KILLED,46
42,KILLED,46
43,TIMED_OUT
44,TIMED_OUT
45,KILLED,46,68,23,33,60,25,28,55,67,3,57,71,10,53,14,62,12,26,35,50,9,2,61,19
46,KILLED,46,19
47,KILLED,46
48,KILLED,46
49,KILLED,46
50,KILLED,46,19
51,KILLED,46
52,KILLED,46
53,KILLED,46
54,SURVIVED
55,SURVIVED
56,SURVIVED
57,SURVIVED
58,SURVIVED
59,SURVIVED
60,SURVIVED
61,SURVIVED
62,KILLED,46
63,TIMED_OUT
64,KILLED,46,68,23,33,60,25,28,55,67,3,57,71,10,53,14,62,12,26,35,50,9,2,61,19
65,KILLED,46
66,KILLED,46,19
67,KILLED,46,19
68,KILLED,46
69,KILLED,46
70,KILLED,46
71,KILLED,46
72,KILLED,46
73,KILLED,46
74,KILLED,46,19
75,KILLED,46,19
76,KILLED,46
77,KILLED,46
78,KILLED,46
79,KILLED,46
80,KILLED,46
81,KILLED,46,19
82,KILLED,46,68,23,33,60,25,28,55,67,3,57,71,10,53,14,62,12,26,35,50,9,2,61,19
83,TIMED_OUT
84,TIMED_OUT
85,KILLED,39,3
86,SURVIVED
87,KILLED,39,3
88,TIMED_OUT
89,KILLED,39,48,68,33,60,55,67,3,57,71,10,14,62,12,35,9,2,61,19
90,KILLED,39,3
91,KILLED,39,3
92,TIMED_OUT
93,TIMED_OUT
94,KILLED,49,45,43,42,53,62,26,35,50,61
95,KILLED,49,43,42,53,62,26,35,50
96,KILLED,49,45,43,42,53,62,26,35,50,61
97,KILLED,49,45,43,42,53,62,26,35,50
98,KILLED,49
99,KILLED,49,43,42,53,62,26,35,50
100,KILLED,49,45,43,42,53,62,26,35,50
101,KILLED,49,43,42,53,62,26,35,50
102,KILLED,49,43,42,53,62,26,35,50
103,KILLED,49,43,42,53,62,26,35,50
104,KILLED,49,45,43,42,53,62,26,35,50
105,KILLED,49,43,42,53,62,26,35,50
106,KILLED,49,45,43,42,53,62,26,35,50,61
107,KILLED,49,43,42,53,62,26,35,50
108,KILLED,49,43,42,53,62,26,35,50
109,TIMED_OUT
110,KILLED,19
111,KILLED,53
112,TIMED_OUT
113,SURVIVED
114,KILLED,68,23,33,60,25,28,55,67,3,57,71,10,53,14,62,12,26,35,50,9,2,61,19
115,KILLED,68,23,33,60,25,28,55,67,3,57,71,10,53,14,62,12,26,35,50,9,2,61,19
116,KILLED,53
117,KILLED,68,23,33,60,25,28,55,67,3,57,71,10,53,14,62,12,26,35,50,9,2,61,19
118,TIMED_OUT
119,SURVIVED
120,KILLED,53
121,KILLED,53
122,KILLED,53
123,KILLED,53
124,KILLED,53
125,KILLED,53
126,SURVIVED
127,SURVIVED
128,SURVIVED
129,SURVIVED
130,KILLED,19
131,SURVIVED
132,SURVIVED
133,SURVIVED
134,KILLED,19
135,SURVIVED
136,TIMED_OUT
137,KILLED,68,23,33,60,25,28,55,67,3,57,71,10,53,14,62,12,26,35,50,9,2,61,19
138,KILLED,53
139,SURVIVED
140,KILLED,53
141,KILLED,53
142,KILLED,53
143,SURVIVED
144,KILLED,68,23,33,60,25,28,55,67,3,57,71,10,53,14,62,12,26,35,50,9,2,61,19
145,KILLED,26
146,NO_COVERAGE
147,KILLED,68,23,33,60,25,28,55,67,3,57,71,10,53,14,62,12,26,35,50,9,2,61,19
148,TIMED_OUT
149,KILLED,52,68,23,33,60,25,28,55,67,3,57,71,10,53,14,62,12,54,26,35,50,9,2,61,19
150,KILLED,52,68,23,33,60,25,28,55,67,3,57,71,10,53,14,62,12,54,26,35,50,9,2,61,19
151,KILLED,52,68,23,33,60,25,28,55,67,3,57,71,10,53,14,62,12,54,26,35,50,9,2,61,19
152,KILLED,68,23,33,60,25,28,55,67,3,57,71,10,53,14,62,12,26,35,50,9,2,61,19
153,TIMED_OUT
154,KILLED,68,23,33,60,25,28,55,67,3,57,71,10,53,14,62,12,26,35,50,9,2,61,19
155,KILLED,68,23,33,60,25,28,55,67,3,57,71,10,53,14,62,12,26,35,50,9,2,61,19
156,NO_COVERAGE
157,NO_COVERAGE
158,NO_COVERAGE
159,NO_COVERAGE
160,NO_COVERAGE
161,NO_COVERAGE
162,NO_COVERAGE
163,NO_COVERAGE
164,NO_COVERAGE
165,KILLED,68,23,33,60,25,28,55,67,3,57,71,10,53,14,62,12,26,35,50,9,2,61,19
166,KILLED,68,23,33,60,25,28,55,67,3,57,71,10,53,14,62,12,26,35,50,9,2,61,19
167,KILLED,52,68,23,33,60,25,28,55,67,3,57,71,10,53,14,62,12,54,26,35,50,9,2,61,19
168,TIMED_OUT
169,KILLED,68,23,33,60,25,28,55,67,3,57,71,10,53,14,62,12,26,35,50,9,2,61,19
170,NO_COVERAGE
171,TIMED_OUT
172,KILLED,48,55,3,57,2
173,KILLED,48,55,3,57,2
174,KILLED,48,55,3,57,2
175,KILLED,48,55,57,2
176,KILLED,48,55,3,57,2
177,KILLED,48,60,3,62,2,61
178,KILLED,48,60,55,57,62,61
179,KILLED,48,3,2
180,KILLED,48,55,57
181,KILLED,48,55,3,57,2
182,KILLED,48,55,3,57,2
183,KILLED,48,55,3,57,2
184,KILLED,60,62,61
185,KILLED,48,55,57
186,KILLED,48,3,2
187,KILLED,60,62,61
188,KILLED,48,60,55,3,57,62,2,61
189,KILLED,41,74
190,KILLED,41,74
191,KILLED,41,74
192,KILLED,41,74
193,KILLED,41,74
194,KILLED,41,74
195,KILLED,41,74
196,KILLED,41,74,73,76,19
197,KILLED,41,74,73,76,19
198,KILLED,41,74
199,KILLED,41,74,73,76,19
200,SURVIVED
201,KILLED,41,74
202,KILLED,41,74
203,KILLED,41,74
204,KILLED,41,74
205,KILLED,41,74
206,KILLED,41,74
207,KILLED,41,74
208,KILLED,41,74
209,KILLED,41,74
210,KILLED,41,74,73,76,19
211,SURVIVED
212,KILLED,41,74
213,KILLED,41
214,KILLED,41,74
215,KILLED,47,26
216,KILLED,47,52,68,23,33,60,25,28,55,67,3,57,71,10,53,14,62,12,54,26,35,50,9,2,61,19
217,KILLED,47,52,68,23,33,60,25,28,55,67,3,57,71,10,53,14,62,12,54,26,35,50,9,2,61,19
218,KILLED,47,26
219,SURVIVED
220,KILLED,47,68,23,33,60,25,28,55,67,3,57,71,10,53,14,62,12,26,35,50,9,2,61,19
221,KILLED,47,68,23,33,60,25,28,55,67,3,57,71,10,53,14,62,12,26,35,50,9,2,61,19
222,KILLED,47,26
223,KILLED,47,23,3,26
224,KILLED,47,68,23,33,60,25,28,55,67,3,57,71,10,53,14,62,12,26,35,50,9,2,61,19
225,KILLED,47,68,23,33,60,25,28,55,67,3,57,71,10,53,14,62,12,26,35,50,9,2,61,19
226,KILLED,47,52,68,23,33,60,25,28,55,67,3,57,71,10,53,14,62,12,54,26,35,50,9,2,61,19
227,KILLED,47,26
228,KILLED,47,52,68,23,33,60,25,28,55,67,3,57,71,10,53,14,62,12,54,26,35,50,9,2,61,19
229,KILLED,47,23,71,61
230,KILLED,47,52,68,23,33,60,25,28,55,67,3,57,71,10,53,14,62,12,54,26,35,50,9,2,61,19
231,KILLED,47,68,23,33,60,25,28,55,67,3,57,71,10,53,14,62,12,26,35,50,9,2,61,19
232,KILLED,47,26
233,KILLED,47,52,68,23,33,60,25,28,55,67,3,57,71,10,53,14,62,12,54,26,35,50,9,2,61,19
234,KILLED,47,68,23,33,60,25,28,55,67,3,57,71,10,53,14,62,12,26,35,50,9,2,61,19
235,KILLED,47,68,23,33,60,25,28,55,67,3,57,71,10,53,14,62,12,26,35,50,9,2,61,19
236,KILLED,47,26
237,KILLED,47,52,68,23,33,60,25,28,55,67,3,57,71,10,53,14,62,12,54,26,35,50,9,2,61,19
238,KILLED,45,43,42,41,74,52,68,73,23,33,60,25,28,55,67,3,57,71,10,53,14,62,12,54,26,35,50,9,2,61,76,19
239,SURVIVED
240,KILLED,45,43,42,41,74,52,68,73,23,33,60,25,28,55,67,3,57,71,10,53,14,62,12,54,26,35,50,9,2,61,76,19
241,TIMED_OUT
242,TIMED_OUT
243,TIMED_OUT
244,KILLED,37,68,25,28,71
245,KILLED,37,42,68,23,33,60,25,28,55,67,3,57,71,10,53,14,62,12,26,35,50,9,2,19
246,KILLED,37,42,68,23,33,60,25,28,55,67,3,57,71,10,53,14,62,12,26,35,50,9,2,19
247,TIMED_OUT
248,KILLED,37,42,68,23,33,60,25,28,55,67,3,57,71,10,53,14,62,12,26,35,50,9,2,19
249,TIMED_OUT
250,TIMED_OUT
251,KILLED,37,42,68,23,33,60,25,28,55,67,3,57,71,10,53,14,62,12,26,35,50,9,2,19
252,KILLED,37,42,68,23,33,60,25,28,55,67,3,57,71,10,53,14,62,12,26,35,50,9,2,19
253,TIMED_OUT
254,TIMED_OUT
255,KILLED,37,42,68,23,33,60,25,28,55,67,3,57,71,10,53,14,62,12,26,35,50,9,2,19
256,TIMED_OUT
257,TIMED_OUT
258,KILLED,44,53
259,TIMED_OUT
260,KILLED,44,53
261,KILLED,44,53
262,SURVIVED
263,TIMED_OUT
264,SURVIVED
265,KILLED,42,26,35
266,SURVIVED
267,KILLED,42,68,23,33,60,25,28,55,67,3,57,71,10,14,62,12,26,35,9,2,61,19
268,KILLED,42,68,25,12,26,35,9
269,KILLED,42,26,35
270,KILLED,42,26,35
271,KILLED,42,68,23,33,60,25,28,55,67,3,57,71,10,14,62,12,26,35,9,2,19
272,KILLED,42,26,35
273,SURVIVED
274,SURVIVED
275,KILLED,42,26,35
276,TIMED_OUT
277,KILLED,42,68,23,33,60,25,28,55,67,3,57,71,10,14,62,12,26,35,9,2,19
278,KILLED,42,26,35
279,KILLED,42,26,35
280,TIMED_OUT
281,KILLED,68,25,12,9
282,SURVIVED
283,KILLED,42,26,35
284,SURVIVED
285,TIMED_OUT
286,SURVIVED
287,SURVIVED
288,KILLED,43,42,53,26,35,50
289,SURVIVED
290,KILLED,50
291,SURVIVED
292,KILLED,43,42,53,62,26,35,50
293,KILLED,43,42,53,26,35,50
294,KILLED,43,42,53,62,26,35,50
295,TIMED_OUT
296,TIMED_OUT
297,TIMED_OUT
298,KILLED,43,42,53,62,26,35,50
299,KILLED,43,61
300,KILLED,43,42,53,62,26,35,50
301,SURVIVED
302,KILLED,50
303,SURVIVED
304,KILLED,50
305,KILLED,50
306,SURVIVED
307,KILLED,43,42,53,26,35,50
308,SURVIVED
309,KILLED,43,42,53,26,35,50
310,KILLED,43,42,53,26,35,50
311,SURVIVED
312,KILLED,43,42,53,62,26,35,50,61
313,KILLED,43,42,53,62,26,35,50
314,KILLED,43,42,53,62,26,35,50
315,NO_COVERAGE
316,KILLED,50
317,KILLED,50
318,KILLED,43,42,53,26,35,50
319,KILLED,43,42,53,26,35,50
320,KILLED,43,42,53,62,26,35,50
321,KILLED,43,42,53,62,26,35,50
322,KILLED,43,42,53,62,26,35,50,61
323,KILLED,43,61
324,KILLED,43,61
325,KILLED,43,42,53,62,26,35,50
326,KILLED,43,42,53,62,26,35,50
327,TIMED_OUT
328,KILLED,43,42,53,62,26,35,50
329,KILLED,43,42,53,62,26,35,50
330,SURVIVED
331,KILLED,43,42,53,62,26,35,50
332,NO_COVERAGE
333,SURVIVED
334,KILLED,50
335,KILLED,50
336,SURVIVED
337,KILLED,43,42,53,26,35,50
338,KILLED,43,42,53,26,35,50
339,KILLED,43,42,53,62,26,35,50
340,KILLED,43,42,53,62,26,35,50
341,KILLED,43,42,53,62,26,35,50
342,KILLED,43,61
343,SURVIVED
344,NO_COVERAGE
345,KILLED,43,42,53,62,26,35,50
346,KILLED,43,42,53,62,26,35,50
347,KILLED,43,42,53,62,26,35,50
348,NO_COVERAGE
349,SURVIVED
350,KILLED,43,42,53,62,26,35,50
351,KILLED,50
352,KILLED,50
353,KILLED,43,42,53,62,26,35,50
354,KILLED,43,42,53,26,35,50
355,KILLED,43,42,53,26,35,50
356,TIMED_OUT
357,SURVIVED
358,TIMED_OUT
359,SURVIVED
360,KILLED,43,42,53,62,26,35,50
361,KILLED,43,42,53,62,26,35,50
362,KILLED,43,61
363,KILLED,42,53,62,26,35,50
364,KILLED,43,42,53,62,26,35,50
365,KILLED,50
366,TIMED_OUT
367,TIMED_OUT
368,KILLED,43,42,53,62,26,35,50
369,SURVIVED
370,SURVIVED
371,SURVIVED
372,KILLED,45
373,KILLED,45
374,KILLED,45
375,KILLED,45
376,KILLED,45
377,SURVIVED
378,KILLED,45
379,KILLED,45
380,KILLED,45
381,KILLED,45
382,KILLED,45
383,KILLED,45
384,KILLED,45
385,KILLED,45
386,KILLED,45
387,SURVIVED
388,KILLED,45
389,SURVIVED
390,SURVIVED
391,SURVIVED
392,KILLED,15
393,KILLED,15
394,KILLED,15
395,KILLED,15
396,KILLED,15
397,SURVIVED
398,KILLED,15
399,KILLED,15
400,KILLED,15
401,KILLED,15
402,KILLED,15
403,TIMED_OUT
404,KILLED,15
405,KILLED,15
406,KILLED,15
407,KILLED,15
408,KILLED,15
409,KILLED,15
410,KILLED,15
411,KILLED,15
412,KILLED,15
413,KILLED,15
414,SURVIVED
415,KILLED,15
416,SURVIVED
417,KILLED,15
418,SURVIVED
419,SURVIVED
420,SURVIVED
421,SURVIVED
422,SURVIVED
423,SURVIVED
424,KILLED,15
425,SURVIVED
426,KILLED,15
427,KILLED,15
428,KILLED,15
429,KILLED,15
430,KILLED,15
431,KILLED,15
432,SURVIVED
433,KILLED,15
434,KILLED,15
435,KILLED,15
436,KILLED,15
437,SURVIVED
438,SURVIVED
439,KILLED,15
440,SURVIVED
441,SURVIVED
442,KILLED,16,17
443,KILLED,16,17
444,KILLED,16,17
445,KILLED,17
446,KILLED,16,17
447,KILLED,16,17
448,KILLED,16,17
449,KILLED,16,17
450,KILLED,16,17
451,SURVIVED
452,SURVIVED
453,KILLED,16,17
454,SURVIVED
455,KILLED,16
456,KILLED,16
457,SURVIVED
458,KILLED,16
459,SURVIVED
460,KILLED,16
461,KILLED,16
462,KILLED,16
463,KILLED,16
464,KILLED,16
465,KILLED,16
466,SURVIVED
467,KILLED,16
468,KILLED,16
469,KILLED,16
470,SURVIVED
471,SURVIVED
472,KILLED,16
473,KILLED,16
474,SURVIVED
475,KILLED,16
476,NO_COVERAGE
477,NO_COVERAGE
478,NO_COVERAGE
479,NO_COVERAGE
480,NO_COVERAGE
481,NO_COVERAGE
482,NO_COVERAGE
483,NO_COVERAGE
484,NO_COVERAGE
485,NO_COVERAGE
486,NO_COVERAGE
487,NO_COVERAGE
488,NO_COVERAGE
489,NO_COVERAGE
490,NO_COVERAGE
491,NO_COVERAGE
492,NO_COVERAGE
493,NO_COVERAGE
494,NO_COVERAGE
495,NO_COVERAGE
496,NO_COVERAGE
497,NO_COVERAGE
498,NO_COVERAGE
499,NO_COVERAGE
500,NO_COVERAGE
501,NO_COVERAGE
502,NO_COVERAGE
503,NO_COVERAGE
504,NO_COVERAGE
505,NO_COVERAGE
506,NO_COVERAGE
507,NO_COVERAGE
508,NO_COVERAGE
509,NO_COVERAGE
510,NO_COVERAGE
511,NO_COVERAGE
512,NO_COVERAGE
513,NO_COVERAGE
514,NO_COVERAGE
515,NO_COVERAGE
516,NO_COVERAGE
517,NO_COVERAGE
518,NO_COVERAGE
519,NO_COVERAGE
520,NO_COVERAGE
521,NO_COVERAGE
522,NO_COVERAGE
523,NO_COVERAGE
524,NO_COVERAGE
525,NO_COVERAGE
526,NO_COVERAGE
527,NO_COVERAGE
528,NO_COVERAGE
529,NO_COVERAGE
530,NO_COVERAGE
531,NO_COVERAGE
532,NO_COVERAGE
533,NO_COVERAGE
534,NO_COVERAGE
535,NO_COVERAGE
536,NO_COVERAGE
537,NO_COVERAGE
538,NO_COVERAGE
539,NO_COVERAGE
540,NO_COVERAGE
541,NO_COVERAGE
542,NO_COVERAGE
543,NO_COVERAGE
544,NO_COVERAGE
545,NO_COVERAGE
546,NO_COVERAGE
547,NO_COVERAGE
548,NO_COVERAGE
549,NO_COVERAGE
550,KILLED,66,65,30,68,23,33,60,25,28,55,67,3,57,71,10,53,14,62,12,26,35,50,9,2,61,19,15
551,KILLED,64,20
552,KILLED,25,28,67,71,14,12,9,15
553,KILLED,66,65,15
554,KILLED,66,65,15
555,KILLED,65
556,KILLED,65
557,KILLED,66,65,15
558,KILLED,66,65,15
559,KILLED,66,65,15
560,KILLED,66,65,15
561,KILLED,66,65,15
562,KILLED,65
563,KILLED,66,65,15
564,KILLED,66,65,15
565,KILLED,66,65,15
566,KILLED,66,65,15
567,KILLED,65
568,KILLED,66,65,15
569,KILLED,66,65,15
570,KILLED,65
571,KILLED,65
572,KILLED,66,65,15
573,KILLED,52,20,68,73,23,33,60,25,28,55,67,3,57,71,10,53,14,62,12,54,16,26,35,50,17,9,2,61,76,19,15
574,KILLED,20,68,23,33,60,25,28,55,67,3,57,71,10,53,14,62,12,26,35,50,17,9,2,61,19,15
575,KILLED,20,68,73,23,33,60,25,28,55,67,3,57,71,10,53,14,62,12,26,35,50,9,2,61,76,19,15
576,KILLED,52,20,68,73,23,33,60,25,28,55,67,3,57,71,10,53,14,62,12,54,16,26,35,50,17,9,2,61,76,19,15
577,KILLED,20,68,23,33,60,25,28,55,67,3,57,71,10,53,14,62,12,26,35,50,9,2,61,19,15
578,KILLED,20,68,73,23,33,60,25,28,55,67,3,57,71,10,53,14,62,12,54,16,26,35,50,9,2,61,76,19,15
579,KILLED,20,68,73,23,33,60,25,28,55,67,3,57,71,10,53,14,62,12,26,35,50,9,2,61,76,19,15
580,KILLED,20,68,23,33,60,25,28,55,67,3,57,71,10,53,14,62,12,26,35,50,9,2,61,19,15
581,KILLED,20,68,23,33,60,25,28,55,67,3,57,71,10,53,14,62,12,26,35,50,9,2,61,19,15
582,KILLED,20,68,23,33,60,25,28,55,67,3,57,71,10,53,14,62,12,26,35,50,9,2,61,19,15
583,KILLED,20,68,23,33,60,25,28,55,67,3,57,71,10,53,14,62,12,26,35,50,9,2,61,19,15
584,KILLED,52,20,68,73,23,33,60,25,28,55,67,3,57,71,10,53,14,62,12,54,16,26,35,50,17,9,2,61,76,19,15
585,KILLED,73,53,50,76,15
586,KILLED,52,20,68,73,23,33,60,25,28,55,67,3,57,71,10,53,14,62,12,54,16,26,35,50,17,9,2,61,76,19,15
587,KILLED,66,65,30,15
588,KILLED,66,65,30,15
589,KILLED,65,30
590,KILLED,66,65,30,15
591,KILLED,66,65,30,15
592,KILLED,66,65,30,15
593,KILLED,66,65,30,15
594,KILLED,66,65,30,15
595,KILLED,66,65,30,15
596,KILLED,66,65,30,15
597,KILLED,66,65,30,15
598,KILLED,66,65,30,15
599,KILLED,66,65,30,15
600,KILLED,66,65,30,15
601,SURVIVED
602,KILLED,64,66,16,15
603,KILLED,66,15
604,SURVIVED
605,KILLED,66,16,15
606,KILLED,64,66,15
607,KILLED,66,15
608,KILLED,66,15
609,KILLED,66,15
610,KILLED,66,15
611,KILLED,66,15
612,KILLED,64,15
613,KILLED,64,15
614,SURVIVED
615,KILLED,66,15
616,KILLED,66,15
617,KILLED,66,15
618,KILLED,66,15
619,KILLED,66,15
620,KILLED,66,15
621,KILLED,66,15
622,KILLED,66,15
623,KILLED,66,15
624,KILLED,66,15
625,KILLED,66,15
626,KILLED,66,15
627,SURVIVED
628,KILLED,66,15
629,KILLED,66,15
630,KILLED,66,15
631,KILLED,15
632,KILLED,66,15
633,KILLED,66,15
634,KILLED,66,15
635,KILLED,66,15
636,KILLED,66,15
637,KILLED,66,15
638,KILLED,66,15
639,KILLED,64,16,15
640,KILLED,64,15
641,KILLED,64,16,15
642,KILLED,64
643,KILLED,64
644,KILLED,64,15
645,KILLED,64,15
646,SURVIVED
647,KILLED,64
648,KILLED,66,15
649,KILLED,66,15
650,KILLED,66,15
651,KILLED,66,15
652,KILLED,66,15
653,KILLED,66,15
654,KILLED,64,15
655,KILLED,64
656,KILLED,64
657,KILLED,16,15
658,KILLED,64
659,KILLED,66,15
660,KILLED,66,15
661,SURVIVED
662,KILLED,66,15
663,KILLED,64,16,15
664,KILLED,15
665,KILLED,64
666,KILLED,66,15
667,SURVIVED
668,KILLED,64,66,15
669,TIMED_OUT
670,TIMED_OUT
671,SURVIVED
672,SURVIVED
673,SURVIVED
674,SURVIVED
675,SURVIVED
676,SURVIVED
677,SURVIVED
678,SURVIVED
679,SURVIVED
680,SURVIVED
681,SURVIVED
682,SURVIVED
683,SURVIVED
684,SURVIVED
685,SURVIVED
686,SURVIVED
687,SURVIVED
688,SURVIVED
689,SURVIVED
690,SURVIVED
691,SURVIVED
692,SURVIVED
693,SURVIVED
694,SURVIVED
695,SURVIVED
696,SURVIVED
697,SURVIVED
698,SURVIVED
699,SURVIVED
700,SURVIVED
701,SURVIVED
702,SURVIVED
703,SURVIVED
704,SURVIVED
705,SURVIVED
706,SURVIVED
707,SURVIVED
708,SURVIVED
709,SURVIVED
710,SURVIVED
711,SURVIVED
712,SURVIVED
713,SURVIVED
714,SURVIVED
715,SURVIVED
716,SURVIVED
717,SURVIVED
718,SURVIVED
719,SURVIVED
720,SURVIVED
721,SURVIVED
722,SURVIVED
723,SURVIVED
724,SURVIVED
725,SURVIVED
726,SURVIVED
727,SURVIVED
728,SURVIVED
729,SURVIVED
730,SURVIVED
731,SURVIVED
732,SURVIVED
733,SURVIVED
734,SURVIVED
735,SURVIVED
736,SURVIVED
737,SURVIVED
738,SURVIVED
739,SURVIVED
740,SURVIVED
741,SURVIVED
742,SURVIVED
743,SURVIVED
744,SURVIVED
745,SURVIVED
746,SURVIVED
747,SURVIVED
748,SURVIVED
749,SURVIVED
750,SURVIVED
751,SURVIVED
752,SURVIVED
753,SURVIVED
754,SURVIVED
755,SURVIVED
756,SURVIVED
757,SURVIVED
758,SURVIVED
759,SURVIVED
760,SURVIVED
761,SURVIVED
762,SURVIVED
763,SURVIVED
764,SURVIVED
765,SURVIVED
766,SURVIVED
767,SURVIVED
768,SURVIVED
769,SURVIVED
770,SURVIVED
771,SURVIVED
772,SURVIVED
773,SURVIVED
774,SURVIVED
775,SURVIVED
776,SURVIVED
777,SURVIVED
778,SURVIVED
779,SURVIVED
780,SURVIVED
781,SURVIVED
782,SURVIVED
783,SURVIVED
784,SURVIVED
785,SURVIVED
786,SURVIVED
787,SURVIVED
788,KILLED,5,6,64,20,68,73,23,33,60,25,28,55,67,3,57,71,10,53,14,62,12,16,26,35,50,66,17,9,2,61,76,19,65,15
789,KILLED,73,16,76,19
790,KILLED,32
791,KILLED,32
792,KILLED,32
793,KILLED,32
794,KILLED,32
795,KILLED,32
796,KILLED,32
797,SURVIVED
798,KILLED,32
799,SURVIVED
800,NO_COVERAGE
801,NO_COVERAGE
802,KILLED,20,68,23,33,60,25,28,55,67,3,57,71,10,53,14,62,12,26,35,50,66,9,2,61,19,65,15
803,KILLED,20,68,23,33,60,25,28,55,67,3,57,71,10,53,14,62,12,26,35,50,66,9,2,61,19,65,15
804,KILLED,20,68,23,33,60,25,28,55,67,3,57,71,10,53,14,62,12,26,35,50,66,9,2,61,19,65,15
805,KILLED,20,68,23,33,60,25,28,55,67,3,57,71,10,53,14,62,12,26,35,50,66,9,2,61,19,65,15
806,KILLED,20,68,23,33,60,25,28,55,67,3,57,71,10,53,14,62,12,26,35,50,66,9,2,61,19,65,15
807,SURVIVED
808,SURVIVED
809,KILLED,20,68,23,33,60,25,28,55,67,3,57,71,10,53,14,62,12,26,35,50,66,9,2,61,19,65,15
810,KILLED,20,68,23,33,60,25,28,55,67,3,57,71,10,53,14,62,12,26,35,50,66,9,2,61,19,65,15
811,NO_COVERAGE
812,NO_COVERAGE
813,KILLED,20,68,73,23,33,60,25,28,55,67,3,57,71,10,53,14,62,12,26,35,50,9,2,61,76,19,65,15
814,KILLED,31,16,17
815,KILLED,31,16,17
816,KILLED,31,16,17
817,KILLED,73,76,19
818,KILLED,73,76,19
819,KILLED,73,76,19
820,KILLED,73,76,19
821,SURVIVED
822,SURVIVED
823,KILLED,75,17
824,SURVIVED
825,NO_COVERAGE
826,KILLED,32,5,6,75,64,20,68,73,23,33,60,25,28,55,67,3,57,71,10,53,14,62,12,16,26,35,50,66,17,9,2,61,76,19,65,15
827,KILLED,75,74,20,73,16,76,41,19
828,KILLED,5,45,74,47,43,73,42,76,41,19
829,KILLED,29,52,68,23,33,60,25,28,55,67,3,57,71,10,53,14,62,12,54,26,35,50,9,2,61,19
830,KILLED,29,52,68,23,33,60,25,28,55,67,3,57,71,10,53,14,62,12,54,26,35,50,9,2,61,19
831,KILLED,29,68,23,33,60,25,28,55,67,3,57,71,62,26,35,2,61,19
832,KILLED,29
833,KILLED,29,10,53,14,12,50,9
834,KILLED,29,68,23,33,60,25,28,55,67,3,57,71,10,53,14,62,12,26,35,50,9,2,61,19
835,KILLED,29,68,23,33,60,25,28,55,67,3,57,71,10,53,14,62,12,26,35,50,9,2,61,19
836,KILLED,29,68,23,33,60,25,28,55,67,3,57,71,10,53,14,62,12,26,35,50,9,2,61,19
837,KILLED,29,68,23,33,60,25,28,55,67,3,57,71,10,53,14,62,12,26,35,50,9,2,61,19
838,KILLED,29
839,KILLED,29,68,23,33,60,25,28,55,67,3,57,71,10,53,14,62,12,26,35,50,9,2,61,19
840,KILLED,29,68,23,33,60,25,28,55,67,3,57,71,10,53,14,62,12,26,35,50,9,2,61,19
841,KILLED,29,52,68,23,33,60,25,28,55,67,3,57,71,10,53,14,62,12,54,26,35,50,9,2,61,19
842,KILLED,29,52,68,23,33,60,25,28,55,67,3,57,71,10,53,14,62,12,54,26,35,50,9,2,61,19
843,KILLED,29
844,KILLED,29,52,68,23,33,60,25,28,55,67,3,57,71,10,53,14,62,12,54,26,35,50,9,2,61,19
845,KILLED,29,52
846,KILLED,29,68,23,33,60,25,28,55,67,3,57,71,10,53,14,62,12,26,35,50,9,2,61,19
847,KILLED,29,68,23,33,60,25,28,55,67,3,57,71,10,53,14,62,12,26,35,50,9,2,61,19
848,KILLED,29,52,68,23,33,60,25,28,55,67,3,57,71,10,53,14,62,12,54,26,35,50,9,2,61,19
849,KILLED,29,10,53,14,12,50,9
850,KILLED,29,52,68,23,33,60,25,28,55,67,3,57,71,10,53,14,62,12,54,26,35,50,9,2,61,19
851,KILLED,29,68,23,33,60,25,28,55,67,3,57,71,10,53,14,62,12,26,35,50,9,2,61,19
852,KILLED,29
853,KILLED,29,68,23,33,60,25,28,55,67,3,57,71,10,53,14,62,12,26,35,50,9,2,61,19
854,KILLED,29,68,23,33,60,25,28,55,67,3,57,71,10,53,14,62,12,26,35,50,9,2,61,19
855,KILLED,29,10,53,14,12,50,9
856,KILLED,29,52,68,23,33,60,25,28,55,67,3,57,71,10,53,14,62,12,54,26,35,50,9,2,61,19
857,KILLED,29,68,23,33,60,25,28,55,67,3,57,71,10,53,14,62,12,26,35,50,9,2,61,19
858,KILLED,29,52
859,KILLED,29,19
860,KILLED,29
861,KILLED,29,52,68,23,33,60,25,28,55,67,3,57,71,10,53,14,62,12,54,26,35,50,9,2,61,19
862,SURVIVED
863,SURVIVED
864,SURVIVED
865,SURVIVED
866,NO_COVERAGE
867,NO_COVERAGE
868,NO_COVERAGE
869,NO_COVERAGE
870,NO_COVERAGE
871,NO_COVERAGE
872,NO_COVERAGE
873,NO_COVERAGE
874,NO_COVERAGE
875,NO_COVERAGE
876,NO_COVERAGE
877,NO_COVERAGE
878,NO_COVERAGE
879,NO_COVERAGE
880,NO_COVERAGE
881,NO_COVERAGE
882,NO_COVERAGE
883,NO_COVERAGE
884,NO_COVERAGE
885,NO_COVERAGE
886,NO_COVERAGE
887,NO_COVERAGE
888,NO_COVERAGE
889,NO_COVERAGE
890,NO_COVERAGE
891,KILLED,75,17
892,SURVIVED
893,KILLED,75
894,KILLED,75,74,20,41
895,KILLED,31,29,5,45,74,47,43,68,23,33,60,25,28,55,67,3,57,71,10,53,14,62,12,26,35,50,42,17,9,2,61,41,19
896,KILLED,20,16,17,19
897,KILLED,20,16,17,19
898,NO_COVERAGE
899,NO_COVERAGE
900,NO_COVERAGE
901,NO_COVERAGE
902,NO_COVERAGE
903,NO_COVERAGE
904,NO_COVERAGE
905,NO_COVERAGE
906,NO_COVERAGE
907,NO_COVERAGE
908,NO_COVERAGE
909,NO_COVERAGE
910,NO_COVERAGE
911,NO_COVERAGE
912,NO_COVERAGE
913,NO_COVERAGE
914,NO_COVERAGE
915,NO_COVERAGE
916,NO_COVERAGE
917,NO_COVERAGE
918,NO_COVERAGE
919,NO_COVERAGE
920,NO_COVERAGE
921,NO_COVERAGE
922,NO_COVERAGE
923,NO_COVERAGE
924,NO_COVERAGE
925,NO_COVERAGE
926,NO_COVERAGE
927,NO_COVERAGE
928,NO_COVERAGE
929,NO_COVERAGE
930,NO_COVERAGE
931,NO_COVERAGE
932,NO_COVERAGE
933,NO_COVERAGE
934,NO_COVERAGE
935,NO_COVERAGE
936,NO_COVERAGE
937,NO_COVERAGE
938,NO_COVERAGE
939,NO_COVERAGE
940,NO_COVERAGE
941,NO_COVERAGE
942,NO_COVERAGE
943,NO_COVERAGE
944,NO_COVERAGE
945,NO_COVERAGE
946,NO_COVERAGE
947,NO_COVERAGE
948,NO_COVERAGE
949,NO_COVERAGE
950,NO_COVERAGE
951,NO_COVERAGE
952,NO_COVERAGE
953,NO_COVERAGE
954,NO_COVERAGE
955,NO_COVERAGE
956,NO_COVERAGE
957,NO_COVERAGE
958,NO_COVERAGE
959,NO_COVERAGE
960,NO_COVERAGE
961,NO_COVERAGE
962,NO_COVERAGE
963,NO_COVERAGE
964,NO_COVERAGE
965,NO_COVERAGE
966,NO_COVERAGE
967,NO_COVERAGE
968,NO_COVERAGE
969,NO_COVERAGE
970,NO_COVERAGE
971,NO_COVERAGE
972,NO_COVERAGE
973,NO_COVERAGE
974,NO_COVERAGE
975,NO_COVERAGE
976,NO_COVERAGE
977,NO_COVERAGE
978,NO_COVERAGE
979,NO_COVERAGE
980,NO_COVERAGE
981,NO_COVERAGE
982,NO_COVERAGE
983,KILLED,53,50
984,KILLED,53,50
985,TIMED_OUT
986,KILLED,53,50
987,KILLED,53,50
988,KILLED,50
989,KILLED,50
990,KILLED,53,50
991,SURVIVED
992,KILLED,53,50
993,KILLED,53,50
994,KILLED,53,50
995,KILLED,53,50
996,KILLED,53,50
997,KILLED,53,50
998,KILLED,53,50
999,KILLED,50
1000,KILLED,50
1001,KILLED,50
1002,KILLED,50
1003,KILLED,53,50
1004,KILLED,53,50
1005,KILLED,53,50
1006,KILLED,53,50
1007,KILLED,53,50
1008,KILLED,53,50
1009,KILLED,53,50
1010,KILLED,53,50
1011,KILLED,53,50
1012,KILLED,53,50
1013,KILLED,53
1014,KILLED,53,50
1015,KILLED,53,50
1016,KILLED,50
1017,KILLED,50
1018,KILLED,50
1019,KILLED,53,50
1020,KILLED,53,50
1021,KILLED,53,50
1022,KILLED,53,50
1023,KILLED,53,50
1024,KILLED,53,50
1025,KILLED,53,50
1026,KILLED,53,50
1027,SURVIVED
1028,KILLED,53,50
1029,KILLED,53
1030,KILLED,52,53,54,50
1031,KILLED,52,53,54,50
1032,KILLED,52,53,54,50
1033,TIMED_OUT
1034,KILLED,52,53,54,50
1035,KILLED,52,53,54,50
1036,KILLED,52,53,54,50
1037,KILLED,52,53,54,50
1038,TIMED_OUT
1039,KILLED,52,54
1040,KILLED,52,53,54
1041,KILLED,52,53,54,50
1042,KILLED,52,53,54,50
1043,KILLED,52,53,54,50
1044,KILLED,52,53,54,50
1045,KILLED,52,53,54
1046,KILLED,53,50
1047,KILLED,50
1048,KILLED,53
1049,KILLED,52,53,54,50
1050,KILLED,52,53,54,50
1051,KILLED,52,53,54,50
1052,KILLED,52,53,54,50
1053,KILLED,52,53,54,50
1054,TIMED_OUT
1055,KILLED,52,53,54,50
1056,KILLED,51,52,53,54,50
1057,KILLED,51,52,54
1058,TIMED_OUT
1059,TIMED_OUT
1060,TIMED_OUT
1061,KILLED,51,52,53,54,50
1062,KILLED,51,52,53,54,50
1063,SURVIVED
1064,SURVIVED
1065,SURVIVED
1066,SURVIVED
1067,SURVIVED
1068,NO_COVERAGE
1069,NO_COVERAGE
1070,NO_COVERAGE
1071,NO_COVERAGE
1072,NO_COVERAGE
1073,NO_COVERAGE
1074,NO_COVERAGE
1075,NO_COVERAGE
1076,NO_COVERAGE
1077,NO_COVERAGE
1078,NO_COVERAGE
1079,NO_COVERAGE
1080,NO_COVERAGE
1081,NO_COVERAGE
1082,NO_COVERAGE
1083,NO_COVERAGE
1084,NO_COVERAGE
1085,NO_COVERAGE
1086,NO_COVERAGE
1087,NO_COVERAGE
1088,NO_COVERAGE
1089,NO_COVERAGE
1090,NO_COVERAGE
1091,NO_COVERAGE
1092,NO_COVERAGE
1093,NO_COVERAGE
1094,NO_COVERAGE
1095,NO_COVERAGE
1096,NO_COVERAGE
1097,NO_COVERAGE
1098,NO_COVERAGE
1099,NO_COVERAGE
1100,NO_COVERAGE
1101,NO_COVERAGE
1102,NO_COVERAGE
1103,NO_COVERAGE
1104,NO_COVERAGE
1105,NO_COVERAGE
1106,NO_COVERAGE
1107,NO_COVERAGE
1108,NO_COVERAGE
1109,NO_COVERAGE
1110,NO_COVERAGE
1111,NO_COVERAGE
1112,NO_COVERAGE
1113,NO_COVERAGE
1114,NO_COVERAGE
1115,NO_COVERAGE
1116,NO_COVERAGE
1117,NO_COVERAGE
1118,NO_COVERAGE
1119,NO_COVERAGE
1120,NO_COVERAGE
1121,NO_COVERAGE
1122,NO_COVERAGE
1123,NO_COVERAGE
1124,NO_COVERAGE
1125,NO_COVERAGE
1126,NO_COVERAGE
1127,NO_COVERAGE
1128,NO_COVERAGE
1129,NO_COVERAGE
1130,NO_COVERAGE
1131,NO_COVERAGE
1132,NO_COVERAGE
1133,NO_COVERAGE
1134,NO_COVERAGE
1135,NO_COVERAGE
1136,NO_COVERAGE
1137,KILLED,20,19
1138,KILLED,20,19
1139,KILLED,20,19
1140,KILLED,19
1141,KILLED,20,19,16,17
1142,SURVIVED
1143,KILLED,20,19,16,17
1144,KILLED,20,19,16,17
1145,KILLED,20,19,16,17
1146,KILLED,20,19,16,17
1147,KILLED,20,19,16,17
1148,KILLED,20,19
1149,KILLED,20,19
1150,KILLED,20,19,16,17
1151,KILLED,20,19
1152,KILLED,20,19,16,17
1153,KILLED,20
1154,KILLED,20,19,16,17
1155,SURVIVED
1156,KILLED,20,19,16,17
1157,KILLED,20,19
1158,KILLED,20,19,16,17
1159,KILLED,20,19,16,17
1160,KILLED,20,19,16,17
1161,KILLED,20,19
1162,KILLED,20,19
1163,KILLED,20,19
1164,KILLED,20,19
1165,SURVIVED
1166,KILLED,20,19
1167,KILLED,20,19
1168,KILLED,20,19
1169,KILLED,20,19
1170,KILLED,20,19
1171,KILLED,20,19
1172,SURVIVED
1173,KILLED,20,19,16,17
1174,KILLED,20,19,16,17
1175,KILLED,20,19
1176,KILLED,20,19,16,17
1177,KILLED,20,19,16,17
1178,KILLED,20,19,16,17
1179,KILLED,20,19
1180,KILLED,20,19
1181,KILLED,20,19,16,17
1182,KILLED,20,19
1183,KILLED,20,19
1184,KILLED,20,19,16,17
1185,KILLED,20,19,16,17
1186,KILLED,20,19
1187,KILLED,20,19,16,17
1188,KILLED,20,19,16,17
1189,TIMED_OUT
1190,KILLED,21,18,20,19,16,17
1191,KILLED,21,18
1192,KILLED,21,18
1193,SURVIVED
1194,KILLED,18,20,19,16,17
1195,KILLED,18,20,19
1196,KILLED,18
1197,KILLED,18
1198,KILLED,18,20,19
1199,KILLED,18
1200,KILLED,18
1201,KILLED,18,20,19
1202,KILLED,18,20,19
1203,KILLED,18
1204,SURVIVED
1205,KILLED,18,20,19
1206,SURVIVED
1207,KILLED,18,20,19
1208,KILLED,73,76,19
1209,SURVIVED
1210,SURVIVED
1211,SURVIVED
1212,KILLED,73,76,19
1213,KILLED,73,76,19
1214,KILLED,73,76,19
1215,SURVIVED
1216,KILLED,73,76,19
1217,KILLED,73,76,19
1218,KILLED,73,76,19
1219,KILLED,73,76,19
1220,SURVIVED
1221,KILLED,73,76,19
1222,KILLED,73,76,19
1223,KILLED,73,76,19
1224,SURVIVED
1225,KILLED,73,76,19
1226,SURVIVED
1227,KILLED,73,76,19
1228,KILLED,73,76,19
1229,SURVIVED
1230,KILLED,73,76,19
1231,SURVIVED
1232,SURVIVED
1233,SURVIVED
1234,KILLED,73,76,19
1235,KILLED,73,76,19
1236,KILLED,73,76,19
1237,SURVIVED
1238,SURVIVED
1239,KILLED,19
1240,SURVIVED
1241,KILLED,73,76,43,53,62,26,35,50,42,19
1242,KILLED,75,73,76,43,53,62,26,35,50,42,19
1243,KILLED,75,73,76,43,53,62,26,35,50,42,19
1244,SURVIVED
1245,KILLED,75,73,76,19
1246,KILLED,75,73,76,19
1247,KILLED,75,73,76,19
1248,KILLED,75
1249,KILLED,75
1250,KILLED,75,73,76,19
1251,KILLED,75,73,76,19
1252,KILLED,75
1253,KILLED,75,73,76,19
1254,KILLED,75,73,76,19
1255,KILLED,75,73,76,19
1256,KILLED,75,73,76,19
1257,KILLED,75,73,76,19
1258,KILLED,75,73,76,19
1259,KILLED,75
1260,KILLED,75,73,76,19
1261,KILLED,75,73,76,19
1262,KILLED,75,73,76,19
1263,KILLED,75,73,76,19
1264,KILLED,75,73,76,19
1265,KILLED,75,73,76,19
1266,KILLED,75
1267,KILLED,75,73,76,19
1268,KILLED,75
1269,KILLED,75,73,76,19
1270,KILLED,75
1271,KILLED,75,73,76,19
1272,KILLED,75,73,76,19
1273,KILLED,75
1274,KILLED,75,73,76,19
1275,KILLED,75
1276,KILLED,75,73,76,19
1277,KILLED,75
1278,KILLED,75
1279,NO_COVERAGE
1280,NO_COVERAGE
1281,NO_COVERAGE
1282,NO_COVERAGE
1283,NO_COVERAGE
1284,NO_COVERAGE
1285,NO_COVERAGE
1286,NO_COVERAGE
1287,NO_COVERAGE
1288,NO_COVERAGE
1289,NO_COVERAGE
1290,NO_COVERAGE
1291,NO_COVERAGE
1292,NO_COVERAGE
1293,NO_COVERAGE
1294,NO_COVERAGE
1295,NO_COVERAGE
1296,NO_COVERAGE
1297,NO_COVERAGE
1298,NO_COVERAGE
1299,NO_COVERAGE
1300,NO_COVERAGE
1301,NO_COVERAGE
1302,NO_COVERAGE
1303,NO_COVERAGE
1304,NO_COVERAGE
1305,NO_COVERAGE
1306,NO_COVERAGE
1307,NO_COVERAGE
1308,NO_COVERAGE
1309,NO_COVERAGE
1310,NO_COVERAGE
1311,NO_COVERAGE
1312,NO_COVERAGE
1313,NO_COVERAGE
1314,NO_COVERAGE
1315,NO_COVERAGE
1316,NO_COVERAGE
1317,NO_COVERAGE
1318,NO_COVERAGE
1319,NO_COVERAGE
1320,NO_COVERAGE
1321,NO_COVERAGE
1322,NO_COVERAGE
1323,NO_COVERAGE
1324,NO_COVERAGE
1325,NO_COVERAGE
1326,NO_COVERAGE
1327,NO_COVERAGE
1328,NO_COVERAGE
1329,NO_COVERAGE
1330,NO_COVERAGE
1331,NO_COVERAGE
1332,NO_COVERAGE
1333,NO_COVERAGE
1334,NO_COVERAGE
1335,NO_COVERAGE
1336,NO_COVERAGE
1337,NO_COVERAGE
1338,NO_COVERAGE
1339,NO_COVERAGE
1340,NO_COVERAGE
1341,NO_COVERAGE
1342,NO_COVERAGE
1343,NO_COVERAGE
1344,KILLED,30,64,20,68,23,33,60,25,28,55,67,3,57,71,10,53,14,62,12,26,35,50,66,9,2,61,19,65,15
1345,KILLED,64,20,68,23,33,60,25,28,55,67,3,57,71,10,53,14,62,12,26,35,50,66,9,2,61,19,65,15
1346,KILLED,20,68,23,33,60,25,28,55,67,3,57,71,10,53,14,62,12,26,35,50,66,9,2,61,19,65,15
1347,NO_COVERAGE
1348,NO_COVERAGE
1349,NO_COVERAGE
1350,NO_COVERAGE
1351,NO_COVERAGE
1352,NO_COVERAGE
1353,NO_COVERAGE
1354,NO_COVERAGE
1355,NO_COVERAGE
1356,NO_COVERAGE
1357,NO_COVERAGE
1358,NO_COVERAGE
1359,NO_COVERAGE
1360,NO_COVERAGE
1361,NO_COVERAGE
1362,NO_COVERAGE
1363,NO_COVERAGE
1364,NO_COVERAGE
1365,NO_COVERAGE
1366,NO_COVERAGE
1367,NO_COVERAGE
1368,NO_COVERAGE
1369,NO_COVERAGE
1370,NO_COVERAGE
1371,NO_COVERAGE
1372,NO_COVERAGE
1373,NO_COVERAGE
1374,NO_COVERAGE
1375,NO_COVERAGE
1376,NO_COVERAGE
1377,NO_COVERAGE
1378,KILLED,30,64,20,68,23,33,60,25,28,55,67,3,57,71,10,53,14,62,12,26,35,50,66,9,2,61,19,65,15
1379,KILLED,64,20,68,73,23,33,60,25,28,55,67,3,57,71,10,53,14,62,12,26,35,50,66,9,2,61,76,19,65,15
1380,KILLED,20,68,23,33,60,25,28,55,67,3,57,71,10,53,14,62,12,26,35,50,66,9,2,61,19,65,15
1381,SURVIVED
1382,SURVIVED
1383,SURVIVED
1384,SURVIVED
1385,SURVIVED
1386,SURVIVED
1387,SURVIVED
1388,SURVIVED
1389,SURVIVED
1390,SURVIVED
1391,SURVIVED
1392,SURVIVED
1393,SURVIVED
1394,SURVIVED
1395,NO_COVERAGE
1396,NO_COVERAGE
1397,NO_COVERAGE
1398,NO_COVERAGE
1399,NO_COVERAGE
1400,NO_COVERAGE
1401,NO_COVERAGE
1402,NO_COVERAGE
1403,NO_COVERAGE
1404,NO_COVERAGE
1405,NO_COVERAGE
1406,NO_COVERAGE
1407,NO_COVERAGE
1408,NO_COVERAGE
1409,NO_COVERAGE
1410,NO_COVERAGE
1411,NO_COVERAGE
1412,NO_COVERAGE
1413,NO_COVERAGE
1414,NO_COVERAGE
1415,NO_COVERAGE
1416,NO_COVERAGE
1417,NO_COVERAGE
1418,NO_COVERAGE
1419,NO_COVERAGE
1420,NO_COVERAGE
1421,NO_COVERAGE
1422,NO_COVERAGE
1423,NO_COVERAGE
1424,NO_COVERAGE
1425,NO_COVERAGE
1426,NO_COVERAGE
1427,NO_COVERAGE
1428,NO_COVERAGE
1429,NO_COVERAGE
1430,NO_COVERAGE
1431,NO_COVERAGE
1432,NO_COVERAGE
1433,NO_COVERAGE
1434,NO_COVERAGE
1435,NO_COVERAGE
1436,NO_COVERAGE
1437,NO_COVERAGE
1438,NO_COVERAGE
1439,NO_COVERAGE
1440,NO_COVERAGE
1441,NO_COVERAGE
1442,NO_COVERAGE
1443,NO_COVERAGE
1444,NO_COVERAGE
1445,NO_COVERAGE
1446,NO_COVERAGE
1447,NO_COVERAGE
1448,NO_COVERAGE
1449,NO_COVERAGE
1450,NO_COVERAGE
1451,NO_COVERAGE
1452,NO_COVERAGE
1453,NO_COVERAGE
1454,NO_COVERAGE
1455,KILLED,71
1456,SURVIVED
1457,KILLED,71
1458,SURVIVED
1459,SURVIVED
1460,SURVIVED
1461,KILLED,71
1462,KILLED,71
1463,KILLED,71
1464,SURVIVED
1465,KILLED,71
1466,KILLED,71
1467,KILLED,71
1468,KILLED,71
1469,KILLED,68,67,71,19
1470,KILLED,68,67,71,19
1471,KILLED,68,67,71,19
1472,SURVIVED
1473,KILLED,71
1474,KILLED,71
1475,KILLED,68,67,71,19
1476,KILLED,68,67,71,19
1477,KILLED,68,67,71,19
1478,TIMED_OUT
1479,KILLED,71
1480,KILLED,68,67,71,19
1481,KILLED,68,67,71,19
1482,SURVIVED
1483,KILLED,71
1484,KILLED,71
1485,KILLED,68,67,71,19
1486,KILLED,72,68,67,71
1487,KILLED,72,68,67,71,19
1488,KILLED,72,68,67,71
1489,KILLED,72,68,67,71
1490,KILLED,72,68,67,71,19
1491,KILLED,72,68,67,71
1492,TIMED_OUT
1493,TIMED_OUT
1494,TIMED_OUT
1495,TIMED_OUT
1496,KILLED,69,68,67,71,19
1497,TIMED_OUT
1498,KILLED,55,57
1499,KILLED,55,57
1500,SURVIVED
1501,SURVIVED
1502,NO_COVERAGE
1503,SURVIVED
1504,SURVIVED
1505,SURVIVED
1506,SURVIVED
1507,SURVIVED
1508,NO_COVERAGE
1509,NO_COVERAGE
1510,NO_COVERAGE
1511,KILLED,55,57
1512,SURVIVED
1513,KILLED,55,57
1514,KILLED,55,57
1515,KILLED,55,57
1516,KILLED,55,57
1517,SURVIVED
1518,NO_COVERAGE
1519,NO_COVERAGE
1520,KILLED,55,57
1521,KILLED,55,57
1522,KILLED,55,57
1523,KILLED,55
1524,SURVIVED
1525,SURVIVED
1526,KILLED,55,57
1527,KILLED,58
1528,KILLED,58,55,57
1529,KILLED,58
1530,KILLED,58
1531,KILLED,58,55,57
1532,KILLED,58
1533,TIMED_OUT
1534,SURVIVED
1535,KILLED,56
1536,KILLED,56
1537,TIMED_OUT
1538,KILLED,56,55,57
1539,KILLED,56
1540,KILLED,3,2
1541,KILLED,3,2
1542,SURVIVED
1543,SURVIVED
1544,NO_COVERAGE
1545,SURVIVED
1546,KILLED,3
1547,SURVIVED
1548,SURVIVED
1549,SURVIVED
1550,NO_COVERAGE
1551,NO_COVERAGE
1552,NO_COVERAGE
1553,KILLED,3,2
1554,SURVIVED
1555,KILLED,3,2
1556,KILLED,3,2
1557,KILLED,3,2
1558,KILLED,3,2
1559,SURVIVED
1560,NO_COVERAGE
1561,NO_COVERAGE
1562,KILLED,3,2
1563,KILLED,3,2
1564,KILLED,3,2
1565,KILLED,2
1566,SURVIVED
1567,SURVIVED
1568,KILLED,3,2
1569,KILLED,4
1570,KILLED,4,3,2
1571,KILLED,4
1572,KILLED,4
1573,KILLED,4,3,2
1574,KILLED,4
1575,TIMED_OUT
1576,SURVIVED
1577,KILLED,1
1578,KILLED,1
1579,TIMED_OUT
1580,KILLED,1,3,2
1581,KILLED,1
1582,SURVIVED
1583,SURVIVED
1584,KILLED,60,62
1585,SURVIVED
1586,SURVIVED
1587,SURVIVED
1588,SURVIVED
1589,SURVIVED
1590,SURVIVED
1591,SURVIVED
1592,KILLED,62,61
1593,KILLED,60,62,61
1594,KILLED,60,62,61
1595,KILLED,60,62,61
1596,SURVIVED
1597,SURVIVED
1598,KILLED,60,62,61
1599,KILLED,63,60,62,61
1600,KILLED,63,62,61
1601,KILLED,63,60,62,61
1602,KILLED,63,60,62,61
1603,KILLED,63,60,62,61
1604,KILLED,63,60
1605,KILLED,63,60
1606,KILLED,63,60,62,61
1607,KILLED,63,60,62,61
1608,KILLED,63,62,61
1609,TIMED_OUT
1610,TIMED_OUT
1611,TIMED_OUT
1612,TIMED_OUT
1613,KILLED,59,60,62,61
1614,KILLED,59,60,62,61
1615,NO_COVERAGE
1616,NO_COVERAGE
1617,NO_COVERAGE
1618,NO_COVERAGE
1619,NO_COVERAGE
1620,NO_COVERAGE
1621,NO_COVERAGE
1622,NO_COVERAGE
1623,NO_COVERAGE
1624,NO_COVERAGE
1625,NO_COVERAGE
1626,NO_COVERAGE
1627,NO_COVERAGE
1628,NO_COVERAGE
1629,NO_COVERAGE
1630,NO_COVERAGE
1631,NO_COVERAGE
1632,NO_COVERAGE
1633,NO_COVERAGE
1634,NO_COVERAGE
1635,NO_COVERAGE
1636,NO_COVERAGE
1637,NO_COVERAGE
1638,NO_COVERAGE
1639,NO_COVERAGE
1640,NO_COVERAGE
1641,NO_COVERAGE
1642,NO_COVERAGE
1643,NO_COVERAGE
1644,NO_COVERAGE
1645,NO_COVERAGE
1646,NO_COVERAGE
1647,KILLED,28,26
1648,SURVIVED
1649,KILLED,28
1650,SURVIVED
1651,SURVIVED
1652,KILLED,28
1653,SURVIVED
1654,KILLED,28
1655,KILLED,28
1656,KILLED,28
1657,KILLED,28
1658,KILLED,23,25,28,26
1659,SURVIVED
1660,KILLED,28
1661,KILLED,28
1662,KILLED,23,25,28,26
1663,KILLED,28
1664,SURVIVED
1665,KILLED,23,25,28,26
1666,KILLED,27,23,25,28,26
1667,KILLED,27,23,25,28,26
1668,KILLED,27,23,25,28,26
1669,KILLED,27,23,25,28,26
1670,KILLED,27,23,25,28,26
1671,KILLED,27,23,25,28,26
1672,TIMED_OUT
1673,TIMED_OUT
1674,TIMED_OUT
1675,TIMED_OUT
1676,KILLED,24,23,25,28,26
1677,KILLED,24,23,25,28,26
1678,KILLED,5,6,75,53,16,19,65
1679,KILLED,5,7,6,75,53,16,19,65
1680,KILLED,5,6,75,53,16,19,65
1681,KILLED,5,6,75,64,73,23,33,60,25,28,55,67,3,57,71,53,62,16,26,50,66,9,2,61,76,19,65,15
1682,KILLED,5,53
1683,TIMED_OUT
1684,KILLED,5,6,75,53,16,19,65
1685,KILLED,7,53
1686,KILLED,5,6,75,53,16,19,65
1687,KILLED,5,6,75,53,16,19,65
1688,KILLED,5,53
1689,KILLED,5,7,75,16
1690,TIMED_OUT
1691,TIMED_OUT
1692,TIMED_OUT
1693,KILLED,5,6,65
1694,TIMED_OUT
1695,KILLED,5,7,75,73,16,76,19
1696,KILLED,5,7,75,73,16,76,19
1697,NO_COVERAGE
1698,NO_COVERAGE
1699,NO_COVERAGE
1700,NO_COVERAGE
1701,NO_COVERAGE
1702,NO_COVERAGE
1703,NO_COVERAGE
1704,NO_COVERAGE
1705,NO_COVERAGE
1706,NO_COVERAGE
1707,NO_COVERAGE
1708,NO_COVERAGE
1709,NO_COVERAGE
1710,NO_COVERAGE
1711,NO_COVERAGE
1712,NO_COVERAGE
1713,NO_COVERAGE
1714,NO_COVERAGE
1715,NO_COVERAGE
1716,NO_COVERAGE
1717,NO_COVERAGE
1718,NO_COVERAGE
1719,NO_COVERAGE
1720,NO_COVERAGE
1721,NO_COVERAGE
1722,NO_COVERAGE
1723,NO_COVERAGE
1724,NO_COVERAGE
1725,NO_COVERAGE
1726,NO_COVERAGE
1727,NO_COVERAGE
1728,NO_COVERAGE
1729,NO_COVERAGE
1730,NO_COVERAGE
1731,NO_COVERAGE
1732,NO_COVERAGE
1733,NO_COVERAGE
1734,NO_COVERAGE
1735,NO_COVERAGE
1736,NO_COVERAGE
1737,NO_COVERAGE
1738,SURVIVED
1739,SURVIVED
1740,SURVIVED
1741,SURVIVED
1742,SURVIVED
1743,SURVIVED
1744,SURVIVED
1745,SURVIVED
1746,SURVIVED
1747,SURVIVED
1748,SURVIVED
1749,SURVIVED
1750,SURVIVED
1751,SURVIVED
1752,SURVIVED
1753,SURVIVED
1754,SURVIVED
1755,SURVIVED
1756,SURVIVED
1757,SURVIVED
1758,SURVIVED
1759,SURVIVED
1760,SURVIVED
1761,SURVIVED
1762,SURVIVED
1763,SURVIVED
1764,SURVIVED
1765,SURVIVED
1766,SURVIVED
1767,SURVIVED
1768,SURVIVED
1769,SURVIVED
1770,SURVIVED
1771,SURVIVED
1772,SURVIVED
1773,SURVIVED
1774,SURVIVED
1775,SURVIVED
1776,SURVIVED
1777,SURVIVED
1778,SURVIVED
1779,SURVIVED
1780,SURVIVED
1781,SURVIVED
1782,KILLED,33,35,19
1783,SURVIVED
1784,KILLED,33,35,19
1785,KILLED,33,35,19
1786,KILLED,33,35,19
1787,KILLED,36,33,35
1788,KILLED,36
1789,KILLED,36,33,35,19
1790,KILLED,36,33,35
1791,KILLED,36,33,35,19
1792,KILLED,36,33,35
1793,KILLED,36,33,35,19
1794,KILLED,36,33,35,19
1795,KILLED,36,33,35,19
1796,KILLED,36,33,35
1797,KILLED,36
1798,TIMED_OUT
1799,TIMED_OUT
1800,TIMED_OUT
1801,TIMED_OUT
1802,KILLED,34,33,35,19
1803,TIMED_OUT
1804,NO_COVERAGE
1805,NO_COVERAGE
1806,NO_COVERAGE
1807,NO_COVERAGE
1808,NO_COVERAGE
1809,NO_COVERAGE
1810,NO_COVERAGE
1811,NO_COVERAGE
1812,NO_COVERAGE
1813,NO_COVERAGE
1814,NO_COVERAGE
1815,NO_COVERAGE
1816,NO_COVERAGE
1817,NO_COVERAGE
1818,NO_COVERAGE
1819,NO_COVERAGE
1820,NO_COVERAGE
1821,NO_COVERAGE
1822,NO_COVERAGE
1823,NO_COVERAGE
1824,KILLED,73,67,53,26,76,19
1825,KILLED,73,53,76,19
1826,KILLED,53
1827,NO_COVERAGE
1828,NO_COVERAGE
1829,NO_COVERAGE
1830,NO_COVERAGE
1831,NO_COVERAGE
1832,KILLED,73,23,33,60,25,28,55,67,3,57,71,53,62,26,50,9,2,61,76,19
1833,KILLED,73,53,76,19
1834,NO_COVERAGE
1835,NO_COVERAGE
1836,NO_COVERAGE
1837,NO_COVERAGE
1838,NO_COVERAGE
1839,NO_COVERAGE
1840,NO_COVERAGE
1841,NO_COVERAGE
1842,KILLED,64,66,15
1843,KILLED,64
1844,KILLED,64,66,15
1845,SURVIVED
1846,KILLED,64,66,15
1847,KILLED,64,66,15
1848,NO_COVERAGE
1849,NO_COVERAGE
1850,KILLED,64,15
1851,KILLED,15
1852,SURVIVED
1853,SURVIVED
1854,SURVIVED
1855,SURVIVED
1856,KILLED,66,15
1857,KILLED,64,66,15
1858,KILLED,66,15
1859,KILLED,66,15
1860,KILLED,10,14,12,9
1861,SURVIVED
1862,KILLED,10,14,12,9
1863,KILLED,10,14,12,9
1864,KILLED,10,14,12,9
1865,KILLED,13,10,14,12,9
1866,SURVIVED
1867,KILLED,13,10,14,12,9
1868,KILLED,13,10,14,12,9
1869,KILLED,13,10,14,12,9
1870,KILLED,13,10,14,12,9
1871,TIMED_OUT
1872,TIMED_OUT
1873,TIMED_OUT
1874,TIMED_OUT
1875,KILLED,11,10,14,12,9
1876,TIMED_OUT
1877,SURVIVED
1878,KILLED,22
1879,KILLED,22
1880,KILLED,22
1881,KILLED,22
1882,KILLED,22
1883,KILLED,22
1884,KILLED,22,15
1885,KILLED,22,15
1886,KILLED,22
1887,KILLED,22
1888,NO_COVERAGE
1889,NO_COVERAGE
1890,NO_COVERAGE
1891,NO_COVERAGE
1892,NO_COVERAGE
1893,NO_COVERAGE
1894,NO_COVERAGE
1895,NO_COVERAGE
1896,NO_COVERAGE
1897,NO_COVERAGE
1898,NO_COVERAGE
1899,NO_COVERAGE
1900,NO_COVERAGE
