1,st.redline.classloader.SmalltalkClassLoaderTest.shouldLoadSmalltalkClasses
2,st.redline.classloader.SmalltalkClassLoaderTest.shouldBootstrapClassLoader
3,st.redline.classloader.SmalltalkClassLoaderTest.shouldUseNonTracingClassLoaderWhenRequested
4,st.redline.classloader.SmalltalkClassLoaderTest.shouldUseTracingClassLoaderWhenRequested
5,st.redline.classloader.SourceFactoryTest.shouldCreateSourceFromFileWithFileReader
6,st.redline.classloader.SourceFactoryTest.shouldCreateSourceFromJar
7,st.redline.classloader.ClassBuilderTest.shouldBuildClass
8,st.redline.SticTest.shouldExecuteScriptWithSmalltalkClassLoader
9,st.redline.SticTest.shouldLoadAClassFromFileCorrectly
10,st.redline.SticTest.shouldLoadAClassFromJarCorrectly
11,st.redline.SticConfigurationTest.shouldProvideBootstrapper
12,st.redline.SticConfigurationTest.shouldGetSourceFinderWhenConstructingBootstrapper
13,st.redline.SticConfigurationTest.shouldProvideClassBuilder
14,st.redline.SticConfigurationTest.shouldGetSourceFinderWhenConstructingClassBuilder
15,st.redline.SticConfigurationTest.shouldProvideSourceFinder
16,st.redline.SticConfigurationTest.shouldGetClassPathsWhenConstructingSourceFinder
17,st.redline.SticConfigurationTest.shouldGetSourceFactoryWhenConstructingSourceFinder
18,st.redline.SticConfigurationTest.shouldProvideCompiler
19,st.redline.SticConfigurationTest.shouldGetPreprocessorWhenConstructingCompiler
20,st.redline.SticConfigurationTest.shouldGetParserWhenConstructingCompiler
21,st.redline.SticConfigurationTest.shouldGetAnalyserFactoryWhenConstructingCompiler
22,st.redline.SticConfigurationTest.shouldProvideParser
23,st.redline.SticConfigurationTest.shouldProvideAnalyserFactory
24,st.redline.SticConfigurationTest.shouldGetBytecodeFactoryWhenConstructingAnalyserFactory
25,st.redline.SticConfigurationTest.shouldGetBytecodeWritingTraceFlagWhenConstructingBytecodeFactory
26,st.redline.SticConfigurationTest.shouldProvideBytecodeWriterFactory
27,st.redline.SticConfigurationTest.shouldGetTraceAnalyserFlagWhenConstructingAnalyserFactory
28,st.redline.SticConfigurationTest.shouldGetIgnoreParseErrorFlagWhenConstructingParser
29,st.redline.SticConfigurationTest.shouldProvidePreprocessor
30,st.redline.SticConfigurationTest.shouldGetPreprocessorTraceFlagWhenConstructingPreprocessor
31,st.redline.SticConfigurationTest.shouldProvideScriptName
32,st.redline.SticConfigurationTest.shouldProvideSmalltalkClassLoader
33,st.redline.SticConfigurationTest.shouldBootstrapSmalltalkClassLoader
34,st.redline.SticConfigurationTest.shouldGetClassFinderWhenConstructingClassLoader
35,st.redline.SticConfigurationTest.shouldGetBootstrapperWhenConstructingClassLoader
36,st.redline.SticConfigurationTest.shouldGetClassLoaderTraceFlagWhenConstructingClassLoader
37,st.redline.lang.ProtoObjectTest.shouldPerformMessages
38,st.redline.lang.ProtoObjectTest.shouldGetClassLoader
39,st.redline.lang.ProtoObjectTest.shouldHoldJavaValue
40,st.redline.classloader.io.FileSourceReaderTest.shouldReadContents
41,st.redline.classloader.io.JarSourceReaderTest.shouldReadContents
42,st.redline.classloader.SourceFinderTest.shouldFindSourceInFile
43,st.redline.classloader.SourceFinderTest.shouldFindSourceInJar
