1,com.lazerycode.jmeter.properties.PropertyFileMergerTest.mergeTwoPropertiesWithNullAdditions
2,com.lazerycode.jmeter.properties.PropertyFileMergerTest.mergeTwoPropertiesWithNullSource
3,com.lazerycode.jmeter.properties.PropertyFileMergerTest.validPropertiesObjectReturnIfBothFilesAreNull
4,com.lazerycode.jmeter.properties.PropertyFileMergerTest.mergeTwoPropertiesFiles
5,com.lazerycode.jmeter.properties.PropertyFileMergerTest.showWarningWithSimilarProperty
6,com.lazerycode.jmeter.properties.PropertyFileMergerTest.attemptToMergeReservedProperty
7,com.lazerycode.jmeter.properties.PropertyFileMergerTest.validMergePropertiesTest
8,com.lazerycode.jmeter.configuration.JMeterArgumentsArrayTest.validateJMeterSetProxyHost
9,com.lazerycode.jmeter.configuration.JMeterArgumentsArrayTest.validateProxyUsernameNotSetIfNoHost
10,com.lazerycode.jmeter.configuration.JMeterArgumentsArrayTest.resultsFileIsCSVFormat
11,com.lazerycode.jmeter.configuration.JMeterArgumentsArrayTest.validateSetRemoteStart
12,com.lazerycode.jmeter.configuration.JMeterArgumentsArrayTest.validateTestFileTimestampEnabledAndPrepended
13,com.lazerycode.jmeter.configuration.JMeterArgumentsArrayTest.validateProxyNonProxyHostsNotSetIfNoHost
14,com.lazerycode.jmeter.configuration.JMeterArgumentsArrayTest.validateSetRootLogLevel
15,com.lazerycode.jmeter.configuration.JMeterArgumentsArrayTest.validateDefaultCommandLineOutputWithGUIEnabled
16,com.lazerycode.jmeter.configuration.JMeterArgumentsArrayTest.validateProxyPasswordNotSetIfNoHost
17,com.lazerycode.jmeter.configuration.JMeterArgumentsArrayTest.resultsFileDefaultsToXMLFormat
18,com.lazerycode.jmeter.configuration.JMeterArgumentsArrayTest.validateSetRemoteStartAll
19,com.lazerycode.jmeter.configuration.JMeterArgumentsArrayTest.validateTestFileTimestampDisabled
20,com.lazerycode.jmeter.configuration.JMeterArgumentsArrayTest.validateSetRootLogLevelWithWrongCase
21,com.lazerycode.jmeter.configuration.JMeterArgumentsArrayTest.validateTestFileTimestampEnabledAndAppended
22,com.lazerycode.jmeter.configuration.JMeterArgumentsArrayTest.validateJMeterSetProxyUsername
23,com.lazerycode.jmeter.configuration.JMeterArgumentsArrayTest.jMeterHomeNull
24,com.lazerycode.jmeter.configuration.JMeterArgumentsArrayTest.resultsFileIsXMLFormat
25,com.lazerycode.jmeter.configuration.JMeterArgumentsArrayTest.jMeterHomeEmpty
26,com.lazerycode.jmeter.configuration.JMeterArgumentsArrayTest.validateJMeterCustomPropertiesFile
27,com.lazerycode.jmeter.configuration.JMeterArgumentsArrayTest.validateSetRemoteStop
28,com.lazerycode.jmeter.configuration.JMeterArgumentsArrayTest.passingAEmptyRootLogLevelDoesNotSetAnything
29,com.lazerycode.jmeter.configuration.JMeterArgumentsArrayTest.validateJMeterSetProxyPassword
30,com.lazerycode.jmeter.configuration.JMeterArgumentsArrayTest.validateSetNonProxyHosts
31,com.lazerycode.jmeter.configuration.JMeterArgumentsArrayTest.validateDefaultCommandLineOutputWithGUIDisabled
32,com.lazerycode.jmeter.configuration.JMeterArgumentsArrayTest.checkProxyDetailsReturnedWhenHostAndPortNotSet
33,com.lazerycode.jmeter.configuration.JMeterArgumentsArrayTest.passingANullRootLogLevelDoesNotSetAnything
34,com.lazerycode.jmeter.configuration.JMeterArgumentsArrayTest.noTestSpecified
35,com.lazerycode.jmeter.FailureScannerTest.jtlFileWithNoFailures
36,com.lazerycode.jmeter.FailureScannerTest.jtlFileWithFailuresIgnored
37,com.lazerycode.jmeter.FailureScannerTest.jtlFileWithFailures
38,com.lazerycode.jmeter.configuration.RemoteArgumentsArrayBuilderTest.shoulIgnoreOtherTypesOfProperties
39,com.lazerycode.jmeter.configuration.RemoteArgumentsArrayBuilderTest.shouldBuildCommandLineArgumentsForSystemProperties
40,com.lazerycode.jmeter.configuration.RemoteArgumentsArrayBuilderTest.shouldBuildCommandLineArgumentsGlobalProperties
41,com.lazerycode.jmeter.configuration.RemoteArgumentsArrayBuilderTest.shouldReturnEmptyListWhenNoPropsPassed
42,com.lazerycode.jmeter.properties.JMeterPropertiesFilesTest.createFileIfItDoesNotExistReturnsFalse
43,com.lazerycode.jmeter.properties.JMeterPropertiesFilesTest.createFileIfItDoesNotExistReturnsTrue
44,com.lazerycode.jmeter.properties.JMeterPropertiesFilesTest.getPropertiesFileNameReturnsExpectedFilename
45,com.lazerycode.jmeter.properties.PropertyContainerTest.propertyReturnCustomWhenBothExist
46,com.lazerycode.jmeter.properties.PropertyContainerTest.propertyEmptyPropertySetWhenNothingSet
47,com.lazerycode.jmeter.properties.PropertyContainerTest.propertyReturnCustomTest
48,com.lazerycode.jmeter.properties.PropertyContainerTest.propertyReturnDefaultTest
49,com.lazerycode.jmeter.properties.PropertyContainerTest.sanitisePropertiesMapRemovesEntriesWithNullValuesTest
50,com.lazerycode.jmeter.properties.PropertyContainerTest.checkGetProperty
51,com.lazerycode.jmeter.properties.PropertyContainerTest.sanitisePropertiesMapRemovesEntriesWithBlankValuesTest
52,com.lazerycode.jmeter.UtilityFunctionsTest.removeCarriageReturnsTest
53,com.lazerycode.jmeter.UtilityFunctionsTest.isNotSetFile
54,com.lazerycode.jmeter.UtilityFunctionsTest.isNotSetStringTest
55,com.lazerycode.jmeter.UtilityFunctionsTest.humanReadableCommandLineOutputTest
56,com.lazerycode.jmeter.UtilityFunctionsTest.checkPrivateConstructor
57,com.lazerycode.jmeter.UtilityFunctionsTest.isNotSetMapTest
