1,KILLED,3
2,SURVIVED
3,SURVIVED
4,SURVIVED
5,SURVIVED
6,KILLED,3
7,KILLED,2,5,7,8,13,14,15,25,26,23,22,24,20,21,16,1,28,17
8,KILLED,8
9,SURVIVED
10,KILLED,8
11,KILLED,4
12,KILLED,2,5,7,8,13,14,15,25,26,23,22,24,20,21,16,1,28,17
13,SURVIVED
14,KILLED,4,8,25,26,23,22,24,20,21,19
15,SURVIVED
16,SURVIVED
17,SURVIVED
18,SURVIVED
19,KILLED,3,13,14
20,KILLED,3,13,14
21,KILLED,3,13,14
22,KILLED,3
23,KILLED,7,3,11,9,15,28,17,10
24,KILLED,7,3,11,9,13,14,15,25,26,23,22,24,20,21,28,17,10
25,KILLED,7,3,11,9,15,28,17,10
26,KILLED,7,3,11,9,10
27,KILLED,6,8
28,KILLED,6
29,KILLED,6,8
30,KILLED,6,8
31,KILLED,6,8
32,KILLED,6
33,KILLED,6,8
34,KILLED,7,3,11,9,13,14,15,25,26,23,22,24,20,21,16,28,17,10
35,SURVIVED
36,SURVIVED
37,SURVIVED
38,KILLED,2,5,7,3,8,1
39,KILLED,3,8,25,26,23,22,24,20,21,19
40,KILLED,2,7,3,8,12
41,KILLED,13,14,15,17
42,KILLED,13,14,15,17
43,KILLED,3
44,KILLED,2,5,7,3,8,1
45,KILLED,4
46,KILLED,4
47,SURVIVED
48,KILLED,4
49,KILLED,4,20,19
50,SURVIVED
51,KILLED,2,5,7,3,8,1
52,KILLED,2,5,7,3,8,1
53,SURVIVED
54,SURVIVED
55,SURVIVED
56,KILLED,2,8,1
57,KILLED,2,8,1
58,NO_COVERAGE
59,KILLED,2,8,1
60,KILLED,2,8,1
61,KILLED,2,8,1
62,NO_COVERAGE
63,KILLED,8
64,SURVIVED
65,SURVIVED
66,SURVIVED
67,KILLED,4
68,KILLED,4,1
69,KILLED,4,3,1
70,KILLED,4,1
71,SURVIVED
72,SURVIVED
73,KILLED,4,1
74,SURVIVED
75,KILLED,4,3
76,KILLED,4,1
77,KILLED,4,1
78,KILLED,4,1
79,KILLED,4
80,KILLED,4
81,KILLED,4
82,KILLED,4
83,KILLED,4
84,KILLED,4
85,KILLED,4
86,KILLED,4
87,KILLED,4
88,KILLED,4,1
89,KILLED,4,1
90,KILLED,4
91,KILLED,4,1
92,KILLED,4,1
93,KILLED,4,1
94,KILLED,4,1
95,KILLED,4,1
96,SURVIVED
97,SURVIVED
98,SURVIVED
99,KILLED,4,1
100,KILLED,4,1
101,KILLED,4,1
102,KILLED,4,1
103,KILLED,4
104,SURVIVED
105,SURVIVED
106,SURVIVED
107,KILLED,4,1
108,SURVIVED
109,NO_COVERAGE
110,SURVIVED
111,KILLED,6,4,2,5,7,3,8,11,9,13,14,15,25,26,23,22,24,12,20,21,16,1,19,28,17,10
112,KILLED,6,4,2,5,7,3,8,11,9,13,14,15,25,26,23,22,24,12,20,21,16,1,19,28,17,10
113,SURVIVED
114,SURVIVED
115,KILLED,6,4,2,5,7,3,8,11,9,13,14,15,25,26,23,22,24,12,20,21,16,1,19,28,17,10
116,KILLED,6,4,2,5,7,3,8,11,9,13,14,15,25,26,23,22,24,12,20,21,16,1,19,28,17,10
117,KILLED,8
118,SURVIVED
119,SURVIVED
120,KILLED,8
121,KILLED,11,9,10
122,KILLED,11,9,10
123,SURVIVED
124,NO_COVERAGE
125,KILLED,4
126,SURVIVED
127,KILLED,4,12,1
128,SURVIVED
129,SURVIVED
130,NO_COVERAGE
131,NO_COVERAGE
132,KILLED,4
133,SURVIVED
134,KILLED,8
135,KILLED,8
136,KILLED,8
137,KILLED,8
138,SURVIVED
139,KILLED,8
140,KILLED,8
141,KILLED,8
142,KILLED,8
143,SURVIVED
144,SURVIVED
145,KILLED,8
146,KILLED,8
147,KILLED,8
148,KILLED,8
149,KILLED,8
150,KILLED,8
151,KILLED,8
152,KILLED,8
153,KILLED,8
154,SURVIVED
155,KILLED,8
156,KILLED,8
157,KILLED,8
158,KILLED,8
159,KILLED,8
160,KILLED,8
161,KILLED,8
162,KILLED,8
163,KILLED,8
164,KILLED,8
165,KILLED,8
166,KILLED,8
167,SURVIVED
168,KILLED,8
169,TIMED_OUT
170,NO_COVERAGE
171,NO_COVERAGE
172,NO_COVERAGE
173,NO_COVERAGE
174,NO_COVERAGE
175,NO_COVERAGE
176,SURVIVED
177,SURVIVED
178,SURVIVED
179,KILLED,8
180,SURVIVED
181,SURVIVED
182,SURVIVED
183,KILLED,5
184,NO_COVERAGE
185,NO_COVERAGE
186,NO_COVERAGE
187,KILLED,7,3
188,KILLED,2,5,7,3,8,1
189,KILLED,7,3
190,KILLED,5
191,NO_COVERAGE
192,SURVIVED
193,SURVIVED
194,KILLED,2,5,7,3,8,1
195,KILLED,7,3
196,SURVIVED
197,SURVIVED
198,SURVIVED
199,SURVIVED
200,SURVIVED
201,SURVIVED
202,KILLED,8
203,KILLED,8
204,SURVIVED
205,SURVIVED
206,SURVIVED
207,SURVIVED
208,SURVIVED
209,KILLED,5
210,SURVIVED
211,SURVIVED
212,KILLED,5
213,KILLED,5
214,SURVIVED
215,NO_COVERAGE
216,NO_COVERAGE
217,SURVIVED
218,NO_COVERAGE
219,NO_COVERAGE
220,NO_COVERAGE
221,NO_COVERAGE
222,NO_COVERAGE
223,NO_COVERAGE
224,KILLED,2,5,7,3,8,1
225,KILLED,2,5,7,3,8,1
226,KILLED,7,3
227,KILLED,7,3
228,KILLED,7
229,KILLED,7
230,KILLED,7,3
231,KILLED,7,3
232,KILLED,7,3
233,KILLED,7,3
234,KILLED,7,3
235,KILLED,7,3
236,KILLED,2,5,7,3,8,1
237,SURVIVED
238,SURVIVED
239,KILLED,7,3
240,KILLED,7,3
241,SURVIVED
242,SURVIVED
243,KILLED,2,5,7,3,8,1
244,KILLED,7
245,KILLED,2,5,7,3,8,1
246,NO_COVERAGE
247,NO_COVERAGE
248,NO_COVERAGE
249,NO_COVERAGE
250,NO_COVERAGE
251,NO_COVERAGE
252,NO_COVERAGE
253,NO_COVERAGE
254,NO_COVERAGE
255,NO_COVERAGE
256,NO_COVERAGE
257,NO_COVERAGE
258,SURVIVED
259,KILLED,2,8,1
260,SURVIVED
261,SURVIVED
262,SURVIVED
263,KILLED,2,1
264,KILLED,2,1
265,KILLED,2,1
266,KILLED,2,8,1
267,SURVIVED
268,KILLED,2,8,1
269,KILLED,8
270,KILLED,2,8,1
271,KILLED,2,8,1
272,KILLED,2,1
273,SURVIVED
274,SURVIVED
275,KILLED,2,8,1
276,SURVIVED
277,KILLED,8
278,SURVIVED
279,KILLED,2,8,1
280,KILLED,8
281,KILLED,2,8,1
282,KILLED,27,25,26,23,22,24,21
283,KILLED,28
284,KILLED,27,25,26,23,22,24
285,SURVIVED
286,SURVIVED
287,KILLED,28
288,KILLED,28
289,SURVIVED
290,KILLED,28
291,KILLED,28
292,SURVIVED
293,KILLED,28
294,TIMED_OUT
295,KILLED,28
296,KILLED,28
297,KILLED,27,25,26,23,22,24,21,28
298,SURVIVED
299,SURVIVED
300,KILLED,25,26,23,22,24,21
301,KILLED,27,25,26,23,22,24,21
302,KILLED,25,26,23,22,24,21
303,SURVIVED
304,KILLED,27,28
305,KILLED,28
306,KILLED,28
307,KILLED,28
308,SURVIVED
309,SURVIVED
310,NO_COVERAGE
311,NO_COVERAGE
312,NO_COVERAGE
313,KILLED,25,26,23,22,24,21
314,KILLED,25,26,23,22,24,21
315,KILLED,25,26,23,22,24,21,28
316,KILLED,27,25,26,23,22,24,21
317,TIMED_OUT
318,KILLED,28
319,KILLED,27,25,26,23,22,24,21
320,SURVIVED
321,SURVIVED
322,KILLED,25,26,23,22,24
323,SURVIVED
324,KILLED,28
325,SURVIVED
326,SURVIVED
327,SURVIVED
328,SURVIVED
329,SURVIVED
330,NO_COVERAGE
331,NO_COVERAGE
332,SURVIVED
333,KILLED,27,25,26,23,22,24,21
334,SURVIVED
335,KILLED,25,26,23,22,24,21
336,TIMED_OUT
337,SURVIVED
338,SURVIVED
339,SURVIVED
340,SURVIVED
341,SURVIVED
342,KILLED,27
343,NO_COVERAGE
344,KILLED,25,26,23,22,24,20,21,28
345,SURVIVED
346,SURVIVED
347,NO_COVERAGE
348,NO_COVERAGE
349,SURVIVED
350,SURVIVED
351,SURVIVED
352,SURVIVED
353,SURVIVED
354,SURVIVED
355,NO_COVERAGE
356,NO_COVERAGE
357,NO_COVERAGE
358,SURVIVED
359,SURVIVED
360,KILLED,23,22
361,KILLED,24
362,SURVIVED
363,SURVIVED
364,KILLED,21
365,KILLED,21
366,KILLED,21
367,SURVIVED
368,NO_COVERAGE
369,NO_COVERAGE
370,KILLED,25,26,23,22,24,20
371,KILLED,23,22,24,20,21,28
372,KILLED,23,22,24
373,KILLED,25,26,23,22,24,20,21,28
374,KILLED,21
375,KILLED,25,26,23,22,24,20,21,28
376,SURVIVED
377,SURVIVED
378,KILLED,28
379,KILLED,28
380,KILLED,25,26,23,22,24
381,KILLED,25,24
382,SURVIVED
383,NO_COVERAGE
384,KILLED,21
385,KILLED,21
386,KILLED,21
387,KILLED,21
388,KILLED,21
389,SURVIVED
390,KILLED,25,26,23,22,24,20,21,28
391,KILLED,25,26,23,22,24,20,21,28
392,KILLED,25,26,23,22,24,20,21,28
393,KILLED,28
394,KILLED,25,26,23,22,24,20,21,28
395,KILLED,28
396,KILLED,28
397,KILLED,28
398,KILLED,26,20
399,KILLED,23,22,24
400,KILLED,21
401,KILLED,21
402,SURVIVED
403,SURVIVED
404,KILLED,28
405,KILLED,28
406,KILLED,25,23,22,24
407,KILLED,20,21,28
408,SURVIVED
409,KILLED,25,26,23,22,24,20,28
410,SURVIVED
411,SURVIVED
412,SURVIVED
413,KILLED,25,26,23,22,24,20,21,28
414,KILLED,23,22,24
415,SURVIVED
416,SURVIVED
417,KILLED,25,26,23,22,24,20,21,28
418,KILLED,25,26,23,22,24,20,21,28
419,KILLED,21
420,SURVIVED
421,SURVIVED
422,NO_COVERAGE
423,NO_COVERAGE
424,NO_COVERAGE
425,NO_COVERAGE
426,NO_COVERAGE
427,NO_COVERAGE
428,NO_COVERAGE
429,NO_COVERAGE
430,NO_COVERAGE
431,NO_COVERAGE
432,NO_COVERAGE
433,NO_COVERAGE
434,NO_COVERAGE
435,NO_COVERAGE
436,NO_COVERAGE
437,NO_COVERAGE
438,NO_COVERAGE
439,NO_COVERAGE
440,KILLED,25,26,23,22,24
441,SURVIVED
442,NO_COVERAGE
443,NO_COVERAGE
444,NO_COVERAGE
445,NO_COVERAGE
446,NO_COVERAGE
447,NO_COVERAGE
448,NO_COVERAGE
449,KILLED,25,26,23,22,24,21
450,SURVIVED
451,KILLED,25,26,23,22,24,21
452,NO_COVERAGE
453,NO_COVERAGE
454,NO_COVERAGE
455,NO_COVERAGE
456,NO_COVERAGE
457,NO_COVERAGE
458,NO_COVERAGE
459,NO_COVERAGE
460,NO_COVERAGE
461,KILLED,25,26,23,22,24,20,21,28
462,KILLED,25,26,23,22,24,20,21,28
463,SURVIVED
464,NO_COVERAGE
465,NO_COVERAGE
466,NO_COVERAGE
467,NO_COVERAGE
468,NO_COVERAGE
469,NO_COVERAGE
470,SURVIVED
471,SURVIVED
472,NO_COVERAGE
473,NO_COVERAGE
474,NO_COVERAGE
475,NO_COVERAGE
476,NO_COVERAGE
477,NO_COVERAGE
478,NO_COVERAGE
479,SURVIVED
480,SURVIVED
481,KILLED,25,26,23,22,24,21
482,SURVIVED
483,NO_COVERAGE
484,NO_COVERAGE
485,NO_COVERAGE
486,NO_COVERAGE
487,NO_COVERAGE
488,NO_COVERAGE
489,NO_COVERAGE
490,KILLED,25,26,23,22,24,21
491,SURVIVED
492,NO_COVERAGE
493,NO_COVERAGE
494,NO_COVERAGE
495,NO_COVERAGE
496,NO_COVERAGE
497,NO_COVERAGE
498,NO_COVERAGE
499,NO_COVERAGE
500,NO_COVERAGE
501,NO_COVERAGE
502,NO_COVERAGE
503,NO_COVERAGE
504,NO_COVERAGE
505,NO_COVERAGE
506,KILLED,27
507,NO_COVERAGE
508,SURVIVED
509,SURVIVED
510,KILLED,27
511,SURVIVED
512,KILLED,27
513,KILLED,27
514,SURVIVED
515,KILLED,27
516,SURVIVED
517,KILLED,27
518,SURVIVED
519,KILLED,27
520,NO_COVERAGE
521,KILLED,27
522,SURVIVED
523,KILLED,27
524,SURVIVED
525,SURVIVED
526,SURVIVED
527,NO_COVERAGE
528,NO_COVERAGE
529,NO_COVERAGE
530,NO_COVERAGE
531,NO_COVERAGE
532,SURVIVED
533,SURVIVED
534,SURVIVED
535,SURVIVED
536,SURVIVED
537,SURVIVED
538,SURVIVED
539,SURVIVED
540,SURVIVED
541,SURVIVED
542,SURVIVED
543,SURVIVED
544,SURVIVED
545,SURVIVED
546,KILLED,18
547,KILLED,18
548,KILLED,18
549,SURVIVED
550,KILLED,18
551,SURVIVED
552,KILLED,18
553,KILLED,18
554,SURVIVED
555,NO_COVERAGE
556,SURVIVED
557,SURVIVED
558,SURVIVED
559,SURVIVED
560,SURVIVED
561,SURVIVED
562,SURVIVED
563,KILLED,18
564,KILLED,18
565,SURVIVED
566,SURVIVED
567,SURVIVED
568,SURVIVED
569,SURVIVED
570,SURVIVED
571,SURVIVED
572,SURVIVED
573,SURVIVED
574,KILLED,18
575,SURVIVED
576,SURVIVED
577,NO_COVERAGE
578,SURVIVED
579,KILLED,13,14,15,12,16,19,17
580,SURVIVED
581,KILLED,13,14,15,12,16,19,17
582,KILLED,13,14,15,12,16,19,17
583,KILLED,13,14,15,12,16,19,17
584,KILLED,13,14,15,12,16,19,17
585,SURVIVED
586,SURVIVED
587,SURVIVED
588,KILLED,13,14,15,12,16,19,17
589,SURVIVED
590,NO_COVERAGE
591,NO_COVERAGE
592,NO_COVERAGE
593,NO_COVERAGE
594,NO_COVERAGE
595,NO_COVERAGE
596,KILLED,13,14,15,12,16,19,17
597,SURVIVED
598,KILLED,13,14,15,12,16,19,17
599,KILLED,13,14,15,12,16,19,17
600,KILLED,13,14,15,12,16,19,17
601,KILLED,13,14,15,12,16,19,17
602,SURVIVED
603,KILLED,13,14,15,12,16,19,17
604,KILLED,13,14,15,12,16,19,17
605,NO_COVERAGE
606,NO_COVERAGE
607,NO_COVERAGE
608,NO_COVERAGE
609,NO_COVERAGE
610,NO_COVERAGE
611,NO_COVERAGE
612,NO_COVERAGE
613,NO_COVERAGE
614,SURVIVED
615,SURVIVED
616,SURVIVED
617,KILLED,12
618,SURVIVED
619,SURVIVED
620,KILLED,12
621,KILLED,12
622,KILLED,13,14,15,16,17
623,SURVIVED
624,SURVIVED
625,NO_COVERAGE
626,NO_COVERAGE
627,KILLED,13,14,15,17
628,NO_COVERAGE
629,NO_COVERAGE
630,NO_COVERAGE
631,NO_COVERAGE
632,NO_COVERAGE
633,NO_COVERAGE
634,NO_COVERAGE
635,NO_COVERAGE
636,NO_COVERAGE
637,NO_COVERAGE
638,SURVIVED
639,NO_COVERAGE
640,NO_COVERAGE
641,KILLED,13,14
642,KILLED,13,14
643,KILLED,13,14
644,SURVIVED
645,KILLED,13,14
646,NO_COVERAGE
647,NO_COVERAGE
648,NO_COVERAGE
649,NO_COVERAGE
650,NO_COVERAGE
651,NO_COVERAGE
652,KILLED,14
653,SURVIVED
654,NO_COVERAGE
655,SURVIVED
656,NO_COVERAGE
657,NO_COVERAGE
658,SURVIVED
659,KILLED,19
660,SURVIVED
661,NO_COVERAGE
662,KILLED,13,14,15,12,16,19,17
663,KILLED,12
664,SURVIVED
665,KILLED,13,14,15,12,16,19,17
666,NO_COVERAGE
667,NO_COVERAGE
668,KILLED,13,14,15,16,17
669,KILLED,13,14,15,17
670,KILLED,13,14
671,KILLED,15
672,SURVIVED
673,SURVIVED
674,SURVIVED
675,NO_COVERAGE
676,NO_COVERAGE
677,NO_COVERAGE
678,NO_COVERAGE
679,NO_COVERAGE
680,SURVIVED
681,NO_COVERAGE
682,KILLED,12
683,KILLED,13,14,15,12,16,19,17
684,SURVIVED
685,NO_COVERAGE
686,KILLED,13,14,15,12,16,19,17
687,KILLED,13,14,15,12,16,19,17
688,KILLED,13,14,15,12,16,19,17
689,SURVIVED
690,SURVIVED
691,NO_COVERAGE
692,NO_COVERAGE
693,NO_COVERAGE
694,NO_COVERAGE
695,NO_COVERAGE
696,NO_COVERAGE
697,NO_COVERAGE
698,KILLED,13,14,15,17
699,KILLED,13,14,15,17
700,SURVIVED
701,SURVIVED
702,SURVIVED
703,KILLED,13,14
704,KILLED,13,14
705,KILLED,13,14
706,KILLED,13,14
707,SURVIVED
708,KILLED,13,14
709,KILLED,13,14
710,KILLED,13,14
711,KILLED,13,14
712,KILLED,15
713,SURVIVED
714,KILLED,19
715,SURVIVED
716,NO_COVERAGE
717,KILLED,12
718,SURVIVED
719,SURVIVED
720,NO_COVERAGE
721,NO_COVERAGE
722,KILLED,13,14,15,17
723,KILLED,13,14
724,KILLED,13,14
725,KILLED,15
726,SURVIVED
727,SURVIVED
728,SURVIVED
729,NO_COVERAGE
730,SURVIVED
731,SURVIVED
732,KILLED,13,14,15,12,16,19,17
733,NO_COVERAGE
734,NO_COVERAGE
735,KILLED,16
736,KILLED,15,17
737,KILLED,13,14
738,SURVIVED
739,SURVIVED
740,KILLED,13,14,15,12,16,19,17
741,KILLED,13,14,15,12,16,19,17
742,KILLED,12
743,NO_COVERAGE
744,NO_COVERAGE
745,NO_COVERAGE
746,NO_COVERAGE
747,NO_COVERAGE
748,NO_COVERAGE
749,NO_COVERAGE
750,NO_COVERAGE
751,NO_COVERAGE
752,NO_COVERAGE
753,NO_COVERAGE
754,NO_COVERAGE
755,NO_COVERAGE
756,NO_COVERAGE
757,NO_COVERAGE
758,NO_COVERAGE
759,NO_COVERAGE
760,NO_COVERAGE
761,NO_COVERAGE
762,NO_COVERAGE
763,NO_COVERAGE
764,NO_COVERAGE
765,NO_COVERAGE
766,NO_COVERAGE
767,NO_COVERAGE
768,NO_COVERAGE
769,NO_COVERAGE
770,NO_COVERAGE
771,NO_COVERAGE
772,NO_COVERAGE
773,NO_COVERAGE
774,NO_COVERAGE
775,NO_COVERAGE
776,NO_COVERAGE
777,NO_COVERAGE
778,NO_COVERAGE
779,NO_COVERAGE
780,NO_COVERAGE
781,NO_COVERAGE
782,NO_COVERAGE
783,NO_COVERAGE
784,NO_COVERAGE
785,NO_COVERAGE
786,NO_COVERAGE
787,NO_COVERAGE
788,NO_COVERAGE
789,NO_COVERAGE
790,NO_COVERAGE
791,NO_COVERAGE
792,NO_COVERAGE
793,NO_COVERAGE
794,NO_COVERAGE
795,NO_COVERAGE
796,NO_COVERAGE
797,NO_COVERAGE
798,NO_COVERAGE
799,NO_COVERAGE
800,NO_COVERAGE
801,NO_COVERAGE
802,NO_COVERAGE
803,NO_COVERAGE
804,NO_COVERAGE
805,NO_COVERAGE
806,NO_COVERAGE
807,NO_COVERAGE
808,NO_COVERAGE
809,NO_COVERAGE
810,NO_COVERAGE
811,NO_COVERAGE
812,NO_COVERAGE
813,NO_COVERAGE
814,NO_COVERAGE
815,NO_COVERAGE
816,NO_COVERAGE
817,NO_COVERAGE
818,SURVIVED
819,SURVIVED
820,KILLED,1
821,KILLED,1
822,SURVIVED
823,KILLED,1
824,SURVIVED
825,SURVIVED
826,NO_COVERAGE
827,KILLED,1
828,SURVIVED
829,KILLED,1,18,18,27,13,13,14,14,15,15,25,26,23,22,24,12,12,20,21,16,16,19,19,28,17,17
830,KILLED,1,18,18,27,13,13,14,14,15,15,25,26,23,22,24,12,12,20,21,16,16,19,19,28,17,17
831,SURVIVED
832,KILLED,1,18,18,27,13,13,14,14,15,15,25,26,23,22,24,12,12,20,21,16,16,19,19,28,17,17
833,KILLED,1,18,18,27,13,13,14,14,15,15,25,26,23,22,24,12,12,20,21,16,16,19,19,28,17,17
834,KILLED,1
835,SURVIVED
836,KILLED,1
837,SURVIVED
838,KILLED,1
839,NO_COVERAGE
840,NO_COVERAGE
841,KILLED,1
842,NO_COVERAGE
843,SURVIVED
844,SURVIVED
845,NO_COVERAGE
846,NO_COVERAGE
847,KILLED,1
848,SURVIVED
849,NO_COVERAGE
850,KILLED,1
851,SURVIVED
852,KILLED,1
853,KILLED,1
854,SURVIVED
855,KILLED,1
856,SURVIVED
857,SURVIVED
858,NO_COVERAGE
859,KILLED,1
860,NO_COVERAGE
861,KILLED,1
862,NO_COVERAGE
863,KILLED,1
864,TIMED_OUT
865,NO_COVERAGE
866,KILLED,1
867,KILLED,1
868,KILLED,1
869,KILLED,1
870,SURVIVED
871,KILLED,1
872,SURVIVED
873,KILLED,1
874,KILLED,1
875,SURVIVED
876,SURVIVED
877,NO_COVERAGE
878,SURVIVED
879,NO_COVERAGE
880,NO_COVERAGE
881,SURVIVED
882,NO_COVERAGE
883,NO_COVERAGE
884,NO_COVERAGE
885,NO_COVERAGE
886,NO_COVERAGE
887,NO_COVERAGE
888,NO_COVERAGE
889,NO_COVERAGE
890,NO_COVERAGE
891,NO_COVERAGE
892,NO_COVERAGE
893,NO_COVERAGE
894,NO_COVERAGE
895,NO_COVERAGE
896,NO_COVERAGE
897,NO_COVERAGE
898,NO_COVERAGE
899,NO_COVERAGE
900,NO_COVERAGE
901,NO_COVERAGE
902,NO_COVERAGE
903,NO_COVERAGE
904,NO_COVERAGE
905,NO_COVERAGE
906,NO_COVERAGE
907,NO_COVERAGE
908,NO_COVERAGE
909,NO_COVERAGE
910,NO_COVERAGE
911,NO_COVERAGE
912,NO_COVERAGE
913,NO_COVERAGE
914,NO_COVERAGE
915,NO_COVERAGE
916,NO_COVERAGE
917,NO_COVERAGE
918,NO_COVERAGE
919,NO_COVERAGE
920,NO_COVERAGE
921,NO_COVERAGE
922,NO_COVERAGE
923,NO_COVERAGE
924,NO_COVERAGE
925,NO_COVERAGE
926,NO_COVERAGE
927,NO_COVERAGE
928,NO_COVERAGE
929,NO_COVERAGE
930,NO_COVERAGE
931,NO_COVERAGE
932,NO_COVERAGE
933,NO_COVERAGE
934,NO_COVERAGE
935,NO_COVERAGE
936,NO_COVERAGE
937,NO_COVERAGE
938,NO_COVERAGE
939,NO_COVERAGE
940,NO_COVERAGE
941,NO_COVERAGE
942,NO_COVERAGE
943,NO_COVERAGE
944,NO_COVERAGE
945,NO_COVERAGE
946,NO_COVERAGE
947,NO_COVERAGE
948,NO_COVERAGE
949,NO_COVERAGE
950,NO_COVERAGE
951,NO_COVERAGE
952,NO_COVERAGE
953,NO_COVERAGE
954,NO_COVERAGE
955,NO_COVERAGE
956,NO_COVERAGE
957,NO_COVERAGE
958,NO_COVERAGE
959,SURVIVED
960,SURVIVED
961,KILLED,1
962,NO_COVERAGE
963,NO_COVERAGE
964,NO_COVERAGE
965,SURVIVED
966,NO_COVERAGE
967,NO_COVERAGE
968,NO_COVERAGE
969,NO_COVERAGE
970,NO_COVERAGE
971,SURVIVED
972,NO_COVERAGE
973,NO_COVERAGE
974,NO_COVERAGE
975,SURVIVED
976,NO_COVERAGE
977,NO_COVERAGE
978,NO_COVERAGE
979,KILLED,1
980,NO_COVERAGE
981,NO_COVERAGE
982,NO_COVERAGE
983,NO_COVERAGE
984,NO_COVERAGE
985,NO_COVERAGE
986,NO_COVERAGE
987,NO_COVERAGE
988,NO_COVERAGE
989,NO_COVERAGE
990,NO_COVERAGE
991,NO_COVERAGE
992,NO_COVERAGE
993,NO_COVERAGE
994,KILLED,13,14,15,12,16,19,17
995,SURVIVED
996,KILLED,13,14,15,12,16,19,17
997,SURVIVED
998,SURVIVED
999,SURVIVED
1000,KILLED,13,14,15,12,16,19,17
1001,SURVIVED
1002,SURVIVED
1003,SURVIVED
1004,SURVIVED
1005,SURVIVED
1006,SURVIVED
1007,SURVIVED
