1,org.graylog2.GelfUDPSenderTest.testReopenOfChannel
2,org.graylog2.GelfMessageTest.testSimpleMessage
3,org.graylog2.GelfMessageTest.testAdditionalFields
4,org.graylog2.GelfMessageTest.testEmptyShortMessage
5,org.graylog2.GelfMessageTest.testInvalidLevelMessage
6,org.graylog2.GelfMessageTest.concatByteArrayTest
7,org.graylog2.GelfMessageTest.testAdditionalFieldsIds
8,org.graylog2.GelfMessageTest.testSendLongMessage
9,org.graylog2.GelfMessageMutabilityTest.testJavaImmutableMap
10,org.graylog2.GelfMessageMutabilityTest.testGuavaImmutableMaps
11,org.graylog2.GelfMessageMutabilityTest.testMutability
12,org.graylog2.log.GelfAppenderTest.ensureHostnameForMessage
13,org.graylog2.log.GelfAppenderTest.handleMDC
14,org.graylog2.log.GelfAppenderTest.handleMDCTransform
15,org.graylog2.log.GelfAppenderTest.handleNDC
16,org.graylog2.log.GelfAppenderTest.disableExtendedInformation
17,org.graylog2.log.GelfAppenderTest.checkExtendedInformation
18,org.graylog2.log.GelfAppenderTest.testTcpUdpUrls
19,org.graylog2.log.GelfAppenderTest.handleNullInAppend
20,org.graylog2.logging.GelfHandlerTest.handleNullMessage
21,org.graylog2.logging.GelfHandlerTest.handleStackTraces
22,org.graylog2.logging.GelfHandlerTest.testLogFormattingWithParameter
23,org.graylog2.logging.GelfHandlerTest.testLogFormattingWithParameters
24,org.graylog2.logging.GelfHandlerTest.testLogFormattingWithPercentParameters
25,org.graylog2.logging.GelfHandlerTest.testLogFormattingWithPercentParameters_InvalidParameters
26,org.graylog2.logging.GelfHandlerTest.testNullLogWithParameters
27,org.graylog2.logging.GelfHandlerTest.testSetAdditionalField
28,org.graylog2.logging.GelfHandlerTest.handleAdditionalField
