1,KILLED,1,2,3
2,NO_COVERAGE
3,KILLED,1,2,3
4,SURVIVED
5,KILLED,1,2,3
6,NO_COVERAGE
7,KILLED,1,2,3
8,KILLED,1,2,3
9,KILLED,1,2,3
10,KILLED,1,2,3
11,KILLED,1,2,3
12,SURVIVED
13,KILLED,1,2,3
14,KILLED,1,2,3
15,KILLED,1,2,3
16,KILLED,1,2,3
17,KILLED,1,2,3
18,NO_COVERAGE
19,KILLED,1,2,3
20,SURVIVED
21,SURVIVED
22,SURVIVED
23,KILLED,1,2,3
24,KILLED,1,2,3
25,KILLED,1,2,3
26,SURVIVED
27,KILLED,1,2,3
28,SURVIVED
29,TIMED_OUT
30,NO_COVERAGE
31,KILLED,1,2,3
32,KILLED,1,2
33,KILLED,1,2,3
34,KILLED,1,2
35,KILLED,1,2
36,KILLED,1,2
37,KILLED,1,2,3
38,KILLED,1,2
39,KILLED,1,3
40,NO_COVERAGE
41,NO_COVERAGE
42,KILLED,1,2,3
43,KILLED,1,2,3
44,KILLED,2
45,KILLED,1,2
46,SURVIVED
47,SURVIVED
48,SURVIVED
49,KILLED,1,2,3
50,KILLED,1,2,3
51,TIMED_OUT
52,TIMED_OUT
53,KILLED,1,2,3
54,KILLED,1,2,3
55,KILLED,1,3
56,KILLED,3
57,SURVIVED
58,KILLED,1,2,3
59,KILLED,1,2,3
60,KILLED,1,2,3
61,KILLED,1,2,3
62,KILLED,1,2,3
63,KILLED,1,2,3
64,SURVIVED
65,KILLED,1,2,3
66,KILLED,1,2,3
67,SURVIVED
68,KILLED,1,2,3
69,KILLED,1,2,3
70,KILLED,1,2,3
71,KILLED,1
72,KILLED,1,2,3
73,KILLED,1,2,3
74,TIMED_OUT
75,TIMED_OUT
76,KILLED,1,2,3
77,SURVIVED
78,SURVIVED
79,KILLED,1,2,3
80,KILLED,1,2,3
81,KILLED,1,2,3
82,KILLED,1
83,TIMED_OUT
84,TIMED_OUT
85,KILLED,2,3
86,KILLED,1
87,KILLED,3
88,KILLED,3
89,KILLED,3
90,SURVIVED
91,KILLED,2,3
92,KILLED,1
93,NO_COVERAGE
94,NO_COVERAGE
95,NO_COVERAGE
96,NO_COVERAGE
97,NO_COVERAGE
98,NO_COVERAGE
99,NO_COVERAGE
100,NO_COVERAGE
101,NO_COVERAGE
102,NO_COVERAGE
103,NO_COVERAGE
104,NO_COVERAGE
105,NO_COVERAGE
106,NO_COVERAGE
107,NO_COVERAGE
108,NO_COVERAGE
109,NO_COVERAGE
110,NO_COVERAGE
111,NO_COVERAGE
112,NO_COVERAGE
113,NO_COVERAGE
114,NO_COVERAGE
115,NO_COVERAGE
116,NO_COVERAGE
117,NO_COVERAGE
118,NO_COVERAGE
119,NO_COVERAGE
120,NO_COVERAGE
121,NO_COVERAGE
122,NO_COVERAGE
123,NO_COVERAGE
124,NO_COVERAGE
125,NO_COVERAGE
126,NO_COVERAGE
127,NO_COVERAGE
128,NO_COVERAGE
129,NO_COVERAGE
130,NO_COVERAGE
131,NO_COVERAGE
132,NO_COVERAGE
133,NO_COVERAGE
134,NO_COVERAGE
135,NO_COVERAGE
