1,de.kopis.glacier.commands.UploadMultipartArchiveCommandTest.parsesFilesWithWhitespaceSuccessfully
2,de.kopis.glacier.printers.VaultInventoryPrinterTest.testPrintInventoryListing
3,de.kopis.glacier.printers.VaultInventoryPrinterTest.printArchiveSize
4,de.kopis.glacier.printers.HumanReadableSizeTest.sanitizeMissingSizeIndicator
5,de.kopis.glacier.printers.HumanReadableSizeTest.sanitizeBytes
6,de.kopis.glacier.printers.HumanReadableSizeTest.sanitizeKilobytes
7,de.kopis.glacier.printers.HumanReadableSizeTest.sanitizeKilTerabytes
8,de.kopis.glacier.printers.HumanReadableSizeTest.sanitizeMegabytes
9,de.kopis.glacier.printers.HumanReadableSizeTest.sanitizeGigabytes
10,de.kopis.glacier.parsers.GlacierUploaderOptionParserTest.acceptsShortcutForVaultOption
11,de.kopis.glacier.parsers.GlacierUploaderOptionParserTest.hasRequiredVaultOptionWithName
12,de.kopis.glacier.parsers.GlacierUploaderOptionParserTest.hasRequiredEndpointOptionWithUrl
13,de.kopis.glacier.parsers.GlacierUploaderOptionParserTest.hasOptionalCredentialsOptionWithFile
14,de.kopis.glacier.parsers.GlacierUploaderOptionParserTest.hasActionOptionUpload
15,de.kopis.glacier.parsers.GlacierUploaderOptionParserTest.hasActionOptionListInventory
16,de.kopis.glacier.parsers.GlacierUploaderOptionParserTest.hasActionOptionListInventoryWithJobId
17,de.kopis.glacier.parsers.GlacierUploaderOptionParserTest.hasActionOptionDownload
18,de.kopis.glacier.parsers.GlacierUploaderOptionParserTest.hasActionOptionCreateVault
19,de.kopis.glacier.parsers.GlacierUploaderOptionParserTest.hasActionOptionDeleteArchive
20,de.kopis.glacier.parsers.GlacierUploaderOptionParserTest.hasActionOptionDeleteVault
21,de.kopis.glacier.parsers.GlacierUploaderOptionParserTest.hasActionOptionCalculateHash
22,de.kopis.glacier.printers.VaultPrinterTest.testPrintVault
