1,SURVIVED
2,KILLED,54
3,NO_COVERAGE
4,NO_COVERAGE
5,NO_COVERAGE
6,KILLED,57,25
7,KILLED,57,25
8,KILLED,57,25
9,KILLED,57,25
10,KILLED,57,25
11,SURVIVED
12,KILLED,31,25,24,45,40
13,KILLED,31,25,24,45,40
14,KILLED,31,25,24,45,40
15,KILLED,31,25,24,45,40
16,KILLED,31,25,24,45,40
17,SURVIVED
18,KILLED,57,25
19,SURVIVED
20,SURVIVED
21,SURVIVED
22,NO_COVERAGE
23,KILLED,57,25
24,KILLED,57,25
25,KILLED,57,25
26,SURVIVED
27,SURVIVED
28,SURVIVED
29,KILLED,57,25
30,KILLED,57,25
31,KILLED,57,25
32,SURVIVED
33,KILLED,57,25
34,KILLED,57,25
35,SURVIVED
36,SURVIVED
37,TIMED_OUT
38,NO_COVERAGE
39,KILLED,57,25
40,SURVIVED
41,TIMED_OUT
42,TIMED_OUT
43,TIMED_OUT
44,TIMED_OUT
45,TIMED_OUT
46,SURVIVED
47,TIMED_OUT
48,KILLED,56,57,25
49,SURVIVED
50,KILLED,56
51,TIMED_OUT
52,KILLED,56
53,KILLED,56,57,25
54,KILLED,56
55,KILLED,56,57,25
56,TIMED_OUT
57,NO_COVERAGE
58,NO_COVERAGE
59,TIMED_OUT
60,SURVIVED
61,SURVIVED
62,SURVIVED
63,SURVIVED
64,TIMED_OUT
65,KILLED,56
66,SURVIVED
67,KILLED,56
68,TIMED_OUT
69,TIMED_OUT
70,KILLED,56,57,25
71,KILLED,56
72,SURVIVED
73,SURVIVED
74,KILLED,56
75,KILLED,56
76,TIMED_OUT
77,TIMED_OUT
78,SURVIVED
79,NO_COVERAGE
80,KILLED,56,57,25
81,TIMED_OUT
82,TIMED_OUT
83,TIMED_OUT
84,KILLED,56,57,25
85,KILLED,56,57,25
86,KILLED,56
87,TIMED_OUT
88,TIMED_OUT
89,TIMED_OUT
90,KILLED,56,57,25
91,SURVIVED
92,KILLED,56
93,TIMED_OUT
94,TIMED_OUT
95,TIMED_OUT
96,SURVIVED
97,TIMED_OUT
98,KILLED,56
99,TIMED_OUT
100,KILLED,56
101,SURVIVED
102,KILLED,56,57,25
103,TIMED_OUT
104,KILLED,56,57,25
105,SURVIVED
106,TIMED_OUT
107,KILLED,56
108,KILLED,56,57,25
109,SURVIVED
110,KILLED,56,57,25
111,SURVIVED
112,TIMED_OUT
113,NO_COVERAGE
114,TIMED_OUT
115,SURVIVED
116,SURVIVED
117,TIMED_OUT
118,TIMED_OUT
119,TIMED_OUT
120,TIMED_OUT
121,KILLED,57,31,25,45
122,SURVIVED
123,SURVIVED
124,KILLED,57,31,25,45
125,SURVIVED
126,KILLED,31,25,45
127,TIMED_OUT
128,SURVIVED
129,SURVIVED
130,TIMED_OUT
131,SURVIVED
132,KILLED,10,13,28,44,5,3,23,15,42,31,6,12,9,20,16,24,1,14,40,18
133,SURVIVED
134,SURVIVED
135,KILLED,25
136,SURVIVED
137,SURVIVED
138,SURVIVED
139,KILLED,25
140,SURVIVED
141,SURVIVED
142,KILLED,31,9,1
143,KILLED,1
144,SURVIVED
145,SURVIVED
146,KILLED,31,9,1
147,KILLED,1
148,SURVIVED
149,NO_COVERAGE
150,NO_COVERAGE
151,NO_COVERAGE
152,NO_COVERAGE
153,KILLED,10,44
154,TIMED_OUT
155,TIMED_OUT
156,SURVIVED
157,TIMED_OUT
158,KILLED,57,31,25,45
159,KILLED,57,31,25,45
160,TIMED_OUT
161,TIMED_OUT
162,NO_COVERAGE
163,NO_COVERAGE
164,KILLED,57,31,25,45
165,SURVIVED
166,KILLED,57,31,25,45
167,KILLED,57,31,25,45
168,KILLED,25
169,SURVIVED
170,KILLED,57,31,25,45
171,SURVIVED
172,SURVIVED
173,SURVIVED
174,KILLED,57,31,25,45
175,KILLED,25
176,SURVIVED
177,SURVIVED
178,KILLED,57,31,25,45
179,TIMED_OUT
180,SURVIVED
181,TIMED_OUT
182,TIMED_OUT
183,KILLED,1
184,SURVIVED
185,TIMED_OUT
186,SURVIVED
187,SURVIVED
188,SURVIVED
189,TIMED_OUT
190,KILLED,1
191,SURVIVED
192,SURVIVED
193,TIMED_OUT
194,TIMED_OUT
195,TIMED_OUT
196,KILLED,25,45
197,KILLED,57,31,25,45
198,KILLED,57,31,25,45
199,KILLED,57,31,25,45
200,KILLED,25,45
201,KILLED,25,45
202,KILLED,57,31,25,45
203,KILLED,57,31,25,45
204,KILLED,53,3,31,6,9,1
205,TIMED_OUT
206,TIMED_OUT
207,TIMED_OUT
208,KILLED,53,3,31,6,9,1
209,KILLED,53,3,31,6,9,1
210,TIMED_OUT
211,TIMED_OUT
212,TIMED_OUT
213,KILLED,57,31,25,45
214,SURVIVED
215,SURVIVED
216,KILLED,57,31,25,45
217,SURVIVED
218,KILLED,57,31,25,45
219,KILLED,31,25,45
220,TIMED_OUT
221,SURVIVED
222,SURVIVED
223,TIMED_OUT
224,SURVIVED
225,KILLED,55,10,13,53,43,28,44,5,3,23,15,42,31,6,12,9,20,16,24,1,14,40,18
226,KILLED,10,13,28,44,5,3,23,15,42,31,6,12,9,20,16,24,1,14,40,18
227,KILLED,57,31,25,45
228,TIMED_OUT
229,TIMED_OUT
230,SURVIVED
231,KILLED,25,45
232,KILLED,57,31,25,45
233,KILLED,57,31,25,45
234,KILLED,57,31,25,45
235,KILLED,25,45
236,SURVIVED
237,KILLED,57,31,25,45
238,KILLED,57,31,25,45
239,KILLED,53,3,31,6,9,1
240,TIMED_OUT
241,TIMED_OUT
242,TIMED_OUT
243,KILLED,53,3,31,6,9,1
244,SURVIVED
245,TIMED_OUT
246,TIMED_OUT
247,SURVIVED
248,KILLED,25,45
249,KILLED,57,31,25,45
250,SURVIVED
251,SURVIVED
252,KILLED,25,45
253,SURVIVED
254,SURVIVED
255,SURVIVED
256,KILLED,53,3,31,6,9,1
257,TIMED_OUT
258,SURVIVED
259,SURVIVED
260,KILLED,53,3,31,6,9,1
261,SURVIVED
262,SURVIVED
263,KILLED,57,31,25,45
264,TIMED_OUT
265,NO_COVERAGE
266,KILLED,57,31,25,45
267,KILLED,31,25,45
268,KILLED,55,10,13,53,43,28,44,5,3,23,15,42,31,6,12,9,20,16,24,1,14,40,18
269,TIMED_OUT
270,NO_COVERAGE
271,TIMED_OUT
272,KILLED,13,28,5,3,23,15,42,31,6,12,9,20,16,24,1,14,40,18
273,TIMED_OUT
274,SURVIVED
275,KILLED,57,31,25,45
276,KILLED,57,31,25,45
277,TIMED_OUT
278,TIMED_OUT
279,TIMED_OUT
280,KILLED,57,31,25,45
281,TIMED_OUT
282,KILLED,40,18
283,TIMED_OUT
284,TIMED_OUT
285,TIMED_OUT
286,SURVIVED
287,TIMED_OUT
288,TIMED_OUT
289,TIMED_OUT
290,TIMED_OUT
291,SURVIVED
292,KILLED,31,25,24,45,40
293,KILLED,31,25,24,45,40
294,KILLED,31,25,24,45,40
295,KILLED,31,25,24,45,40
296,SURVIVED
297,NO_COVERAGE
298,NO_COVERAGE
299,NO_COVERAGE
300,NO_COVERAGE
301,NO_COVERAGE
302,KILLED,5,3,6
303,KILLED,5,3,6
304,KILLED,5,3,6
305,KILLED,5,3,6
306,SURVIVED
307,NO_COVERAGE
308,NO_COVERAGE
309,NO_COVERAGE
310,NO_COVERAGE
311,NO_COVERAGE
312,NO_COVERAGE
313,NO_COVERAGE
314,NO_COVERAGE
315,NO_COVERAGE
316,NO_COVERAGE
317,TIMED_OUT
318,TIMED_OUT
319,TIMED_OUT
320,TIMED_OUT
321,SURVIVED
322,KILLED,53,31,25,9,1,45
323,TIMED_OUT
324,TIMED_OUT
325,TIMED_OUT
326,SURVIVED
327,KILLED,13,23,15,42,31,12,25,14
328,KILLED,13,23,15,42,31,12,25,14
329,KILLED,13,23,15,42,31,12,25,14
330,KILLED,13,23,15,42,31,12,25,14
331,SURVIVED
332,KILLED,43,42,31,12,25,9,20,24,1,40,18
333,KILLED,43,42,31,12,25,9,20,24,1,40,18
334,KILLED,43,42,31,12,25,9,20,24,1,40,18
335,KILLED,43,42,31,12,25,9,20,24,1,40,18
336,SURVIVED
337,TIMED_OUT
338,TIMED_OUT
339,TIMED_OUT
340,TIMED_OUT
341,SURVIVED
342,KILLED,1
343,KILLED,1
344,KILLED,1
345,KILLED,1
346,SURVIVED
347,TIMED_OUT
348,TIMED_OUT
349,TIMED_OUT
350,TIMED_OUT
351,KILLED,5,3,6
352,TIMED_OUT
353,TIMED_OUT
354,NO_COVERAGE
355,NO_COVERAGE
356,NO_COVERAGE
357,NO_COVERAGE
358,NO_COVERAGE
359,NO_COVERAGE
360,KILLED,54
361,NO_COVERAGE
362,SURVIVED
363,TIMED_OUT
364,SURVIVED
365,TIMED_OUT
366,TIMED_OUT
367,TIMED_OUT
368,TIMED_OUT
369,TIMED_OUT
370,TIMED_OUT
371,TIMED_OUT
372,NO_COVERAGE
373,NO_COVERAGE
374,NO_COVERAGE
375,NO_COVERAGE
376,KILLED,31,25,24,45,40
377,KILLED,31,25,24,45,40
378,NO_COVERAGE
379,NO_COVERAGE
380,NO_COVERAGE
381,KILLED,5,3,6
382,KILLED,5,3,6
383,NO_COVERAGE
384,NO_COVERAGE
385,NO_COVERAGE
386,NO_COVERAGE
387,TIMED_OUT
388,TIMED_OUT
389,TIMED_OUT
390,TIMED_OUT
391,KILLED,13,23,15,42,31,12,25,14
392,KILLED,13,23,15,42,31,12,25,14
393,NO_COVERAGE
394,NO_COVERAGE
395,KILLED,43,42,31,12,25,9,20,24,1,40,18
396,TIMED_OUT
397,TIMED_OUT
398,TIMED_OUT
399,KILLED,1
400,KILLED,1
401,NO_COVERAGE
402,NO_COVERAGE
403,KILLED,57,25
404,KILLED,31,25,24,45,40
405,KILLED,57,25
406,TIMED_OUT
407,TIMED_OUT
408,TIMED_OUT
409,SURVIVED
410,SURVIVED
411,TIMED_OUT
412,TIMED_OUT
413,TIMED_OUT
414,NO_COVERAGE
415,KILLED,31,25,24,45,40
416,TIMED_OUT
417,KILLED,13,23,15,42,31,12,25,14
418,TIMED_OUT
419,KILLED,1
420,TIMED_OUT
421,TIMED_OUT
422,TIMED_OUT
423,TIMED_OUT
424,NO_COVERAGE
425,NO_COVERAGE
426,KILLED,5,3,6
427,NO_COVERAGE
428,TIMED_OUT
429,NO_COVERAGE
430,TIMED_OUT
431,NO_COVERAGE
432,TIMED_OUT
433,TIMED_OUT
434,TIMED_OUT
435,KILLED,31,25,24,45,40
436,TIMED_OUT
437,KILLED,13,23,15,42,31,12,25,14
438,TIMED_OUT
439,KILLED,1
440,KILLED,31,25,24,45,40
441,SURVIVED
442,TIMED_OUT
443,SURVIVED
444,KILLED,13,23,15,42,31,12,25,14
445,SURVIVED
446,KILLED,1
447,SURVIVED
448,NO_COVERAGE
449,NO_COVERAGE
450,NO_COVERAGE
451,NO_COVERAGE
452,NO_COVERAGE
453,NO_COVERAGE
454,NO_COVERAGE
455,NO_COVERAGE
456,NO_COVERAGE
457,NO_COVERAGE
458,NO_COVERAGE
459,NO_COVERAGE
460,TIMED_OUT
461,TIMED_OUT
462,KILLED,31,25,24,45,40
463,NO_COVERAGE
464,KILLED,5,3,6
465,NO_COVERAGE
466,NO_COVERAGE
467,TIMED_OUT
468,TIMED_OUT
469,KILLED,13,23,15,42,31,12,25,14
470,KILLED,43,42,31,12,25,9,20,24,1,40,18
471,TIMED_OUT
472,KILLED,1
473,KILLED,57,25
474,KILLED,31,25,24,45,40
475,TIMED_OUT
476,TIMED_OUT
477,TIMED_OUT
478,TIMED_OUT
479,NO_COVERAGE
480,SURVIVED
481,KILLED,5,3,6
482,TIMED_OUT
483,KILLED,56,57,25
484,SURVIVED
485,TIMED_OUT
486,SURVIVED
487,KILLED,43,42,31,12,25,9,20,24,1,40,18
488,SURVIVED
489,TIMED_OUT
490,SURVIVED
491,KILLED,1
492,SURVIVED
493,KILLED,57,25
494,SURVIVED
495,KILLED,31,25,24,45,40
496,SURVIVED
497,TIMED_OUT
498,SURVIVED
499,TIMED_OUT
500,SURVIVED
501,TIMED_OUT
502,SURVIVED
503,TIMED_OUT
504,SURVIVED
505,SURVIVED
506,SURVIVED
507,KILLED,31,25,24,45,40
508,SURVIVED
509,SURVIVED
510,SURVIVED
511,TIMED_OUT
512,SURVIVED
513,KILLED,57,31,25,45
514,SURVIVED
515,SURVIVED
516,SURVIVED
517,SURVIVED
518,SURVIVED
519,SURVIVED
520,TIMED_OUT
521,SURVIVED
522,SURVIVED
523,SURVIVED
524,SURVIVED
525,KILLED,31,25,24,45,40
526,SURVIVED
527,SURVIVED
528,SURVIVED
529,SURVIVED
530,SURVIVED
531,KILLED,5,3,6
532,KILLED,25
533,SURVIVED
534,SURVIVED
535,KILLED,25
536,SURVIVED
537,SURVIVED
538,SURVIVED
539,KILLED,57,25
540,SURVIVED
541,KILLED,57,25
542,SURVIVED
543,SURVIVED
544,TIMED_OUT
545,SURVIVED
546,SURVIVED
547,SURVIVED
548,SURVIVED
549,SURVIVED
550,TIMED_OUT
551,SURVIVED
552,SURVIVED
553,SURVIVED
554,SURVIVED
555,SURVIVED
556,SURVIVED
557,SURVIVED
558,SURVIVED
559,SURVIVED
560,SURVIVED
561,SURVIVED
562,SURVIVED
563,SURVIVED
564,SURVIVED
565,SURVIVED
566,SURVIVED
567,TIMED_OUT
568,SURVIVED
569,KILLED,5,3,6
570,SURVIVED
571,TIMED_OUT
572,TIMED_OUT
573,SURVIVED
574,KILLED,43,42,31,12,25,9,20,24,1,40,18
575,SURVIVED
576,SURVIVED
577,TIMED_OUT
578,SURVIVED
579,TIMED_OUT
580,SURVIVED
581,KILLED,13,23,15,42,31,12,25,14
582,TIMED_OUT
583,KILLED,5,3,6
584,TIMED_OUT
585,KILLED,57,51,52,47,46,50,48,45,32,30,29,25,49,27
586,KILLED,57,51,52,47,46,50,48,45,32,30,29,25,49,27
587,SURVIVED
588,KILLED,57,51,52,47,46,50,48,45,32,30,29,25,49,27
589,SURVIVED
590,SURVIVED
591,SURVIVED
592,SURVIVED
593,SURVIVED
594,SURVIVED
595,KILLED,56,53,57,45,13,43,28,5,3,23,15,42,31,6,12,25,9,20,16,24,1,14,40,18
596,KILLED,54,56,55,53,44,57,45,10,13,43,28,5,3,23,15,42,31,6,12,25,9,20,16,24,1,14,40,18
597,KILLED,54,56,55,53,44,57,45,10,13,43,28,5,3,23,15,42,31,6,12,25,9,20,16,24,1,14,40,18
598,KILLED,54,56,55,53,44,57,45,10,13,43,28,5,3,23,15,42,31,6,12,25,9,20,16,24,1,14,40,18
599,KILLED,53,57,45,13,43,28,5,3,23,15,42,31,6,12,25,9,20,16,24,1,14,40,18
600,SURVIVED
601,TIMED_OUT
602,KILLED,57,51,52,47,46,50,48,45,32,29,25,49,27
603,NO_COVERAGE
604,NO_COVERAGE
605,KILLED,57,51,52,47,46,50,48,45,32,29,25,49,27
606,KILLED,57,51,52,47,46,50,48,45,32,29,25,49,27
607,KILLED,51,52,47,46,50,48,45,32,29,25,49,27
608,SURVIVED
609,KILLED,46
610,KILLED,46
611,KILLED,46
612,NO_COVERAGE
613,KILLED,46
614,KILLED,46
615,KILLED,46
616,KILLED,46
617,KILLED,46
618,NO_COVERAGE
619,KILLED,46
620,KILLED,46
621,KILLED,46
622,KILLED,46
623,KILLED,46
624,KILLED,46
625,KILLED,46
626,KILLED,46
627,KILLED,46
628,KILLED,46
629,KILLED,46
630,KILLED,46
631,KILLED,46
632,KILLED,46
633,SURVIVED
634,KILLED,47,25
635,NO_COVERAGE
636,NO_COVERAGE
637,KILLED,47,25
638,KILLED,47,25
639,KILLED,47,25
640,SURVIVED
641,KILLED,56,53,57,51,52,47,46,50,48,45,32,13,30,43,28,5,3,23,15,42,31,6,29,12,25,9,20,16,24,49,1,14,27,40,18
642,KILLED,56,53,57,51,52,47,46,50,48,45,32,13,30,43,28,5,3,23,15,42,31,6,29,12,25,9,20,16,24,49,1,14,27,40,18
643,NO_COVERAGE
644,KILLED,56,53,57,51,52,47,46,50,48,45,32,13,30,43,28,5,3,23,15,42,31,6,29,12,25,9,20,16,24,49,1,14,27,40,18
645,KILLED,56,53,57,51,52,47,46,50,48,45,32,13,30,43,28,5,3,23,15,42,31,6,29,12,25,9,20,16,24,49,1,14,27,40,18
646,KILLED,53,57,50,45,13,43,28,5,3,23,15,42,31,6,12,25,9,20,16,24,49,1,14,40,18
647,TIMED_OUT
648,KILLED,53,57,50,45,13,43,28,5,3,23,15,42,31,6,12,25,9,20,16,24,49,1,14,40,18
649,KILLED,53,57,50,45,13,43,28,5,3,23,15,42,31,6,12,25,9,20,16,24,49,1,14,40,18
650,KILLED,53,57,50,45,13,43,28,5,3,23,15,42,31,6,12,25,9,20,16,24,49,1,14,40,18
651,KILLED,56,53,57,51,52,47,46,50,48,45,32,13,30,43,28,5,3,23,15,42,31,6,29,12,25,9,20,16,24,49,1,14,27,40,18
652,KILLED,50
653,SURVIVED
654,KILLED,51,52,50,48,45,30,25,49
655,NO_COVERAGE
656,NO_COVERAGE
657,KILLED,51,52,50,48,45,30,25,49
658,KILLED,51,52,50,48,45,30,25,49
659,KILLED,51,52,48,45,30,25,49
660,SURVIVED
661,KILLED,52
662,NO_COVERAGE
663,NO_COVERAGE
664,KILLED,52
665,KILLED,52
666,KILLED,52
667,SURVIVED
668,SURVIVED
669,NO_COVERAGE
670,NO_COVERAGE
671,KILLED,50
672,KILLED,50
673,KILLED,50
674,NO_COVERAGE
675,NO_COVERAGE
676,KILLED,50
677,KILLED,50
678,KILLED,50
679,KILLED,50
680,KILLED,50
681,NO_COVERAGE
682,NO_COVERAGE
683,NO_COVERAGE
684,NO_COVERAGE
685,NO_COVERAGE
686,NO_COVERAGE
687,NO_COVERAGE
688,KILLED,50
689,KILLED,50
690,KILLED,50
691,KILLED,50
692,KILLED,50
693,KILLED,50
694,NO_COVERAGE
695,KILLED,50
696,KILLED,50
697,KILLED,50
698,KILLED,50
699,KILLED,50
700,KILLED,50
701,KILLED,50
702,KILLED,50
703,KILLED,50
704,KILLED,50
705,KILLED,50
706,KILLED,50
707,KILLED,50
708,KILLED,50
709,KILLED,50
710,KILLED,50
711,KILLED,50
712,KILLED,50
713,KILLED,50
714,NO_COVERAGE
715,NO_COVERAGE
716,NO_COVERAGE
717,KILLED,50
718,KILLED,50
719,KILLED,50
720,KILLED,50
721,KILLED,50
722,NO_COVERAGE
723,NO_COVERAGE
724,NO_COVERAGE
725,NO_COVERAGE
726,KILLED,50
727,KILLED,50
728,SURVIVED
729,NO_COVERAGE
730,NO_COVERAGE
731,NO_COVERAGE
732,NO_COVERAGE
733,KILLED,50
734,KILLED,50
735,KILLED,50
736,SURVIVED
737,KILLED,50
738,SURVIVED
739,KILLED,50
740,KILLED,50
741,KILLED,50
742,KILLED,50
743,KILLED,50
744,KILLED,50
745,KILLED,50
746,SURVIVED
747,TIMED_OUT
748,TIMED_OUT
749,KILLED,50
750,SURVIVED
751,KILLED,50
752,SURVIVED
753,SURVIVED
754,SURVIVED
755,KILLED,50
756,KILLED,50
757,KILLED,50
758,NO_COVERAGE
759,NO_COVERAGE
760,NO_COVERAGE
761,NO_COVERAGE
762,NO_COVERAGE
763,NO_COVERAGE
764,NO_COVERAGE
765,NO_COVERAGE
766,NO_COVERAGE
767,NO_COVERAGE
768,NO_COVERAGE
769,NO_COVERAGE
770,NO_COVERAGE
771,NO_COVERAGE
772,NO_COVERAGE
773,NO_COVERAGE
774,NO_COVERAGE
775,NO_COVERAGE
776,NO_COVERAGE
777,NO_COVERAGE
778,NO_COVERAGE
779,NO_COVERAGE
780,NO_COVERAGE
781,NO_COVERAGE
782,NO_COVERAGE
783,NO_COVERAGE
784,NO_COVERAGE
785,NO_COVERAGE
786,NO_COVERAGE
787,NO_COVERAGE
788,NO_COVERAGE
789,NO_COVERAGE
790,NO_COVERAGE
791,NO_COVERAGE
792,NO_COVERAGE
793,KILLED,56,53,57,51,52,47,46,50,48,45,32,13,30,43,28,5,3,23,15,42,31,6,29,12,25,9,20,16,24,49,1,14,27,40,18
794,KILLED,56,53,57,51,52,47,46,50,48,45,32,13,30,43,28,5,3,23,15,42,31,6,29,12,25,9,20,16,24,49,1,14,27,40,18
795,KILLED,54,56,55,53,44,57,45,10,13,43,28,5,3,23,15,42,31,6,12,25,9,20,16,24,1,14,40,18
796,KILLED,54,56,55,53,44,57,45,10,13,43,28,5,3,23,15,42,31,6,12,25,9,20,16,24,1,14,40,18
797,KILLED,54,56,55,53,44,57,45,10,13,43,28,5,3,23,15,42,31,6,12,25,9,20,16,24,1,14,40,18
798,KILLED,54,56,55,53,44,57,45,10,13,43,28,5,3,23,15,42,31,6,12,25,9,20,16,24,1,14,40,18
799,NO_COVERAGE
800,KILLED,54,55,44,10
801,KILLED,54,56,55,53,44,57,45,10,13,43,28,5,3,23,15,42,31,6,12,25,9,20,16,24,1,14,40,18
802,KILLED,56,53,57,45,13,43,28,5,3,23,15,42,31,6,12,25,9,20,16,24,1,14,40,18
803,KILLED,52,50
804,NO_COVERAGE
805,NO_COVERAGE
806,KILLED,52,50
807,SURVIVED
808,KILLED,52
809,SURVIVED
810,KILLED,48
811,KILLED,48
812,KILLED,48
813,KILLED,48
814,KILLED,48
815,KILLED,48
816,KILLED,32,30,25
817,KILLED,32,30,25
818,KILLED,32,30,25
819,KILLED,51,52,50,45,29,25,49
820,NO_COVERAGE
821,NO_COVERAGE
822,KILLED,51,52,50,45,29,25,49
823,KILLED,50,45,29,25
824,KILLED,51,52,45,29,25,49
825,SURVIVED
826,KILLED,30,25
827,NO_COVERAGE
828,NO_COVERAGE
829,KILLED,30,25
830,SURVIVED
831,KILLED,30,25
832,SURVIVED
833,SURVIVED
834,SURVIVED
835,KILLED,57,45,25
836,KILLED,57
837,SURVIVED
838,SURVIVED
839,KILLED,57
840,KILLED,57,25
841,KILLED,57,25
842,KILLED,57,45,25
843,SURVIVED
844,KILLED,57
845,KILLED,57
846,KILLED,57,45,25
847,KILLED,57
848,KILLED,57
849,SURVIVED
850,KILLED,57,45,25
851,KILLED,57,45,25
852,KILLED,57,45,25
853,KILLED,57,25
854,KILLED,57,25
855,KILLED,57,25
856,KILLED,57,45,25
857,KILLED,57,45,25
858,KILLED,57,45,25
859,SURVIVED
860,KILLED,57,45,25
861,KILLED,57,45,25
862,KILLED,57,45,25
863,KILLED,57
864,KILLED,57,45,25
865,SURVIVED
866,KILLED,57
867,KILLED,57
868,SURVIVED
869,SURVIVED
870,KILLED,57,45,25
871,KILLED,57
872,KILLED,52,50,25,49
873,KILLED,52,50,25,49
874,KILLED,52,25,49
875,KILLED,46,48,32,30,25,27
876,NO_COVERAGE
877,NO_COVERAGE
878,KILLED,46,48,32,30,25,27
879,KILLED,46,48,32,30,25,27
880,KILLED,46,48,32,30,25,27
881,SURVIVED
882,NO_COVERAGE
883,NO_COVERAGE
884,NO_COVERAGE
885,NO_COVERAGE
886,NO_COVERAGE
887,NO_COVERAGE
888,NO_COVERAGE
889,SURVIVED
890,TIMED_OUT
891,KILLED,55,10,13,53,43,28,57,5,3,23,15,42,31,6,12,25,9,20,16,24,1,14,45,40,18
892,KILLED,55,10,13,53,43,28,57,5,3,23,15,42,31,6,12,25,9,20,16,24,1,14,45,40,18
893,KILLED,55,10,13,53,43,28,57,5,3,23,15,42,31,6,12,25,9,20,16,24,1,14,45,40,18
894,KILLED,55,10,13,53,43,28,57,5,3,23,15,42,31,6,12,25,9,20,16,24,1,14,45,40,18
895,SURVIVED
896,KILLED,55,10,13,53,43,28,57,5,3,23,15,42,31,6,12,25,9,20,16,24,1,14,45,40,18
897,NO_COVERAGE
898,NO_COVERAGE
899,TIMED_OUT
900,NO_COVERAGE
901,KILLED,3,23,31,6,25,16,24,14,40
902,NO_COVERAGE
903,KILLED,31,25,9,1,45
904,NO_COVERAGE
905,KILLED,1
906,NO_COVERAGE
907,KILLED,31,25,24,45,40
908,NO_COVERAGE
909,KILLED,55,13,43,28,5,3,23,15,42,31,6,12,25,9,20,16,24,1,14,45,40,18
910,KILLED,55
911,KILLED,25,20
912,NO_COVERAGE
913,KILLED,25,16
914,KILLED,23,42,31,25,14
915,KILLED,42,31,25,9,20,24,1,40,18
916,KILLED,5,3,6
917,NO_COVERAGE
918,NO_COVERAGE
919,NO_COVERAGE
920,NO_COVERAGE
921,NO_COVERAGE
922,SURVIVED
923,KILLED,55,10,13,53,43,28,44,57,5,3,23,15,42,31,6,12,25,9,20,16,24,1,14,45,40,18
924,TIMED_OUT
925,TIMED_OUT
926,KILLED,1
927,KILLED,31,25,24,45,40
928,TIMED_OUT
929,TIMED_OUT
930,TIMED_OUT
931,KILLED,13,23,15,42,31,12,25,14
932,KILLED,43,42,31,12,25,9,20,24,1,40,18
933,KILLED,5,3,6
934,NO_COVERAGE
935,NO_COVERAGE
936,NO_COVERAGE
937,NO_COVERAGE
938,NO_COVERAGE
939,TIMED_OUT
940,SURVIVED
941,TIMED_OUT
942,SURVIVED
943,KILLED,1
944,SURVIVED
945,KILLED,31,25,24,45,40
946,SURVIVED
947,KILLED,31,25,24,45,40
948,SURVIVED
949,TIMED_OUT
950,SURVIVED
951,TIMED_OUT
952,SURVIVED
953,TIMED_OUT
954,KILLED,13,23,15,42,31,12,25,14
955,SURVIVED
956,KILLED,43,42,31,12,25,9,20,24,1,40,18
957,KILLED,5,3,6
958,SURVIVED
959,SURVIVED
960,NO_COVERAGE
961,NO_COVERAGE
962,NO_COVERAGE
963,NO_COVERAGE
964,SURVIVED
965,SURVIVED
966,SURVIVED
967,SURVIVED
968,SURVIVED
969,SURVIVED
970,SURVIVED
971,SURVIVED
972,SURVIVED
973,SURVIVED
974,NO_COVERAGE
975,TIMED_OUT
976,TIMED_OUT
977,KILLED,53,3,23,15,31,6,12,25,16,24,14,40
978,KILLED,53,3,23,15,31,6,12,25,16,24,14,40
979,TIMED_OUT
980,KILLED,53,31,25,9,1,45
981,KILLED,53,31,25,9,1,45
982,KILLED,1
983,KILLED,1
984,KILLED,1
985,KILLED,31,25,24,45,40
986,KILLED,31,25,24,45,40
987,KILLED,31,25,24,45,40
988,KILLED,31,25,24,45,40
989,KILLED,31,25,24,45,40
990,KILLED,31,25,24,45,40
991,TIMED_OUT
992,KILLED,55,10,13,43,28,57,5,3,23,15,42,31,6,12,25,9,20,16,24,1,14,45,40,18
993,KILLED,55,10,13,43,28,57,5,3,23,15,42,31,6,12,25,9,20,16,24,1,14,45,40,18
994,TIMED_OUT
995,KILLED,25,20
996,KILLED,25,20
997,TIMED_OUT
998,KILLED,13,23,15,42,31,12,25,14
999,KILLED,13,23,15,42,31,12,25,14
1000,KILLED,13,23,15,42,31,12,25,14
1001,KILLED,23,42,31,25,14
1002,KILLED,43,42,31,12,25,9,20,24,1,40,18
1003,KILLED,5,3,6
1004,KILLED,5,3,6
1005,KILLED,5,3,6
1006,KILLED,5,3,6
1007,KILLED,5,3,6
1008,NO_COVERAGE
1009,NO_COVERAGE
1010,NO_COVERAGE
1011,NO_COVERAGE
1012,NO_COVERAGE
1013,KILLED,13,43,28,5,3,23,15,42,31,6,12,25,9,20,16,24,1,14,45,40,18
1014,KILLED,53,3,23,15,31,6,12,25,16,24,14,40
1015,KILLED,31,25,9,1
1016,KILLED,1
1017,KILLED,31,25,24,45
1018,KILLED,31,25,24,45
1019,KILLED,10,13,43,57,3,15,42,31,12,25,9,20,16,24,1,14,45,40,18
1020,KILLED,25,20
1021,KILLED,23,31,25
1022,KILLED,5,3,6
1023,KILLED,5,3,6
1024,NO_COVERAGE
1025,NO_COVERAGE
1026,NO_COVERAGE
1027,SURVIVED
1028,SURVIVED
1029,SURVIVED
1030,SURVIVED
1031,SURVIVED
1032,SURVIVED
1033,SURVIVED
1034,SURVIVED
1035,SURVIVED
1036,SURVIVED
1037,NO_COVERAGE
1038,TIMED_OUT
1039,TIMED_OUT
1040,TIMED_OUT
1041,TIMED_OUT
1042,KILLED,43,42,31,12,25,9,20,24,1,40,18
1043,SURVIVED
1044,TIMED_OUT
1045,SURVIVED
1046,KILLED,1
1047,SURVIVED
1048,KILLED,31,25,24,45,40
1049,KILLED,1
1050,SURVIVED
1051,KILLED,31,25,24,45,40
1052,KILLED,5,3,6
1053,TIMED_OUT
1054,SURVIVED
1055,TIMED_OUT
1056,SURVIVED
1057,TIMED_OUT
1058,TIMED_OUT
1059,KILLED,13,23,15,42,31,12,25,14
1060,TIMED_OUT
1061,KILLED,43,42,31,12,25,9,20,24,1,40,18
1062,KILLED,13,23,15,42,31,12,25,14
1063,KILLED,5,3,6
1064,TIMED_OUT
1065,TIMED_OUT
1066,TIMED_OUT
1067,KILLED,57,25
1068,TIMED_OUT
1069,KILLED,1
1070,KILLED,56,10,13,53,43,28,57,5,3,23,15,42,31,6,12,25,9,20,16,24,1,14,45,40,18
1071,SURVIVED
1072,KILLED,56,55,10,13,53,43,28,44,57,5,3,23,15,42,31,6,12,25,9,20,16,24,1,14,45,40,18
1073,KILLED,57,25
1074,TIMED_OUT
1075,SURVIVED
1076,TIMED_OUT
1077,SURVIVED
1078,KILLED,55,10,13,53,43,28,44,57,5,3,23,15,42,31,6,12,25,9,20,16,24,1,14,45,40,18
1079,KILLED,57,25
1080,KILLED,57,25
1081,SURVIVED
1082,KILLED,57,25
1083,SURVIVED
1084,TIMED_OUT
1085,TIMED_OUT
1086,SURVIVED
1087,SURVIVED
1088,TIMED_OUT
1089,TIMED_OUT
1090,TIMED_OUT
1091,TIMED_OUT
1092,TIMED_OUT
1093,KILLED,57,25
1094,KILLED,57,25
1095,TIMED_OUT
1096,TIMED_OUT
1097,KILLED,13,53,43,28,57,5,3,23,15,42,31,6,12,25,9,20,16,24,1,14,45,40,18
1098,SURVIVED
1099,TIMED_OUT
1100,KILLED,57,25
1101,KILLED,57,25
1102,TIMED_OUT
1103,TIMED_OUT
1104,TIMED_OUT
1105,TIMED_OUT
1106,SURVIVED
1107,KILLED,56,13,53,43,28,57,5,3,23,15,42,31,6,12,25,9,20,16,24,1,14,45,40,18
1108,KILLED,57,25
1109,KILLED,57,25
1110,KILLED,13,53,57,5,3,23,15,42,31,6,12,25,9,20,16,24,1,14,45,40,18
1111,NO_COVERAGE
1112,NO_COVERAGE
1113,SURVIVED
1114,SURVIVED
1115,TIMED_OUT
1116,KILLED,57,25
1117,TIMED_OUT
1118,TIMED_OUT
1119,NO_COVERAGE
1120,NO_COVERAGE
1121,NO_COVERAGE
1122,NO_COVERAGE
1123,NO_COVERAGE
1124,KILLED,57,25
1125,KILLED,57,25
1126,NO_COVERAGE
1127,KILLED,57,25
1128,SURVIVED
1129,SURVIVED
1130,KILLED,57,25
1131,KILLED,57,25
1132,KILLED,57,25
1133,KILLED,57,25
1134,SURVIVED
1135,NO_COVERAGE
1136,KILLED,57,25
1137,KILLED,57,25
1138,KILLED,57,25
1139,TIMED_OUT
1140,KILLED,57,25
1141,KILLED,57,25
1142,KILLED,57,25
1143,SURVIVED
1144,NO_COVERAGE
1145,NO_COVERAGE
1146,KILLED,57,25
1147,KILLED,57,25
1148,KILLED,57,25
1149,KILLED,35,55
1150,KILLED,36,22,21,34,10,2,32,13,53,30,43,28,57,11,4,5,41,39,3,23,51,15,42,31,6,29,19,12,25,52,9,47,20,46,16,24,50,1,14,27,48,45,40,49,18
1151,KILLED,36,22,21,34,10,2,32,13,53,30,43,28,57,11,4,5,41,39,3,23,51,15,42,31,6,29,19,12,25,52,9,47,20,46,16,24,50,1,14,27,48,45,40,49,18
1152,KILLED,55
1153,KILLED,35,36,55,49
1154,KILLED,35,36,22,21,55,34,10,2,32,13,53,30,43,28,57,11,4,5,41,39,3,23,51,15,42,31,6,29,19,12,25,52,9,47,20,46,16,24,50,1,14,27,48,45,40,49,18
1155,KILLED,35,36,22,21,55,34,10,2,32,13,53,30,43,28,57,11,4,5,41,39,3,23,51,15,42,31,6,29,19,12,25,52,9,47,20,46,16,24,50,1,14,27,48,45,40,49,18
1156,KILLED,35,55
1157,KILLED,35,55
1158,KILLED,36,22,21,34,10,2,32,13,53,30,43,28,57,11,4,5,41,39,3,23,51,15,42,31,6,29,19,12,25,52,9,47,20,46,16,24,50,1,14,27,48,45,40,49,18
1159,KILLED,35,55
1160,KILLED,36,22,21,34,10,2,32,13,53,30,43,28,57,11,4,5,41,39,3,23,51,15,42,31,6,29,19,12,25,52,9,47,20,46,16,24,50,1,14,27,48,45,40,49,18
1161,SURVIVED
1162,SURVIVED
1163,KILLED,36,22,21,34,2,32,13,30,43,28,57,11,4,5,41,39,3,23,51,15,42,31,6,29,19,12,25,52,9,47,20,46,16,24,50,1,14,27,48,45,40,49,18
1164,TIMED_OUT
1165,NO_COVERAGE
1166,NO_COVERAGE
1167,NO_COVERAGE
1168,NO_COVERAGE
1169,NO_COVERAGE
1170,NO_COVERAGE
1171,NO_COVERAGE
1172,NO_COVERAGE
1173,NO_COVERAGE
1174,NO_COVERAGE
1175,NO_COVERAGE
1176,NO_COVERAGE
1177,NO_COVERAGE
1178,NO_COVERAGE
1179,NO_COVERAGE
1180,NO_COVERAGE
1181,NO_COVERAGE
1182,NO_COVERAGE
1183,NO_COVERAGE
1184,NO_COVERAGE
1185,NO_COVERAGE
1186,NO_COVERAGE
1187,NO_COVERAGE
1188,NO_COVERAGE
1189,KILLED,36,13,43,57,15,12,25,45
1190,SURVIVED
1191,KILLED,36,13,43,57,15,12,25,45
1192,KILLED,36,13,43,57,15,12,25,45
1193,KILLED,36,57,25,45
1194,SURVIVED
1195,KILLED,36,25
1196,KILLED,36,25
1197,KILLED,36,25
1198,SURVIVED
1199,KILLED,25
1200,KILLED,36
1201,KILLED,36,57,25,45
1202,KILLED,57
1203,KILLED,36,57,25,45
1204,KILLED,36,57,25,45
1205,KILLED,36,57,25,45
1206,KILLED,36,25,45
1207,KILLED,36,25,45
1208,SURVIVED
1209,KILLED,36,13,43,57,15,12,25,45
1210,KILLED,36,25
1211,KILLED,36,25
1212,KILLED,36,25
1213,KILLED,36,25
1214,KILLED,36
1215,KILLED,36,25
1216,KILLED,36,25
1217,KILLED,36,25
1218,KILLED,36,57,25,45
1219,KILLED,36,13,43,57,15,12,25,45
1220,KILLED,25
1221,KILLED,36
1222,SURVIVED
1223,SURVIVED
1224,SURVIVED
1225,KILLED,36,57,25,45
1226,KILLED,36,57,25,45
1227,KILLED,36,57,25,45
1228,KILLED,36,25,45
1229,KILLED,36,25,45
1230,KILLED,36,57,25,45
1231,SURVIVED
1232,KILLED,36,13,43,57,15,12,25,45
1233,KILLED,57
1234,KILLED,36,13,43,57,15,12,25,45
1235,TIMED_OUT
1236,NO_COVERAGE
1237,NO_COVERAGE
1238,NO_COVERAGE
1239,NO_COVERAGE
1240,NO_COVERAGE
1241,NO_COVERAGE
1242,NO_COVERAGE
1243,NO_COVERAGE
1244,NO_COVERAGE
1245,NO_COVERAGE
1246,NO_COVERAGE
1247,KILLED,37
1248,KILLED,36,25
1249,SURVIVED
1250,KILLED,36,25
1251,SURVIVED
1252,KILLED,36,2,3,51,31,6,25,52,9,50,1,45,49
1253,TIMED_OUT
1254,SURVIVED
1255,SURVIVED
1256,SURVIVED
1257,KILLED,36,25
1258,KILLED,37
1259,SURVIVED
1260,KILLED,55,44
1261,SURVIVED
1262,SURVIVED
1263,SURVIVED
1264,KILLED,37
1265,SURVIVED
1266,KILLED,35,37,55,10,44
1267,SURVIVED
1268,SURVIVED
1269,SURVIVED
1270,KILLED,35,37,55,10,44
1271,TIMED_OUT
1272,TIMED_OUT
1273,SURVIVED
1274,SURVIVED
1275,SURVIVED
1276,SURVIVED
1277,KILLED,35,37,55,10,44
1278,KILLED,35,37,55,10,44
1279,TIMED_OUT
1280,TIMED_OUT
1281,KILLED,22,21,34,2,32,30,28,11,4,5,41,39,3,23,51,42,31,6,29,19,25,52,9,47,20,46,16,24,50,1,14,27,48,45,40,49,18
1282,KILLED,37
1283,NO_COVERAGE
1284,NO_COVERAGE
1285,KILLED,36,25
1286,KILLED,36,25
1287,KILLED,37,36,10,44,25
1288,KILLED,36,31,25
1289,KILLED,36,25,9,1
1290,KILLED,36,25
1291,KILLED,36,25
1292,KILLED,36,9,1
1293,NO_COVERAGE
1294,NO_COVERAGE
1295,KILLED,36,31,25,9,1
1296,KILLED,36,31,25,9,1
1297,KILLED,36,25,9,1
1298,KILLED,36,25,9,1
1299,KILLED,36,25,9,1
1300,KILLED,36,9,1
1301,KILLED,36,25
1302,KILLED,37,36,10,44,25
1303,KILLED,36,25
1304,KILLED,37,36,25
1305,KILLED,36,31,25
1306,KILLED,36,25,9,1
1307,KILLED,36,25
1308,KILLED,36,25
1309,KILLED,36,9,1
1310,NO_COVERAGE
1311,KILLED,36,25
1312,KILLED,36,31,25
1313,KILLED,36,25,9,1
1314,KILLED,36,25
1315,KILLED,36,25
1316,KILLED,36,9,1
1317,KILLED,36,31,25,9,1
1318,KILLED,36,25,9,1
1319,KILLED,36,25,9,1
1320,KILLED,36,25,9,1
1321,KILLED,36,9,1
1322,SURVIVED
1323,KILLED,36,31,25,9,1
1324,KILLED,36,25
1325,KILLED,36,13,43,57,15,12,25,45
1326,SURVIVED
1327,KILLED,57,25,45
1328,KILLED,57,25,45
1329,KILLED,36
1330,KILLED,36,25
1331,KILLED,36,13,43,57,15,12,25,45
1332,SURVIVED
1333,SURVIVED
1334,KILLED,36,13,43,57,15,12,25,45
1335,KILLED,36,13,43,57,15,12,25,45
1336,KILLED,36,13,43,57,15,12,25,45
1337,KILLED,36,57,25,45
1338,KILLED,36,57,25,45
1339,TIMED_OUT
1340,KILLED,36,13,28,5,3,23,15,42,31,6,12,25,9,20,16,24,1,14,45,40,18
1341,NO_COVERAGE
1342,KILLED,37,36,55,10,13,53,43,28,57,5,3,23,15,42,31,6,12,25,9,20,16,24,1,14,45,40,18
1343,KILLED,37,36,10,44,31,25,9,1
1344,NO_COVERAGE
1345,KILLED,37,36,10,44,31,25,9,1
1346,KILLED,36,55,10,13,53,43,28,57,5,3,23,15,42,31,6,12,25,9,20,16,24,1,14,45,40,18
1347,KILLED,36
1348,KILLED,36,13,28,5,3,23,15,42,31,6,12,25,9,20,16,24,1,14,45,40,18
1349,KILLED,36,13,28,5,3,23,15,42,31,6,12,25,9,20,16,24,1,14,45,40,18
1350,KILLED,37,36,10,44,31,25,9,1
1351,SURVIVED
1352,KILLED,36,31,25,9,1
1353,KILLED,36,31,25,9,1
1354,KILLED,37,36,10,44,31,25,9,1
1355,KILLED,36,55,10,13,53,43,28,57,5,3,23,15,42,31,6,12,25,9,20,16,24,1,14,45,40,18
1356,KILLED,37,36,10,44,31,25,9,1
1357,KILLED,37,36,55,10,13,53,43,28,44,57,5,3,23,15,42,31,6,12,25,9,20,16,24,1,14,45,40,18
1358,KILLED,37,36,55,10,13,28,44,5,3,23,15,42,31,6,12,25,9,20,16,24,1,14,45,40,18
1359,TIMED_OUT
1360,KILLED,37,36,10,44,31,25,9,1
1361,KILLED,36,31,25,9,1
1362,KILLED,37,36,55,10,13,53,43,28,44,57,5,3,23,15,42,31,6,12,25,9,20,16,24,1,14,45,40,18
1363,SURVIVED
1364,KILLED,37,36,10,44,31,25,9,1
1365,KILLED,37,36,10,44,31,25,9,1
1366,KILLED,37,36,10,44,31,25,9,1
1367,KILLED,37,36,31,25,9,1
1368,KILLED,36,31,25,9,1
1369,KILLED,36,55,13,28,5,3,23,15,42,31,6,12,25,9,20,16,24,1,14,45,40,18
1370,KILLED,36,13,28,5,3,23,15,42,31,6,12,25,9,20,16,24,1,14,45,40,18
1371,KILLED,37,36,10,44,31,25,9,1
1372,KILLED,37,36,10,44,31,25,9,1
1373,SURVIVED
1374,TIMED_OUT
1375,KILLED,36,31,25,9,1
1376,KILLED,36,31,25,9,1
1377,SURVIVED
1378,KILLED,37,36,55,10,13,28,44,5,3,23,15,42,31,6,12,25,9,20,16,24,1,14,45,40,18
1379,KILLED,37,36,55,10,13,53,43,28,44,57,5,3,23,15,42,31,6,12,25,9,20,16,24,1,14,45,40,18
1380,KILLED,36,55,10,13,53,43,28,57,5,3,23,15,42,31,6,12,25,9,20,16,24,1,14,45,40,18
1381,KILLED,36,13,28,5,3,23,15,42,31,6,12,25,9,20,16,24,1,14,45,40,18
1382,TIMED_OUT
1383,TIMED_OUT
1384,KILLED,32,30,28,31,29,25,27,13,43,5,3,23,51,15,42,6,12,52,9,47,20,46,16,24,50,1,14,48,45,40,49,18
1385,KILLED,32,30,28,31,29,25,27,13,43,5,3,23,51,15,42,6,12,52,9,47,20,46,16,24,50,1,14,48,45,40,49,18
1386,KILLED,32,30,28,31,29,25,27,13,43,5,3,23,51,15,42,6,12,52,9,47,20,46,16,24,50,1,14,48,45,40,49,18
1387,KILLED,32,30,28,31,29,25,27,13,43,5,3,23,51,15,42,6,12,52,9,47,20,46,16,24,50,1,14,48,45,40,49,18
1388,SURVIVED
1389,KILLED,32,30,28,31,29,25,27,13,43,5,3,23,51,15,42,6,12,52,9,47,20,46,16,24,50,1,14,48,45,40,49,18
1390,SURVIVED
1391,SURVIVED
1392,SURVIVED
1393,KILLED,32,30,28,31,29,25,27,13,43,5,3,23,51,15,42,6,12,52,9,47,20,46,16,24,50,1,14,48,45,40,49,18
1394,SURVIVED
1395,KILLED,32,30,28,31,29,25,27,13,43,5,3,23,51,15,42,6,12,52,9,47,20,46,16,24,50,1,14,48,45,40,49,18
1396,KILLED,32,30,28,31,29,25,27,13,43,5,3,23,51,15,42,6,12,52,9,47,20,46,16,24,50,1,14,48,45,40,49,18
1397,KILLED,32,30,28,31,29,25,27,13,43,5,3,23,51,15,42,6,12,52,9,47,20,46,16,24,50,1,14,48,45,40,49,18
1398,KILLED,32,30,28,31,29,25,27,13,43,5,3,23,51,15,42,6,12,52,9,47,20,46,16,24,50,1,14,48,45,40,49,18
1399,TIMED_OUT
1400,SURVIVED
1401,TIMED_OUT
1402,NO_COVERAGE
1403,KILLED,32,30,28,31,29,25,27,13,43,5,3,23,51,15,42,6,12,52,9,47,20,46,16,24,50,1,14,48,45,40,49,18
1404,SURVIVED
1405,KILLED,32,30,28,31,29,25,27,13,43,5,3,23,51,15,42,6,12,52,9,47,20,46,16,24,50,1,14,48,45,40,49,18
1406,KILLED,32,30,28,31,29,25,27,13,43,5,3,23,51,15,42,6,12,52,9,47,20,46,16,24,50,1,14,48,45,40,49,18
1407,KILLED,32,30,28,31,29,25,27,13,43,5,3,23,51,15,42,6,12,52,9,47,20,46,16,24,50,1,14,48,45,40,49,18
1408,SURVIVED
1409,SURVIVED
1410,SURVIVED
1411,SURVIVED
1412,SURVIVED
1413,SURVIVED
1414,SURVIVED
1415,KILLED,25
1416,KILLED,25
1417,KILLED,25
1418,KILLED,25
1419,KILLED,25
1420,SURVIVED
1421,NO_COVERAGE
1422,NO_COVERAGE
1423,NO_COVERAGE
1424,KILLED,25
1425,KILLED,25
1426,KILLED,25
1427,SURVIVED
1428,NO_COVERAGE
1429,NO_COVERAGE
1430,SURVIVED
1431,SURVIVED
1432,KILLED,28,29,5,51,52,47,48,49
1433,KILLED,28,29,5,51,52,47,48,49
1434,KILLED,28,29,5,51,52,47,48,49
1435,KILLED,28,29,5,51,52,47,48,49
1436,SURVIVED
1437,NO_COVERAGE
1438,NO_COVERAGE
1439,NO_COVERAGE
1440,KILLED,28,29,5,51,52,47,48,49
1441,KILLED,28,29,5,51,52,47,48,49
1442,KILLED,28,29,5,51,52,47,48,49
1443,SURVIVED
1444,NO_COVERAGE
1445,NO_COVERAGE
1446,KILLED,28,29,5,51,52,47,48,49
1447,SURVIVED
1448,NO_COVERAGE
1449,NO_COVERAGE
1450,NO_COVERAGE
1451,NO_COVERAGE
1452,NO_COVERAGE
1453,NO_COVERAGE
1454,NO_COVERAGE
1455,NO_COVERAGE
1456,NO_COVERAGE
1457,NO_COVERAGE
1458,NO_COVERAGE
1459,NO_COVERAGE
1460,NO_COVERAGE
1461,NO_COVERAGE
1462,NO_COVERAGE
1463,NO_COVERAGE
1464,NO_COVERAGE
1465,NO_COVERAGE
1466,NO_COVERAGE
1467,NO_COVERAGE
1468,NO_COVERAGE
1469,NO_COVERAGE
1470,NO_COVERAGE
1471,NO_COVERAGE
1472,NO_COVERAGE
1473,NO_COVERAGE
1474,NO_COVERAGE
1475,NO_COVERAGE
1476,NO_COVERAGE
1477,NO_COVERAGE
1478,NO_COVERAGE
1479,NO_COVERAGE
1480,NO_COVERAGE
1481,NO_COVERAGE
1482,NO_COVERAGE
1483,NO_COVERAGE
1484,NO_COVERAGE
1485,NO_COVERAGE
1486,NO_COVERAGE
1487,NO_COVERAGE
1488,SURVIVED
1489,KILLED,33
1490,KILLED,33
1491,KILLED,33
1492,KILLED,33
1493,SURVIVED
1494,NO_COVERAGE
1495,NO_COVERAGE
1496,NO_COVERAGE
1497,KILLED,33
1498,KILLED,33
1499,KILLED,33
1500,SURVIVED
1501,NO_COVERAGE
1502,NO_COVERAGE
1503,KILLED,33
1504,SURVIVED
1505,NO_COVERAGE
1506,NO_COVERAGE
1507,NO_COVERAGE
1508,NO_COVERAGE
1509,NO_COVERAGE
1510,NO_COVERAGE
1511,NO_COVERAGE
1512,NO_COVERAGE
1513,NO_COVERAGE
1514,NO_COVERAGE
1515,NO_COVERAGE
1516,NO_COVERAGE
1517,NO_COVERAGE
1518,NO_COVERAGE
1519,NO_COVERAGE
1520,NO_COVERAGE
1521,NO_COVERAGE
1522,KILLED,28,29,5,51,52,47,48,49
1523,KILLED,28,29,5,51,52,47,48,49
1524,KILLED,28,29,5,51,52,47,48,49
1525,KILLED,28,29,5,51,52,47,48,49
1526,SURVIVED
1527,NO_COVERAGE
1528,NO_COVERAGE
1529,NO_COVERAGE
1530,KILLED,28,29,5,51,52,47,48,49
1531,KILLED,28,29,5,51,52,47,48,49
1532,KILLED,28,29,5,51,52,47,48,49
1533,SURVIVED
1534,NO_COVERAGE
1535,NO_COVERAGE
1536,KILLED,28,29,5,51,52,47,48,49
1537,SURVIVED
1538,KILLED,28
1539,KILLED,28
1540,KILLED,28
1541,KILLED,28
1542,SURVIVED
1543,NO_COVERAGE
1544,NO_COVERAGE
1545,NO_COVERAGE
1546,KILLED,28
1547,KILLED,28
1548,KILLED,28
1549,SURVIVED
1550,NO_COVERAGE
1551,NO_COVERAGE
1552,KILLED,28
1553,SURVIVED
1554,KILLED,22,21,23,24,32,30,3,31,6,25,46,16,14,27,48,40
1555,KILLED,22,21,23,24,32,53,30,3,15,31,6,12,25,46,16,14,27,48,40
1556,KILLED,22,21,23,24,32,53,30,3,15,31,6,12,25,46,16,14,27,48,40
1557,SURVIVED
1558,KILLED,22,21,23,24,32,53,30,3,15,31,6,12,25,46,16,14,27,48,40
1559,SURVIVED
1560,KILLED,22,21,23,24,32,53,30,3,15,31,6,12,25,46,16,14,27,48,40
1561,SURVIVED
1562,SURVIVED
1563,SURVIVED
1564,SURVIVED
1565,KILLED,22,21,23,24,32,30,3,31,6,25,46,16,14,27,48,40
1566,NO_COVERAGE
1567,NO_COVERAGE
1568,NO_COVERAGE
1569,NO_COVERAGE
1570,NO_COVERAGE
1571,NO_COVERAGE
1572,NO_COVERAGE
1573,NO_COVERAGE
1574,NO_COVERAGE
1575,NO_COVERAGE
1576,NO_COVERAGE
1577,NO_COVERAGE
1578,NO_COVERAGE
1579,NO_COVERAGE
1580,NO_COVERAGE
1581,NO_COVERAGE
1582,NO_COVERAGE
1583,NO_COVERAGE
1584,NO_COVERAGE
1585,NO_COVERAGE
1586,NO_COVERAGE
1587,NO_COVERAGE
1588,NO_COVERAGE
1589,NO_COVERAGE
1590,KILLED,24,30,31,25,16,14,40
1591,KILLED,22,21,23,24,32,30,3,31,6,25,46,16,14,27,48,40
1592,KILLED,21,23,32,3,46,27,48
1593,TIMED_OUT
1594,KILLED,22,21,23,24,32,30,3,31,6,25,46,16,14,27,48,40
1595,KILLED,22,21,23,24,32,30,3,31,6,25,46,16,14,27,48,40
1596,TIMED_OUT
1597,KILLED,21,23,32,3,46,27,48
1598,KILLED,22,21,23,32,3,46,27,48
1599,KILLED,24,30,31,6,25,16,14,40
1600,TIMED_OUT
1601,KILLED,24,30,31,6,25,16,14,40
1602,KILLED,22,21,23,24,32,30,3,31,6,25,46,16,14,27,48,40
1603,NO_COVERAGE
1604,NO_COVERAGE
1605,NO_COVERAGE
1606,NO_COVERAGE
1607,NO_COVERAGE
1608,NO_COVERAGE
1609,NO_COVERAGE
1610,NO_COVERAGE
1611,NO_COVERAGE
1612,NO_COVERAGE
1613,NO_COVERAGE
1614,SURVIVED
1615,KILLED,22,21,23,32,3,46,27,48
1616,KILLED,21,23,32,3,46,27,48
1617,KILLED,22,21,23,32,3,46,27,48
1618,KILLED,21
1619,KILLED,23,32,3,46,27,48
1620,SURVIVED
1621,KILLED,22,21,23,32,3,46,27,48
1622,KILLED,21,23,32,3,46,27,48
1623,NO_COVERAGE
1624,NO_COVERAGE
1625,KILLED,21
1626,KILLED,23,32,3,46,27,48
1627,KILLED,23,32,3,46,27,48
1628,KILLED,21,23,32,3,46,27,48
1629,KILLED,22,23
1630,KILLED,22,21,23,32,3,46,27,48
1631,KILLED,21,23,32,3,46,27,48
1632,KILLED,21,23,32,3,46,27,48
1633,SURVIVED
1634,KILLED,23,32,3,46,27,48
1635,SURVIVED
1636,SURVIVED
1637,KILLED,22
1638,KILLED,21
1639,SURVIVED
1640,KILLED,22,21,23,32,3,46,27,48
1641,KILLED,25
1642,NO_COVERAGE
1643,SURVIVED
1644,NO_COVERAGE
1645,NO_COVERAGE
1646,NO_COVERAGE
1647,NO_COVERAGE
1648,NO_COVERAGE
1649,SURVIVED
1650,NO_COVERAGE
1651,KILLED,25
1652,NO_COVERAGE
1653,KILLED,24,30,31,6,25,16,14,40
1654,KILLED,25
1655,KILLED,25
1656,KILLED,25
1657,KILLED,25
1658,KILLED,25
1659,KILLED,24,30,31,6,25,16,14,40
1660,SURVIVED
1661,NO_COVERAGE
1662,KILLED,24,30,31,6,25,16,14,40
1663,KILLED,24,30,31,6,25,16,14,40
1664,NO_COVERAGE
1665,KILLED,24,30,31,6,25,16,14,40
1666,SURVIVED
1667,NO_COVERAGE
1668,NO_COVERAGE
1669,KILLED,24,30,31,6,25,16,14
1670,KILLED,24,30,31,6,25,16,14,40
1671,KILLED,24,30,31,6,25,16,14,40
1672,KILLED,24,30,31,6,25,16,14,40
1673,KILLED,24,30,31,6,25,16,14,40
1674,KILLED,24,30,31,6,25,16,14,40
1675,KILLED,24,30,31,6,25,16,14,40
1676,KILLED,24,30,31,6,25,16,14,40
1677,KILLED,24,30,31,6,25,16,14,40
1678,KILLED,24,30,31,6,25,16,14,40
1679,NO_COVERAGE
1680,KILLED,24,30,31,6,25,16,14,40
1681,KILLED,24,30,31,6,25,16,14,40
1682,KILLED,24,30,31,6,25,16,14,40
1683,KILLED,24,30,31,6,25,16,14,40
1684,KILLED,24,30,31,6,25,16,14,40
1685,KILLED,24,30,31,6,25,16,14,40
1686,TIMED_OUT
1687,KILLED,24,30,31,6,25,16,14,40
1688,TIMED_OUT
1689,SURVIVED
1690,KILLED,13,15,12,14,30,23,42,31,25
1691,KILLED,13,15,12,14,30,23,42,31,25
1692,SURVIVED
1693,KILLED,13,15,12,14,30,23,42,31,25
1694,SURVIVED
1695,KILLED,13,15,12,14,30,23,42,31,25
1696,SURVIVED
1697,SURVIVED
1698,SURVIVED
1699,SURVIVED
1700,KILLED,14,30,23,42,31,25
1701,NO_COVERAGE
1702,NO_COVERAGE
1703,NO_COVERAGE
1704,NO_COVERAGE
1705,NO_COVERAGE
1706,NO_COVERAGE
1707,NO_COVERAGE
1708,NO_COVERAGE
1709,NO_COVERAGE
1710,NO_COVERAGE
1711,NO_COVERAGE
1712,NO_COVERAGE
1713,NO_COVERAGE
1714,NO_COVERAGE
1715,NO_COVERAGE
1716,NO_COVERAGE
1717,NO_COVERAGE
1718,NO_COVERAGE
1719,NO_COVERAGE
1720,NO_COVERAGE
1721,NO_COVERAGE
1722,NO_COVERAGE
1723,NO_COVERAGE
1724,NO_COVERAGE
1725,NO_COVERAGE
1726,NO_COVERAGE
1727,NO_COVERAGE
1728,NO_COVERAGE
1729,NO_COVERAGE
1730,NO_COVERAGE
1731,NO_COVERAGE
1732,NO_COVERAGE
1733,NO_COVERAGE
1734,KILLED,14,30,23,42,31,25
1735,NO_COVERAGE
1736,NO_COVERAGE
1737,KILLED,14,30,23,42,31,25
1738,NO_COVERAGE
1739,NO_COVERAGE
1740,NO_COVERAGE
1741,NO_COVERAGE
1742,NO_COVERAGE
1743,NO_COVERAGE
1744,NO_COVERAGE
1745,NO_COVERAGE
1746,NO_COVERAGE
1747,NO_COVERAGE
1748,NO_COVERAGE
1749,NO_COVERAGE
1750,NO_COVERAGE
1751,NO_COVERAGE
1752,SURVIVED
1753,NO_COVERAGE
1754,NO_COVERAGE
1755,KILLED,14,30,23,42,31,25
1756,NO_COVERAGE
1757,NO_COVERAGE
1758,KILLED,30,23,31,25
1759,NO_COVERAGE
1760,NO_COVERAGE
1761,NO_COVERAGE
1762,NO_COVERAGE
1763,NO_COVERAGE
1764,NO_COVERAGE
1765,NO_COVERAGE
1766,NO_COVERAGE
1767,NO_COVERAGE
1768,NO_COVERAGE
1769,NO_COVERAGE
1770,NO_COVERAGE
1771,NO_COVERAGE
1772,NO_COVERAGE
1773,NO_COVERAGE
1774,NO_COVERAGE
1775,NO_COVERAGE
1776,NO_COVERAGE
1777,NO_COVERAGE
1778,NO_COVERAGE
1779,NO_COVERAGE
1780,NO_COVERAGE
1781,NO_COVERAGE
1782,NO_COVERAGE
1783,NO_COVERAGE
1784,NO_COVERAGE
1785,NO_COVERAGE
1786,NO_COVERAGE
1787,NO_COVERAGE
1788,NO_COVERAGE
1789,NO_COVERAGE
1790,NO_COVERAGE
1791,KILLED,25
1792,KILLED,25
1793,KILLED,25
1794,KILLED,25
1795,KILLED,25
1796,KILLED,25
1797,KILLED,4,5,3,6,52,50
1798,KILLED,4,5,3,6,52,50
1799,KILLED,4,5,3,6,52,50
1800,KILLED,4,5,3,6,52,50
1801,SURVIVED
1802,KILLED,4,5,3,6,52,50
1803,KILLED,4,5,3,6,52,50
1804,SURVIVED
1805,KILLED,4,5,3,6,52,50
1806,SURVIVED
1807,SURVIVED
1808,SURVIVED
1809,SURVIVED
1810,KILLED,4,5,3,6,52,50
1811,KILLED,4,5,3,6,52,50
1812,NO_COVERAGE
1813,NO_COVERAGE
1814,NO_COVERAGE
1815,NO_COVERAGE
1816,NO_COVERAGE
1817,NO_COVERAGE
1818,NO_COVERAGE
1819,NO_COVERAGE
1820,NO_COVERAGE
1821,NO_COVERAGE
1822,NO_COVERAGE
1823,NO_COVERAGE
1824,NO_COVERAGE
1825,NO_COVERAGE
1826,NO_COVERAGE
1827,NO_COVERAGE
1828,NO_COVERAGE
1829,NO_COVERAGE
1830,NO_COVERAGE
1831,NO_COVERAGE
1832,NO_COVERAGE
1833,NO_COVERAGE
1834,NO_COVERAGE
1835,NO_COVERAGE
1836,NO_COVERAGE
1837,NO_COVERAGE
1838,NO_COVERAGE
1839,NO_COVERAGE
1840,NO_COVERAGE
1841,NO_COVERAGE
1842,NO_COVERAGE
1843,NO_COVERAGE
1844,NO_COVERAGE
1845,NO_COVERAGE
1846,NO_COVERAGE
1847,NO_COVERAGE
1848,SURVIVED
1849,KILLED,4
1850,KILLED,5,3,6
1851,KILLED,4,5,3,6,52,50
1852,KILLED,4,3
1853,KILLED,5,3,6
1854,SURVIVED
1855,KILLED,4,5,3,6,52,50
1856,NO_COVERAGE
1857,KILLED,4,5,3,6,52,50
1858,KILLED,4,5,3,6,52,50
1859,KILLED,4,5,3,6,52,50
1860,KILLED,4
1861,KILLED,4
1862,KILLED,4
1863,KILLED,5,3,6,52,50
1864,KILLED,5,3,6
1865,KILLED,5,3,6,52,50
1866,KILLED,5,3,6
1867,KILLED,4,5,3,6,52,50
1868,KILLED,4
1869,KILLED,5,3,6
1870,SURVIVED
1871,KILLED,3
1872,KILLED,5,3,6,52,50
1873,KILLED,5,3,6,52,50
1874,NO_COVERAGE
1875,NO_COVERAGE
1876,NO_COVERAGE
1877,NO_COVERAGE
1878,NO_COVERAGE
1879,NO_COVERAGE
1880,NO_COVERAGE
1881,NO_COVERAGE
1882,NO_COVERAGE
1883,NO_COVERAGE
1884,NO_COVERAGE
1885,NO_COVERAGE
1886,NO_COVERAGE
1887,NO_COVERAGE
1888,NO_COVERAGE
1889,NO_COVERAGE
1890,NO_COVERAGE
1891,NO_COVERAGE
1892,NO_COVERAGE
1893,NO_COVERAGE
1894,NO_COVERAGE
1895,NO_COVERAGE
1896,NO_COVERAGE
1897,NO_COVERAGE
1898,NO_COVERAGE
1899,KILLED,19,20,25,47
1900,KILLED,19,20,25,47
1901,KILLED,19,20,25,47
1902,SURVIVED
1903,KILLED,19,20,25,47
1904,SURVIVED
1905,KILLED,19,20,25,47
1906,SURVIVED
1907,SURVIVED
1908,SURVIVED
1909,SURVIVED
1910,KILLED,19,20,25,47
1911,NO_COVERAGE
1912,NO_COVERAGE
1913,NO_COVERAGE
1914,NO_COVERAGE
1915,NO_COVERAGE
1916,NO_COVERAGE
1917,NO_COVERAGE
1918,NO_COVERAGE
1919,NO_COVERAGE
1920,NO_COVERAGE
1921,NO_COVERAGE
1922,NO_COVERAGE
1923,NO_COVERAGE
1924,NO_COVERAGE
1925,NO_COVERAGE
1926,NO_COVERAGE
1927,NO_COVERAGE
1928,NO_COVERAGE
1929,NO_COVERAGE
1930,NO_COVERAGE
1931,NO_COVERAGE
1932,NO_COVERAGE
1933,NO_COVERAGE
1934,NO_COVERAGE
1935,SURVIVED
1936,KILLED,19,20,25,47
1937,KILLED,19,20,25,47
1938,KILLED,19,20,25,47
1939,KILLED,20,25
1940,KILLED,19,20
1941,SURVIVED
1942,KILLED,19,20,25,47
1943,KILLED,20,25,47
1944,TIMED_OUT
1945,KILLED,19,20,25,47
1946,KILLED,19,20,25,47
1947,SURVIVED
1948,KILLED,19,20
1949,KILLED,19,20,25,47
1950,KILLED,19,20,25,47
1951,KILLED,19,20,25,47
1952,KILLED,19,20,25,47
1953,TIMED_OUT
1954,KILLED,19,20
1955,KILLED,19,20
1956,KILLED,19,20
1957,KILLED,20
1958,SURVIVED
1959,KILLED,19,20,25,47
1960,NO_COVERAGE
1961,KILLED,19,20,25,47
1962,KILLED,19,20,25,47
1963,KILLED,19,20,25,47
1964,KILLED,25
1965,KILLED,19,20,25,47
1966,TIMED_OUT
1967,KILLED,19,20,25,47
1968,KILLED,19,20,25,47
1969,KILLED,19,20,25,47
1970,KILLED,19,20
1971,KILLED,20
1972,SURVIVED
1973,TIMED_OUT
1974,KILLED,19,20,25,47
1975,KILLED,20,25
1976,TIMED_OUT
1977,NO_COVERAGE
1978,NO_COVERAGE
1979,NO_COVERAGE
1980,NO_COVERAGE
1981,NO_COVERAGE
1982,NO_COVERAGE
1983,NO_COVERAGE
1984,NO_COVERAGE
1985,NO_COVERAGE
1986,NO_COVERAGE
1987,NO_COVERAGE
1988,KILLED,25
1989,KILLED,25
1990,KILLED,25
1991,KILLED,25
1992,KILLED,25
1993,KILLED,41,39,40,34,30,51,31,25,52,24,50,48,45,49
1994,KILLED,41,39,40,34,30,51,31,25,52,24,50,48,45,49
1995,KILLED,41,39,40,34,30,51,31,25,52,24,50,48,45,49
1996,KILLED,41,39,40,34,30,51,31,25,52,24,50,48,45,49
1997,SURVIVED
1998,KILLED,41,39,40,34,30,51,31,25,52,24,50,48,45,49
1999,SURVIVED
2000,KILLED,41,39,40,34,30,51,31,25,52,24,50,48,45,49
2001,SURVIVED
2002,SURVIVED
2003,SURVIVED
2004,SURVIVED
2005,KILLED,41,39,40,34,30,51,31,25,52,24,50,48,45,49
2006,KILLED,41,39,40,34,30,51,31,25,52,24,50,48,45,49
2007,NO_COVERAGE
2008,NO_COVERAGE
2009,NO_COVERAGE
2010,NO_COVERAGE
2011,NO_COVERAGE
2012,NO_COVERAGE
2013,NO_COVERAGE
2014,NO_COVERAGE
2015,NO_COVERAGE
2016,NO_COVERAGE
2017,NO_COVERAGE
2018,NO_COVERAGE
2019,NO_COVERAGE
2020,NO_COVERAGE
2021,NO_COVERAGE
2022,NO_COVERAGE
2023,NO_COVERAGE
2024,NO_COVERAGE
2025,NO_COVERAGE
2026,NO_COVERAGE
2027,NO_COVERAGE
2028,NO_COVERAGE
2029,NO_COVERAGE
2030,NO_COVERAGE
2031,NO_COVERAGE
2032,NO_COVERAGE
2033,NO_COVERAGE
2034,NO_COVERAGE
2035,NO_COVERAGE
2036,NO_COVERAGE
2037,NO_COVERAGE
2038,NO_COVERAGE
2039,NO_COVERAGE
2040,NO_COVERAGE
2041,NO_COVERAGE
2042,NO_COVERAGE
2043,SURVIVED
2044,KILLED,41,39,40,34,30,51,31,25,52,24,50,48,45,49
2045,KILLED,41,39,40,34,30,51,31,25,52,24,50,48,45,49
2046,KILLED,41,39,40,34,30,51,31,25,24,50,45
2047,KILLED,41,39,40,34,30,51,31,25,52,24,50,48,45,49
2048,KILLED,41,39,40,34,30,51,31,25,52,24,50,48,45,49
2049,KILLED,41,39,40,34,30,51,31,25,52,24,50,48,45,49
2050,KILLED,41,39,40,34,30,51,31,25,52,24,50,48,45,49
2051,KILLED,41,39,40,34,30,51,31,25,52,24,50,48,45,49
2052,KILLED,41,39,40,34,30,51,31,25,52,24,50,48,45,49
2053,KILLED,51,31,25,52,24,50,45,49
2054,KILLED,41,39,40,34,30,51,31,25,52,24,50,48,45,49
2055,NO_COVERAGE
2056,NO_COVERAGE
2057,NO_COVERAGE
2058,NO_COVERAGE
2059,NO_COVERAGE
2060,NO_COVERAGE
2061,NO_COVERAGE
2062,NO_COVERAGE
2063,NO_COVERAGE
2064,NO_COVERAGE
2065,NO_COVERAGE
2066,NO_COVERAGE
2067,NO_COVERAGE
2068,NO_COVERAGE
2069,NO_COVERAGE
2070,NO_COVERAGE
2071,NO_COVERAGE
2072,NO_COVERAGE
2073,NO_COVERAGE
2074,KILLED,25,45
2075,SURVIVED
2076,KILLED,25,45
2077,KILLED,25,45
2078,KILLED,25,45
2079,KILLED,25,45
2080,KILLED,2,1
2081,KILLED,2,1
2082,KILLED,2,1
2083,SURVIVED
2084,KILLED,2,1
2085,SURVIVED
2086,KILLED,2,1
2087,SURVIVED
2088,SURVIVED
2089,SURVIVED
2090,SURVIVED
2091,KILLED,2,1
2092,NO_COVERAGE
2093,NO_COVERAGE
2094,NO_COVERAGE
2095,NO_COVERAGE
2096,NO_COVERAGE
2097,NO_COVERAGE
2098,NO_COVERAGE
2099,NO_COVERAGE
2100,NO_COVERAGE
2101,NO_COVERAGE
2102,NO_COVERAGE
2103,NO_COVERAGE
2104,NO_COVERAGE
2105,NO_COVERAGE
2106,NO_COVERAGE
2107,NO_COVERAGE
2108,NO_COVERAGE
2109,NO_COVERAGE
2110,NO_COVERAGE
2111,NO_COVERAGE
2112,NO_COVERAGE
2113,NO_COVERAGE
2114,NO_COVERAGE
2115,NO_COVERAGE
2116,KILLED,2,1
2117,KILLED,2,1
2118,NO_COVERAGE
2119,KILLED,2,1
2120,NO_COVERAGE
2121,SURVIVED
2122,NO_COVERAGE
2123,NO_COVERAGE
2124,KILLED,2,1
2125,KILLED,2,1
2126,KILLED,2,1
2127,KILLED,2,1
2128,KILLED,2,1
2129,KILLED,2,1
2130,KILLED,2,1
2131,KILLED,2,1
2132,KILLED,2,1
2133,KILLED,2,1
2134,NO_COVERAGE
2135,KILLED,2,1
2136,KILLED,2,1
2137,KILLED,2,1
2138,KILLED,2,1
2139,KILLED,2,1
2140,KILLED,2,1
2141,KILLED,2,1
2142,KILLED,2,1
2143,KILLED,2,1
2144,KILLED,2,1
2145,KILLED,1
2146,KILLED,2,1
2147,NO_COVERAGE
2148,NO_COVERAGE
2149,NO_COVERAGE
2150,NO_COVERAGE
2151,NO_COVERAGE
2152,NO_COVERAGE
2153,NO_COVERAGE
2154,NO_COVERAGE
2155,NO_COVERAGE
2156,NO_COVERAGE
2157,NO_COVERAGE
2158,NO_COVERAGE
2159,NO_COVERAGE
2160,NO_COVERAGE
2161,NO_COVERAGE
2162,NO_COVERAGE
2163,KILLED,55,32,13,43,28,57,5,3,23,51,15,42,31,6,29,12,25,52,9,47,20,46,16,24,50,1,14,27,48,45,40,49,18
2164,KILLED,55,10,32,13,43,28,57,5,3,23,51,15,42,31,6,29,12,25,52,9,47,20,46,16,24,50,1,14,27,48,45,40,49,18
2165,KILLED,55,10,32,13,43,28,57,5,3,23,51,15,42,31,6,29,12,25,52,9,47,20,46,16,24,50,1,14,27,48,45,40,49,18
2166,SURVIVED
2167,KILLED,55,10,32,13,43,28,57,5,3,23,51,15,42,31,6,29,12,25,52,9,47,20,46,16,24,50,1,14,27,48,45,40,49,18
2168,KILLED,55
2169,KILLED,10,32,13,43,28,57,5,3,23,51,15,42,31,6,29,12,25,52,9,47,20,46,16,24,50,1,14,27,48,45,40,49,18
2170,SURVIVED
2171,SURVIVED
2172,SURVIVED
2173,SURVIVED
2174,KILLED,32,13,43,28,57,5,3,23,51,15,42,31,6,29,12,25,52,9,47,20,46,16,24,50,1,14,27,48,45,40,49,18
2175,NO_COVERAGE
2176,NO_COVERAGE
2177,NO_COVERAGE
2178,NO_COVERAGE
2179,NO_COVERAGE
2180,NO_COVERAGE
2181,NO_COVERAGE
2182,NO_COVERAGE
2183,NO_COVERAGE
2184,NO_COVERAGE
2185,NO_COVERAGE
2186,NO_COVERAGE
2187,NO_COVERAGE
2188,NO_COVERAGE
2189,NO_COVERAGE
2190,NO_COVERAGE
2191,NO_COVERAGE
2192,NO_COVERAGE
2193,NO_COVERAGE
2194,NO_COVERAGE
2195,NO_COVERAGE
2196,NO_COVERAGE
2197,NO_COVERAGE
2198,NO_COVERAGE
2199,SURVIVED
2200,KILLED,32,28,5,3,23,51,42,31,6,29,25,52,9,47,20,46,16,24,50,1,14,27,48,45,40,49,18
2201,KILLED,32,28,5,3,23,51,42,31,6,29,25,52,9,47,20,46,16,24,50,1,14,27,48,45,40,49,18
2202,KILLED,3,51,42,31,29,25,52,9,47,20,46,16,24,50,1,14,48,45,40,49,18
2203,KILLED,32,13,43,28,5,3,23,51,15,42,31,6,29,12,25,52,9,47,20,46,16,24,50,1,14,27,48,45,40,49,18
2204,KILLED,32,43,28,5,3,23,51,15,42,31,6,29,12,25,52,9,47,20,46,16,24,50,1,14,27,48,45,40,49,18
2205,SURVIVED
2206,KILLED,32,28,5,3,23,51,42,31,6,29,25,52,9,47,20,46,16,24,50,1,14,27,48,45,40,49,18
2207,SURVIVED
2208,KILLED,32,13,43,28,5,3,23,51,15,42,31,6,29,12,25,52,9,47,20,46,16,24,50,1,14,27,48,45,40,49,18
2209,NO_COVERAGE
2210,TIMED_OUT
2211,KILLED,32,43,28,5,3,23,51,42,31,6,29,25,52,9,47,20,46,16,24,50,1,14,27,48,45,40,49,18
2212,TIMED_OUT
2213,KILLED,32,13,43,28,5,3,23,51,15,42,31,6,29,12,25,52,9,47,20,46,16,24,50,1,14,27,48,45,40,49,18
2214,KILLED,32,28,5,3,23,51,42,31,6,29,25,52,9,47,20,46,16,24,50,1,14,27,48,45,40,49,18
2215,TIMED_OUT
2216,KILLED,32,13,43,28,5,3,23,51,15,42,31,6,29,12,25,52,9,47,20,46,16,24,50,1,14,27,48,45,40,49,18
2217,KILLED,32,43,28,5,3,23,51,42,31,6,29,25,52,9,47,20,46,16,24,50,1,14,27,48,45,40,49,18
2218,SURVIVED
2219,KILLED,32,28,5,3,23,51,42,31,6,29,25,52,9,47,20,46,16,24,50,1,14,27,48,45,40,49,18
2220,KILLED,3,51,42,31,29,25,52,9,47,20,46,16,24,50,1,14,48,45,40,49,18
2221,NO_COVERAGE
2222,NO_COVERAGE
2223,NO_COVERAGE
2224,NO_COVERAGE
2225,NO_COVERAGE
2226,NO_COVERAGE
2227,NO_COVERAGE
2228,NO_COVERAGE
2229,NO_COVERAGE
2230,NO_COVERAGE
2231,NO_COVERAGE
2232,KILLED,57,25,45
2233,KILLED,13,43,57,15,12,25,45
2234,KILLED,13,43,57,15,12,25,45
2235,KILLED,57,25,45
2236,KILLED,57,25,45
2237,KILLED,52
2238,KILLED,52
2239,KILLED,52
2240,SURVIVED
2241,KILLED,52
2242,SURVIVED
2243,KILLED,52
2244,SURVIVED
2245,SURVIVED
2246,SURVIVED
2247,SURVIVED
2248,KILLED,52
2249,NO_COVERAGE
2250,NO_COVERAGE
2251,NO_COVERAGE
2252,NO_COVERAGE
2253,NO_COVERAGE
2254,NO_COVERAGE
2255,NO_COVERAGE
2256,NO_COVERAGE
2257,NO_COVERAGE
2258,NO_COVERAGE
2259,NO_COVERAGE
2260,NO_COVERAGE
2261,NO_COVERAGE
2262,NO_COVERAGE
2263,NO_COVERAGE
2264,NO_COVERAGE
2265,NO_COVERAGE
2266,NO_COVERAGE
2267,NO_COVERAGE
2268,NO_COVERAGE
2269,NO_COVERAGE
2270,NO_COVERAGE
2271,NO_COVERAGE
2272,NO_COVERAGE
2273,SURVIVED
2274,KILLED,52
2275,KILLED,52
2276,KILLED,52
2277,SURVIVED
2278,KILLED,52
2279,NO_COVERAGE
2280,KILLED,52
2281,KILLED,52
2282,KILLED,52
2283,KILLED,52
2284,KILLED,52
2285,KILLED,52
2286,KILLED,52
2287,KILLED,52
2288,SURVIVED
2289,KILLED,52
2290,KILLED,52
2291,NO_COVERAGE
2292,NO_COVERAGE
2293,NO_COVERAGE
2294,NO_COVERAGE
2295,NO_COVERAGE
2296,NO_COVERAGE
2297,NO_COVERAGE
2298,NO_COVERAGE
2299,NO_COVERAGE
2300,NO_COVERAGE
2301,NO_COVERAGE
2302,NO_COVERAGE
2303,NO_COVERAGE
2304,NO_COVERAGE
2305,NO_COVERAGE
2306,NO_COVERAGE
2307,KILLED,11,9,51,31,29,25,52,46,50,1,45,49
2308,KILLED,11,9,53,51,31,29,25,52,46,50,1,45,49
2309,KILLED,11,9,53,51,31,29,25,52,46,50,1,45,49
2310,SURVIVED
2311,KILLED,11,9,53,51,31,29,25,52,46,50,1,45,49
2312,SURVIVED
2313,KILLED,11,9,53,51,31,29,25,52,46,50,1,45,49
2314,SURVIVED
2315,SURVIVED
2316,SURVIVED
2317,SURVIVED
2318,KILLED,11,9,51,31,29,25,52,46,50,1,45,49
2319,NO_COVERAGE
2320,NO_COVERAGE
2321,NO_COVERAGE
2322,NO_COVERAGE
2323,NO_COVERAGE
2324,NO_COVERAGE
2325,NO_COVERAGE
2326,NO_COVERAGE
2327,NO_COVERAGE
2328,NO_COVERAGE
2329,NO_COVERAGE
2330,NO_COVERAGE
2331,NO_COVERAGE
2332,NO_COVERAGE
2333,NO_COVERAGE
2334,NO_COVERAGE
2335,NO_COVERAGE
2336,NO_COVERAGE
2337,NO_COVERAGE
2338,NO_COVERAGE
2339,NO_COVERAGE
2340,NO_COVERAGE
2341,NO_COVERAGE
2342,NO_COVERAGE
2343,KILLED,11,9,31,29,25,46,50,1,45
2344,KILLED,11,9,31,29,25,46,50,1,45
2345,KILLED,11,9,51,31,29,25,52,46,50,1,45,49
2346,KILLED,11,9,31,29,25,46,50,1,45
2347,KILLED,11,9,51,31,29,25,52,46,50,1,45,49
2348,KILLED,11,9,31,29,25,46,50,1,45
2349,KILLED,11,9,51,31,29,25,52,46,50,1,45,49
2350,KILLED,9,31,25,52,46,50,1,49
2351,KILLED,11,9,31,29,25,46,50,1,45
2352,NO_COVERAGE
2353,NO_COVERAGE
2354,NO_COVERAGE
2355,NO_COVERAGE
2356,NO_COVERAGE
2357,NO_COVERAGE
2358,NO_COVERAGE
2359,NO_COVERAGE
2360,NO_COVERAGE
2361,NO_COVERAGE
2362,NO_COVERAGE
2363,KILLED,25,45
2364,KILLED,25,45
2365,KILLED,25,45
2366,KILLED,25,45
2367,KILLED,25,45
2368,KILLED,34
2369,KILLED,34
2370,SURVIVED
2371,KILLED,34
2372,SURVIVED
2373,KILLED,34
2374,SURVIVED
2375,SURVIVED
2376,SURVIVED
2377,SURVIVED
2378,KILLED,34
2379,NO_COVERAGE
2380,NO_COVERAGE
2381,NO_COVERAGE
2382,NO_COVERAGE
2383,NO_COVERAGE
2384,NO_COVERAGE
2385,NO_COVERAGE
2386,NO_COVERAGE
2387,NO_COVERAGE
2388,NO_COVERAGE
2389,NO_COVERAGE
2390,NO_COVERAGE
2391,NO_COVERAGE
2392,NO_COVERAGE
2393,NO_COVERAGE
2394,NO_COVERAGE
2395,NO_COVERAGE
2396,NO_COVERAGE
2397,NO_COVERAGE
2398,NO_COVERAGE
2399,NO_COVERAGE
2400,NO_COVERAGE
2401,NO_COVERAGE
2402,NO_COVERAGE
2403,KILLED,34
2404,KILLED,34
2405,NO_COVERAGE
2406,KILLED,34
2407,KILLED,34
2408,SURVIVED
2409,NO_COVERAGE
2410,NO_COVERAGE
2411,NO_COVERAGE
2412,NO_COVERAGE
2413,NO_COVERAGE
2414,NO_COVERAGE
2415,NO_COVERAGE
2416,NO_COVERAGE
2417,NO_COVERAGE
2418,NO_COVERAGE
2419,NO_COVERAGE
2420,NO_COVERAGE
2421,NO_COVERAGE
2422,NO_COVERAGE
2423,NO_COVERAGE
2424,NO_COVERAGE
2425,KILLED,17,16,32,30,25
2426,KILLED,17,16,32,30,25
2427,SURVIVED
2428,KILLED,17,16,32,30,25
2429,SURVIVED
2430,KILLED,17,16,32,30,25
2431,SURVIVED
2432,SURVIVED
2433,SURVIVED
2434,SURVIVED
2435,NO_COVERAGE
2436,NO_COVERAGE
2437,NO_COVERAGE
2438,NO_COVERAGE
2439,NO_COVERAGE
2440,NO_COVERAGE
2441,NO_COVERAGE
2442,NO_COVERAGE
2443,NO_COVERAGE
2444,NO_COVERAGE
2445,NO_COVERAGE
2446,NO_COVERAGE
2447,SURVIVED
2448,SURVIVED
2449,KILLED,30
2450,KILLED,17,16,32
2451,KILLED,17,16,32,30,25
2452,KILLED,16,32,30,25
2453,KILLED,30
2454,TIMED_OUT
2455,KILLED,17,16,32,30,25
2456,SURVIVED
2457,KILLED,17,16,32,30,25
2458,TIMED_OUT
2459,KILLED,17,16,32,30,25
2460,KILLED,30
2461,KILLED,30
2462,KILLED,30
2463,KILLED,30
2464,KILLED,30
2465,KILLED,17,16,32,25
2466,KILLED,17,16,32
2467,KILLED,16,32,30,25
2468,TIMED_OUT
2469,KILLED,30
2470,KILLED,17,16,32,30,25
2471,KILLED,17,16,32,25
2472,KILLED,16,32,30,25
2473,NO_COVERAGE
2474,NO_COVERAGE
2475,KILLED,25
2476,KILLED,43,42,31,12,25,52,9,20,46,24,50,1,40,49,18
2477,KILLED,43,42,31,12,25,52,9,20,46,24,50,1,40,49,18
2478,SURVIVED
2479,KILLED,43,42,31,12,25,52,9,20,46,24,50,1,40,49,18
2480,SURVIVED
2481,KILLED,43,42,31,12,25,52,9,20,46,24,50,1,40,49,18
2482,SURVIVED
2483,SURVIVED
2484,SURVIVED
2485,SURVIVED
2486,NO_COVERAGE
2487,NO_COVERAGE
2488,NO_COVERAGE
2489,NO_COVERAGE
2490,NO_COVERAGE
2491,NO_COVERAGE
2492,NO_COVERAGE
2493,NO_COVERAGE
2494,NO_COVERAGE
2495,NO_COVERAGE
2496,NO_COVERAGE
2497,NO_COVERAGE
2498,NO_COVERAGE
2499,KILLED,42,31,25,52,9,20,46,24,50,1,40,49,18
2500,NO_COVERAGE
2501,KILLED,42,31,25,52,9,20,46,24,50,1,40,49,18
2502,NO_COVERAGE
2503,NO_COVERAGE
2504,NO_COVERAGE
2505,KILLED,42,31,25,52,9,20,46,24,50,1,40,49,18
2506,KILLED,42,31,25,52,9,20,46,24,50,1,40,49,18
2507,SURVIVED
2508,KILLED,42,31,25,52,9,20,46,24,50,1,40,49,18
2509,KILLED,42,25,52,9,20,46,24,50,1,40,49,18
2510,KILLED,42,31,25,52,9,20,46,24,50,1,40,49,18
2511,KILLED,42,31,25,52,9,20,46,24,50,1,40,49,18
2512,NO_COVERAGE
2513,NO_COVERAGE
2514,NO_COVERAGE
2515,NO_COVERAGE
2516,KILLED,42,25,52,9,20,46,24,50,1,40,49,18
2517,KILLED,42,25,52,9,20,46,24,50,1,40,49,18
2518,SURVIVED
2519,KILLED,42,31,25,52,9,20,46,24,50,1,40,49,18
2520,KILLED,42,31,25,52,9,20,46,24,50,1,40,49,18
2521,KILLED,42,31,25,52,9,20,46,24,50,1,40,49,18
2522,NO_COVERAGE
2523,NO_COVERAGE
2524,KILLED,25
2525,SURVIVED
2526,KILLED,22,21,34,2,32,13,30,17,43,28,11,4,5,41,39,3,23,51,15,42,31,6,29,19,12,25,52,9,47,20,46,16,24,50,1,14,27,48,45,40,49,18
2527,KILLED,22,21,34,2,32,13,30,17,43,28,11,4,5,41,39,3,23,51,15,42,31,6,29,19,12,25,52,9,47,20,46,16,24,50,1,14,27,48,45,40,49,18
2528,NO_COVERAGE
2529,NO_COVERAGE
2530,NO_COVERAGE
2531,NO_COVERAGE
2532,NO_COVERAGE
2533,NO_COVERAGE
2534,NO_COVERAGE
2535,NO_COVERAGE
2536,NO_COVERAGE
2537,NO_COVERAGE
2538,NO_COVERAGE
2539,NO_COVERAGE
2540,NO_COVERAGE
2541,NO_COVERAGE
2542,NO_COVERAGE
2543,NO_COVERAGE
2544,NO_COVERAGE
2545,NO_COVERAGE
2546,NO_COVERAGE
2547,NO_COVERAGE
2548,NO_COVERAGE
2549,NO_COVERAGE
2550,NO_COVERAGE
2551,NO_COVERAGE
2552,NO_COVERAGE
2553,NO_COVERAGE
2554,NO_COVERAGE
2555,NO_COVERAGE
2556,NO_COVERAGE
2557,NO_COVERAGE
2558,NO_COVERAGE
2559,NO_COVERAGE
2560,NO_COVERAGE
2561,NO_COVERAGE
2562,NO_COVERAGE
2563,NO_COVERAGE
2564,NO_COVERAGE
2565,NO_COVERAGE
2566,NO_COVERAGE
2567,NO_COVERAGE
2568,NO_COVERAGE
2569,NO_COVERAGE
2570,KILLED,22,21,34,2,32,13,30,17,43,28,11,5,41,39,3,23,51,15,42,31,6,29,19,12,25,52,9,47,20,46,16,24,50,1,14,27,48,45,40,49,18
2571,KILLED,22,21,34,2,32,13,30,17,43,28,11,5,41,39,3,23,51,15,42,31,6,29,19,12,25,52,9,47,20,46,16,24,50,1,14,27,48,45,40,49,18
2572,KILLED,30,3,23,42,31,25,14
2573,KILLED,30,4,3,23,42,31,25,14
2574,KILLED,8,7,48
2575,KILLED,8,7,48
2576,NO_COVERAGE
2577,NO_COVERAGE
2578,NO_COVERAGE
2579,NO_COVERAGE
2580,NO_COVERAGE
2581,NO_COVERAGE
2582,NO_COVERAGE
2583,NO_COVERAGE
2584,NO_COVERAGE
2585,NO_COVERAGE
2586,NO_COVERAGE
2587,NO_COVERAGE
2588,NO_COVERAGE
2589,NO_COVERAGE
2590,NO_COVERAGE
2591,NO_COVERAGE
2592,NO_COVERAGE
2593,NO_COVERAGE
2594,NO_COVERAGE
2595,NO_COVERAGE
2596,NO_COVERAGE
2597,NO_COVERAGE
2598,NO_COVERAGE
2599,NO_COVERAGE
2600,NO_COVERAGE
2601,NO_COVERAGE
2602,NO_COVERAGE
2603,NO_COVERAGE
2604,NO_COVERAGE
2605,NO_COVERAGE
2606,NO_COVERAGE
2607,NO_COVERAGE
2608,NO_COVERAGE
2609,NO_COVERAGE
2610,NO_COVERAGE
2611,KILLED,8
2612,KILLED,8,7,48
2613,KILLED,7,48
2614,KILLED,7,48
2615,KILLED,48
2616,KILLED,48
2617,SURVIVED
2618,KILLED,48
2619,SURVIVED
2620,KILLED,48
2621,SURVIVED
2622,SURVIVED
2623,SURVIVED
2624,SURVIVED
2625,NO_COVERAGE
2626,NO_COVERAGE
2627,NO_COVERAGE
2628,NO_COVERAGE
2629,NO_COVERAGE
2630,NO_COVERAGE
2631,NO_COVERAGE
2632,NO_COVERAGE
2633,NO_COVERAGE
2634,NO_COVERAGE
2635,NO_COVERAGE
2636,NO_COVERAGE
2637,KILLED,48
2638,KILLED,48
2639,NO_COVERAGE
2640,NO_COVERAGE
2641,NO_COVERAGE
2642,KILLED,48
2643,KILLED,48
2644,SURVIVED
2645,KILLED,48
2646,SURVIVED
2647,KILLED,48
2648,SURVIVED
2649,SURVIVED
2650,SURVIVED
2651,SURVIVED
2652,NO_COVERAGE
2653,NO_COVERAGE
2654,NO_COVERAGE
2655,NO_COVERAGE
2656,NO_COVERAGE
2657,NO_COVERAGE
2658,NO_COVERAGE
2659,NO_COVERAGE
2660,NO_COVERAGE
2661,NO_COVERAGE
2662,NO_COVERAGE
2663,NO_COVERAGE
2664,KILLED,48
2665,KILLED,48
2666,NO_COVERAGE
2667,NO_COVERAGE
2668,NO_COVERAGE
2669,KILLED,32,13,30,43,28,5,3,23,51,15,42,31,6,29,12,25,52,9,47,20,46,16,24,50,1,14,27,48,45,40,49,18
2670,KILLED,32,13,30,43,28,5,3,23,51,15,42,31,6,29,12,25,52,9,47,20,46,16,24,50,1,14,27,48,45,40,49,18
2671,KILLED,32,13,30,43,28,5,3,23,51,15,42,31,6,29,12,25,52,9,47,20,46,16,24,50,1,14,27,48,45,40,49,18
2672,KILLED,32,13,30,43,28,5,3,23,51,15,42,31,6,29,12,25,52,9,47,20,46,16,24,50,1,14,27,48,45,40,49,18
2673,KILLED,32,13,30,43,28,5,3,23,51,15,42,31,6,29,12,25,52,9,47,20,46,16,24,50,1,14,27,48,45,40,49,18
2674,SURVIVED
2675,KILLED,25
2676,KILLED,25
2677,KILLED,25
2678,KILLED,25
2679,KILLED,25
2680,SURVIVED
2681,KILLED,32,13,30,43,28,5,3,23,51,15,42,31,6,29,12,25,52,9,47,20,46,16,24,50,1,14,27,48,45,40,49,18
2682,KILLED,32,13,30,43,28,5,3,23,51,15,42,31,6,29,12,25,52,9,47,20,46,16,24,50,1,14,27,48,45,40,49,18
2683,KILLED,32,13,30,43,28,5,3,23,51,15,42,31,6,29,12,25,52,9,47,20,46,16,24,50,1,14,27,48,45,40,49,18
2684,KILLED,32,13,30,43,28,5,3,23,51,15,42,31,6,29,12,25,52,9,47,20,46,16,24,50,1,14,27,48,45,40,49,18
2685,KILLED,32,13,30,43,28,5,3,23,51,15,42,31,6,29,12,25,52,9,47,20,46,16,24,50,1,14,27,48,45,40,49,18
2686,SURVIVED
2687,KILLED,33
2688,KILLED,33
2689,KILLED,33
2690,KILLED,33
2691,KILLED,33
2692,KILLED,28,5,51,29,52,47,48,49
2693,KILLED,28,5,51,29,52,47,48,49
2694,KILLED,28,5,51,29,52,47,48,49
2695,KILLED,28,5,51,29,52,47,48,49
2696,KILLED,28,5,51,29,52,47,48,49
2697,KILLED,28,5,51,29,52,47,48,49
2698,KILLED,28,5,51,29,52,47,48,49
2699,KILLED,28,5,51,29,52,47,48,49
2700,KILLED,28
2701,KILLED,28
2702,KILLED,28
2703,KILLED,28
2704,KILLED,28,5,51,29,52,47,48,49
2705,KILLED,28,5,51,29,52,47,48,49
2706,KILLED,28,5,51,29,52,47,48,49
2707,KILLED,28,5,51,29,52,47,48,49
2708,KILLED,28,5,51,29,52,47,48,49
2709,KILLED,28,5,51,29,52,47,48,49
2710,KILLED,28,5,51,29,52,47,48,49
2711,KILLED,28,5,51,29,52,47,48,49
2712,NO_COVERAGE
2713,NO_COVERAGE
2714,NO_COVERAGE
2715,NO_COVERAGE
