1,org.ebaysf.web.cors.CORSFilterTest.testCheckNullRequestMethod
2,org.ebaysf.web.cors.CORSFilterTest.testDoFilterSimpleGET
3,org.ebaysf.web.cors.CORSFilterTest.testCheckActualRequestTypeMethodPOSTNotSimpleHeaders
4,org.ebaysf.web.cors.CORSFilterTest.testDoFilterSimpleWithExposedHeaders
5,org.ebaysf.web.cors.CORSFilterTest.testJoinPipeSeparator
6,org.ebaysf.web.cors.CORSFilterTest.testCheckForSchemeVariance
7,org.ebaysf.web.cors.CORSFilterTest.testCheckPreFlightRequestTypeEmptyHeaders
8,org.ebaysf.web.cors.CORSFilterTest.testDoFilterPreflightAnyOrigin
9,org.ebaysf.web.cors.CORSFilterTest.testJoinOneNullElement
10,org.ebaysf.web.cors.CORSFilterTest.testJoinSepNull
11,org.ebaysf.web.cors.CORSFilterTest.testDoFilterSimpleHEAD
12,org.ebaysf.web.cors.CORSFilterTest.testDoFilterSimplePOST
13,org.ebaysf.web.cors.CORSFilterTest.testCheckPreFlightRequestTypeEmptyACRM
14,org.ebaysf.web.cors.CORSFilterTest.testJoin
15,org.ebaysf.web.cors.CORSFilterTest.testJoinAllNullElements
16,org.ebaysf.web.cors.CORSFilterTest.testDoFilterPreflightWithoutCredentialsAndSpecificOrigin
17,org.ebaysf.web.cors.CORSFilterTest.testDoFilterSimpleAnyOriginAndSupportsCredentials
18,org.ebaysf.web.cors.CORSFilterTest.testCheckPreFlightRequestTypeInvalidRequestMethod
19,org.ebaysf.web.cors.CORSFilterTest.testDoFilterPreflight
20,org.ebaysf.web.cors.CORSFilterTest.testDecorateCORSPropertiesNullRequestValidCORSRequestType
21,org.ebaysf.web.cors.CORSFilterTest.testCheckPreFlightRequestTypeNoACRM
22,org.ebaysf.web.cors.CORSFilterTest.testDecorateCORSPropertiesValidRequestNullRequestType
23,org.ebaysf.web.cors.CORSFilterTest.testJoinSingleElement
24,org.ebaysf.web.cors.CORSFilterTest.testCheckPreFlightRequestTypeOriginNotAllowed
25,org.ebaysf.web.cors.CORSFilterTest.testWithFilterConfigInvalidPreflightAge
26,org.ebaysf.web.cors.CORSFilterTest.testCheckInvalidCRLF1
27,org.ebaysf.web.cors.CORSFilterTest.testCheckInvalidCRLF2
28,org.ebaysf.web.cors.CORSFilterTest.testCheckInvalidCRLF3
29,org.ebaysf.web.cors.CORSFilterTest.testCheckInvalidCRLF4
30,org.ebaysf.web.cors.CORSFilterTest.testNotPreflight
31,org.ebaysf.web.cors.CORSFilterTest.testWithStringParserEmpty
32,org.ebaysf.web.cors.CORSFilterTest.testJoinAllEmptyElements
33,org.ebaysf.web.cors.CORSFilterTest.testDecorateCORSPropertiesCORSRequestTypeInvalidCORS
34,org.ebaysf.web.cors.CORSFilterTest.testInitDefaultFilterConfig
35,org.ebaysf.web.cors.CORSFilterTest.testCheckRequestTypeNull
36,org.ebaysf.web.cors.CORSFilterTest.testDoFilterPreflightNegativeMaxAge
37,org.ebaysf.web.cors.CORSFilterTest.testDoFilterPreflightInvalidOrigin
38,org.ebaysf.web.cors.CORSFilterTest.testDecorateCORSPropertiesCORSRequestTypeNotCORS
39,org.ebaysf.web.cors.CORSFilterTest.testCheckInvalidOriginNotAllowedSubdomain
40,org.ebaysf.web.cors.CORSFilterTest.testDoFilterPreflightWithCredentials
41,org.ebaysf.web.cors.CORSFilterTest.testCheckPreFlightRequestTypeUnsupportedRequestMethod
42,org.ebaysf.web.cors.CORSFilterTest.testWithFilterConfig
43,org.ebaysf.web.cors.CORSFilterTest.testJoinElementsNull
44,org.ebaysf.web.cors.CORSFilterTest.testCheckActualRequestType
45,org.ebaysf.web.cors.CORSFilterTest.testCheckInvalidRequestMethod
46,org.ebaysf.web.cors.CORSFilterTest.testCheckPreFlightRequestTypeUnsupportedRequestHeaders
47,org.ebaysf.web.cors.CORSFilterTest.testInValidOriginEncodedCRLF1
48,org.ebaysf.web.cors.CORSFilterTest.testInValidOriginEncodedCRLF2
49,org.ebaysf.web.cors.CORSFilterTest.testInValidOriginEncodedCRLF3
50,org.ebaysf.web.cors.CORSFilterTest.testCheckForPortVariance
51,org.ebaysf.web.cors.CORSFilterTest.testDecorateCORSPropertiesNullRequestNullCORSRequestType
52,org.ebaysf.web.cors.CORSFilterTest.testInValidOriginCRLF
53,org.ebaysf.web.cors.CORSFilterTest.testDoFilterInvalidCORSOriginNotAllowed
54,org.ebaysf.web.cors.CORSFilterTest.testWithStringParserNull
55,org.ebaysf.web.cors.CORSFilterTest.testDoFilterSimpleSpecificHeader
56,org.ebaysf.web.cors.CORSFilterTest.testInitInvalidFilterConfig
57,org.ebaysf.web.cors.CORSFilterTest.testDestroy
58,org.ebaysf.web.cors.CORSFilterTest.testCheckSimpleRequestType
59,org.ebaysf.web.cors.CORSFilterTest.testDoFilterNullRequestResponse
60,org.ebaysf.web.cors.CORSFilterTest.testCheckSimpleRequestTypeAnyOrigin
61,org.ebaysf.web.cors.CORSFilterTest.testDoFilterSimpleAnyOriginAndSupportsCredentialsDisabled
62,org.ebaysf.web.cors.CORSFilterTest.testCheckPreFlightRequestType
63,org.ebaysf.web.cors.CORSFilterTest.testDoFilterRequestNullResponse
64,org.ebaysf.web.cors.CORSFilterTest.testCheckPreFlightRequestTypeNoHeaders
65,org.ebaysf.web.cors.CORSFilterTest.testDecorateRequestDisabled
66,org.ebaysf.web.cors.CORSFilterTest.testValidOrigin
67,org.ebaysf.web.cors.CORSFilterTest.testCheckInvalidOrigin
68,org.ebaysf.web.cors.CORSFilterTest.testDoFilterNullRequestNullResponse
69,org.ebaysf.web.cors.CORSFilterTest.testNotSimple
70,org.ebaysf.web.cors.CORSFilterTest.testCheckPreFlightRequestTypeAnyOriginNoWithCredentials
71,org.ebaysf.web.cors.CORSFilterTest.testDoFilterNullOrigin
72,org.ebaysf.web.cors.CORSFilterTest.testCheckNotCORSRequestTypeEmptyOrigin
