1,net.objecthunter.exp4j.ExpressionValidateTest.testValidateFunctionWithTwoArguments
2,net.objecthunter.exp4j.ExpressionValidateTest.testValidateFunctionWithThreeArguments
3,net.objecthunter.exp4j.ExpressionValidateTest.testValidateNumberPositive
4,net.objecthunter.exp4j.ExpressionValidateTest.testValidateFunctionWithSevenArguments
5,net.objecthunter.exp4j.ExpressionValidateTest.testValidateNumber
6,net.objecthunter.exp4j.ExpressionValidateTest.testValidateNumberNegative
7,net.objecthunter.exp4j.ExpressionValidateTest.testValidateFunctionWithTwoAndThreeArgumentsAndOperator
8,net.objecthunter.exp4j.ExpressionValidateTest.testValidateInvalidFunction
9,net.objecthunter.exp4j.ExpressionValidateTest.testValidateInvalidFunctionWithManyArguments
10,net.objecthunter.exp4j.ExpressionValidateTest.testValidateFunction
11,net.objecthunter.exp4j.ExpressionValidateTest.testValidateFunctionPositive
12,net.objecthunter.exp4j.ExpressionValidateTest.testValidateFunctionNegative
13,net.objecthunter.exp4j.ExpressionValidateTest.testValidateInvalidFunctionWithTooFewArgumentsAndOperands
14,net.objecthunter.exp4j.ExpressionValidateTest.testValidateFunctionWithTwoAndThreeArgumentsAndMultipleOperator
15,net.objecthunter.exp4j.ExpressionValidateTest.testValidateFunctionWithTwoArgumentsAndOperator
16,net.objecthunter.exp4j.ExpressionValidateTest.testValidateInvalidFunctionWithTooFewArguments
17,net.objecthunter.exp4j.ExpressionValidateTest.testValidateFunctionAndOperator
18,net.objecthunter.exp4j.ExpressionValidateTest.testValidateInvalidOperator
19,net.objecthunter.exp4j.ExpressionValidateTest.testValidateInvalidOperand
20,net.objecthunter.exp4j.ExpressionValidateTest.testValidateFunctionWithThreeArgumentsAndOperator
21,net.objecthunter.exp4j.ExpressionValidateTest.testValidateOperator
22,net.objecthunter.exp4j.ExpressionValidateTest.testValidateFunctionWithTwoAndThreeArguments
23,net.objecthunter.exp4j.ExpressionValidateTest.testValidateFunctionWithSevenArgumentsAndoperator
24,net.objecthunter.exp4j.ArrayStackTest.testPop
25,net.objecthunter.exp4j.ArrayStackTest.testPeek2
26,net.objecthunter.exp4j.ArrayStackTest.testPeek
27,net.objecthunter.exp4j.ArrayStackTest.testPop2
28,net.objecthunter.exp4j.ArrayStackTest.testPop3
29,net.objecthunter.exp4j.ArrayStackTest.testSize
30,net.objecthunter.exp4j.ArrayStackTest.testPopNoData
31,net.objecthunter.exp4j.ArrayStackTest.testPeekNoData
32,net.objecthunter.exp4j.ArrayStackTest.testPushLessSize
33,net.objecthunter.exp4j.ArrayStackTest.testPushNoSize
34,net.objecthunter.exp4j.ArrayStackTest.testIsEmpty
35,net.objecthunter.exp4j.ArrayStackTest.testConstructor
36,net.objecthunter.exp4j.ExpressionTest.testExpression1
37,net.objecthunter.exp4j.ExpressionTest.testExpression2
38,net.objecthunter.exp4j.shuntingyard.ShuntingYardTest.testShuntingYard1
39,net.objecthunter.exp4j.shuntingyard.ShuntingYardTest.testShuntingYard2
40,net.objecthunter.exp4j.shuntingyard.ShuntingYardTest.testShuntingYard3
41,net.objecthunter.exp4j.shuntingyard.ShuntingYardTest.testShuntingYard4
42,net.objecthunter.exp4j.shuntingyard.ShuntingYardTest.testShuntingYard5
43,net.objecthunter.exp4j.shuntingyard.ShuntingYardTest.testShuntingYard6
44,net.objecthunter.exp4j.shuntingyard.ShuntingYardTest.testShuntingYard7
45,net.objecthunter.exp4j.shuntingyard.ShuntingYardTest.testShuntingYard8
46,net.objecthunter.exp4j.shuntingyard.ShuntingYardTest.testShuntingYard9
47,net.objecthunter.exp4j.PerformanceTest.testBenches
48,net.objecthunter.exp4j.ExpressionBuilderTest.testExpressionBuilder01
49,net.objecthunter.exp4j.ExpressionBuilderTest.testExpressionBuilder02
50,net.objecthunter.exp4j.ExpressionBuilderTest.testExpressionBuilder03
51,net.objecthunter.exp4j.ExpressionBuilderTest.testExpressionBuilder04
52,net.objecthunter.exp4j.ExpressionBuilderTest.testExpressionBuilder05
53,net.objecthunter.exp4j.ExpressionBuilderTest.testExpressionBuilder06
54,net.objecthunter.exp4j.ExpressionBuilderTest.testExpressionBuilder07
55,net.objecthunter.exp4j.ExpressionBuilderTest.testExpressionBuilder08
56,net.objecthunter.exp4j.ExpressionBuilderTest.testExpressionBuilder10
57,net.objecthunter.exp4j.ExpressionBuilderTest.testExpressionBuilder11
58,net.objecthunter.exp4j.ExpressionBuilderTest.testExpressionBuilder12
59,net.objecthunter.exp4j.ExpressionBuilderTest.testExpressionBuilder13
60,net.objecthunter.exp4j.ExpressionBuilderTest.testExpressionBuilder14
61,net.objecthunter.exp4j.ExpressionBuilderTest.testExpressionBuilder15
62,net.objecthunter.exp4j.ExpressionBuilderTest.testExpressionBuilder16
63,net.objecthunter.exp4j.ExpressionBuilderTest.testExpressionBuilder17
64,net.objecthunter.exp4j.ExpressionBuilderTest.testExpressionBuilder18
65,net.objecthunter.exp4j.ExpressionBuilderTest.testExpressionBuilder19
66,net.objecthunter.exp4j.ExpressionBuilderTest.testExpression10
67,net.objecthunter.exp4j.ExpressionBuilderTest.testExpression11
68,net.objecthunter.exp4j.ExpressionBuilderTest.testExpression12
69,net.objecthunter.exp4j.ExpressionBuilderTest.testExpression13
70,net.objecthunter.exp4j.ExpressionBuilderTest.testExpression14
71,net.objecthunter.exp4j.ExpressionBuilderTest.testExpression15
72,net.objecthunter.exp4j.ExpressionBuilderTest.testExpression16
73,net.objecthunter.exp4j.ExpressionBuilderTest.testExpression17
74,net.objecthunter.exp4j.ExpressionBuilderTest.testExpression18
75,net.objecthunter.exp4j.ExpressionBuilderTest.testExpression19
76,net.objecthunter.exp4j.ExpressionBuilderTest.testExpression20
77,net.objecthunter.exp4j.ExpressionBuilderTest.testExpression21
78,net.objecthunter.exp4j.ExpressionBuilderTest.testExpression22
79,net.objecthunter.exp4j.ExpressionBuilderTest.testExpression23
80,net.objecthunter.exp4j.ExpressionBuilderTest.testExpression24
81,net.objecthunter.exp4j.ExpressionBuilderTest.testExpression25
82,net.objecthunter.exp4j.ExpressionBuilderTest.testExpression26
83,net.objecthunter.exp4j.ExpressionBuilderTest.testExpression27
84,net.objecthunter.exp4j.ExpressionBuilderTest.testExpression28
85,net.objecthunter.exp4j.ExpressionBuilderTest.testExpression29
86,net.objecthunter.exp4j.ExpressionBuilderTest.testExpression30
87,net.objecthunter.exp4j.ExpressionBuilderTest.testExpression31
88,net.objecthunter.exp4j.ExpressionBuilderTest.testExpression32
89,net.objecthunter.exp4j.ExpressionBuilderTest.testExpression33
90,net.objecthunter.exp4j.ExpressionBuilderTest.testExpression34
91,net.objecthunter.exp4j.ExpressionBuilderTest.testExpression40
92,net.objecthunter.exp4j.ExpressionBuilderTest.testExpression41
93,net.objecthunter.exp4j.ExpressionBuilderTest.testExpression42
94,net.objecthunter.exp4j.ExpressionBuilderTest.testExpression43
95,net.objecthunter.exp4j.ExpressionBuilderTest.testExpression44
96,net.objecthunter.exp4j.ExpressionBuilderTest.testExpression45
97,net.objecthunter.exp4j.ExpressionBuilderTest.testExpression46
98,net.objecthunter.exp4j.ExpressionBuilderTest.testExpression48
99,net.objecthunter.exp4j.ExpressionBuilderTest.testExpression49
100,net.objecthunter.exp4j.ExpressionBuilderTest.testExpression50
101,net.objecthunter.exp4j.ExpressionBuilderTest.testExpression51
102,net.objecthunter.exp4j.ExpressionBuilderTest.testExpression52
103,net.objecthunter.exp4j.ExpressionBuilderTest.testExpression53
104,net.objecthunter.exp4j.ExpressionBuilderTest.testExpression54
105,net.objecthunter.exp4j.ExpressionBuilderTest.testExpression55
106,net.objecthunter.exp4j.ExpressionBuilderTest.testExpression56
107,net.objecthunter.exp4j.ExpressionBuilderTest.testExpression57
108,net.objecthunter.exp4j.ExpressionBuilderTest.testExpression58
109,net.objecthunter.exp4j.ExpressionBuilderTest.testExpression59
110,net.objecthunter.exp4j.ExpressionBuilderTest.testExpression60
111,net.objecthunter.exp4j.ExpressionBuilderTest.testExpression61
112,net.objecthunter.exp4j.ExpressionBuilderTest.testExpression62
113,net.objecthunter.exp4j.ExpressionBuilderTest.testExpression63
114,net.objecthunter.exp4j.ExpressionBuilderTest.testExpression64
115,net.objecthunter.exp4j.ExpressionBuilderTest.testExpression65
116,net.objecthunter.exp4j.ExpressionBuilderTest.testExpression66
117,net.objecthunter.exp4j.ExpressionBuilderTest.testExpression67
118,net.objecthunter.exp4j.ExpressionBuilderTest.testExpression68
119,net.objecthunter.exp4j.ExpressionBuilderTest.testExpression69
120,net.objecthunter.exp4j.ExpressionBuilderTest.testExpression70
121,net.objecthunter.exp4j.ExpressionBuilderTest.testExpression71
122,net.objecthunter.exp4j.ExpressionBuilderTest.testExpression72
123,net.objecthunter.exp4j.ExpressionBuilderTest.testExpression73
124,net.objecthunter.exp4j.ExpressionBuilderTest.testExpression74
125,net.objecthunter.exp4j.ExpressionBuilderTest.testExpression75
126,net.objecthunter.exp4j.ExpressionBuilderTest.testExpression76
127,net.objecthunter.exp4j.ExpressionBuilderTest.testExpression77
128,net.objecthunter.exp4j.ExpressionBuilderTest.testExpression78
129,net.objecthunter.exp4j.ExpressionBuilderTest.testExpression79
130,net.objecthunter.exp4j.ExpressionBuilderTest.testExpression80
131,net.objecthunter.exp4j.ExpressionBuilderTest.testExpression81
132,net.objecthunter.exp4j.ExpressionBuilderTest.testExpression82
133,net.objecthunter.exp4j.ExpressionBuilderTest.testExpression83
134,net.objecthunter.exp4j.ExpressionBuilderTest.testExpression84
135,net.objecthunter.exp4j.ExpressionBuilderTest.testExpression85
136,net.objecthunter.exp4j.ExpressionBuilderTest.testDocumentationExample10
137,net.objecthunter.exp4j.ExpressionBuilderTest.testDocumentationExample11
138,net.objecthunter.exp4j.ExpressionBuilderTest.testDocumentationExample12
139,net.objecthunter.exp4j.ExpressionBuilderTest.testInvalidFunction1
140,net.objecthunter.exp4j.ExpressionBuilderTest.testInvalidFunction2
141,net.objecthunter.exp4j.ExpressionBuilderTest.testPostfixExponentation1
142,net.objecthunter.exp4j.ExpressionBuilderTest.testPostfixExponentation2
143,net.objecthunter.exp4j.ExpressionBuilderTest.testPostfixExponentation3
144,net.objecthunter.exp4j.ExpressionBuilderTest.testPostfixExponentation4
145,net.objecthunter.exp4j.ExpressionBuilderTest.testSameName
146,net.objecthunter.exp4j.ExpressionBuilderTest.testUnicodeVariable1
147,net.objecthunter.exp4j.ExpressionBuilderTest.testUnicodeVariable2
148,net.objecthunter.exp4j.ExpressionBuilderTest.testUnicodeVariable3
149,net.objecthunter.exp4j.ExpressionBuilderTest.testUnicodeVariable4
150,net.objecthunter.exp4j.ExpressionBuilderTest.testInvalidVarname
151,net.objecthunter.exp4j.ExpressionBuilderTest.testSecondArgumentNegative
152,net.objecthunter.exp4j.ExpressionBuilderTest.testMisplacedSeparator
153,net.objecthunter.exp4j.ExpressionBuilderTest.testSpaceBetweenNumbers
154,net.objecthunter.exp4j.ExpressionBuilderTest.testPostfixFunction10
155,net.objecthunter.exp4j.ExpressionBuilderTest.testPostfixFunction11
156,net.objecthunter.exp4j.ExpressionBuilderTest.testPostfixFunction12
157,net.objecthunter.exp4j.ExpressionBuilderTest.testPostfixFunction13
158,net.objecthunter.exp4j.ExpressionBuilderTest.testPostfixFunction14
159,net.objecthunter.exp4j.ExpressionBuilderTest.testPostfixFunction15
160,net.objecthunter.exp4j.ExpressionBuilderTest.testPostfixFunction16
161,net.objecthunter.exp4j.ExpressionBuilderTest.testPostfixFunction17
162,net.objecthunter.exp4j.ExpressionBuilderTest.testPostfixFunction18
163,net.objecthunter.exp4j.ExpressionBuilderTest.testPostfixFunction19
164,net.objecthunter.exp4j.ExpressionBuilderTest.testPostfixFunction20
165,net.objecthunter.exp4j.ExpressionBuilderTest.testPostfixFunction21
166,net.objecthunter.exp4j.ExpressionBuilderTest.testExpressionBuilder1
167,net.objecthunter.exp4j.ExpressionBuilderTest.testExpressionBuilder2
168,net.objecthunter.exp4j.ExpressionBuilderTest.testExpressionBuilder3
169,net.objecthunter.exp4j.ExpressionBuilderTest.testExpressionBuilder4
170,net.objecthunter.exp4j.ExpressionBuilderTest.testExpressionBuilder5
171,net.objecthunter.exp4j.ExpressionBuilderTest.testExpressionBuilder6
172,net.objecthunter.exp4j.ExpressionBuilderTest.testExpressionBuilder7
173,net.objecthunter.exp4j.ExpressionBuilderTest.testExpressionBuilder8
174,net.objecthunter.exp4j.ExpressionBuilderTest.testExpressionBuilder9
175,net.objecthunter.exp4j.ExpressionBuilderTest.testMissingVar
176,net.objecthunter.exp4j.ExpressionBuilderTest.testPostfixEverything
177,net.objecthunter.exp4j.ExpressionBuilderTest.testFunction10
178,net.objecthunter.exp4j.ExpressionBuilderTest.testFunction11
179,net.objecthunter.exp4j.ExpressionBuilderTest.testFunction12
180,net.objecthunter.exp4j.ExpressionBuilderTest.testFunction13
181,net.objecthunter.exp4j.ExpressionBuilderTest.testFunction14
182,net.objecthunter.exp4j.ExpressionBuilderTest.testFunction15
183,net.objecthunter.exp4j.ExpressionBuilderTest.testFunction16
184,net.objecthunter.exp4j.ExpressionBuilderTest.testFunction17
185,net.objecthunter.exp4j.ExpressionBuilderTest.testFunction18
186,net.objecthunter.exp4j.ExpressionBuilderTest.testFunction19
187,net.objecthunter.exp4j.ExpressionBuilderTest.testFunction20
188,net.objecthunter.exp4j.ExpressionBuilderTest.testFunction22
189,net.objecthunter.exp4j.ExpressionBuilderTest.testFunction23
190,net.objecthunter.exp4j.ExpressionBuilderTest.testFunction24
191,net.objecthunter.exp4j.ExpressionBuilderTest.testOperators1
192,net.objecthunter.exp4j.ExpressionBuilderTest.testOperators2
193,net.objecthunter.exp4j.ExpressionBuilderTest.testOperators3
194,net.objecthunter.exp4j.ExpressionBuilderTest.testOperators4
195,net.objecthunter.exp4j.ExpressionBuilderTest.testSameVariableAndUserFunctionName
196,net.objecthunter.exp4j.ExpressionBuilderTest.testFailUnknownFunction1
197,net.objecthunter.exp4j.ExpressionBuilderTest.testFailUnknownFunction2
198,net.objecthunter.exp4j.ExpressionBuilderTest.testFailUnknownFunction3
199,net.objecthunter.exp4j.ExpressionBuilderTest.testUnaryMinusPowerPrecedence
200,net.objecthunter.exp4j.ExpressionBuilderTest.testVarname1
201,net.objecthunter.exp4j.ExpressionBuilderTest.testExpression1
202,net.objecthunter.exp4j.ExpressionBuilderTest.testExpression2
203,net.objecthunter.exp4j.ExpressionBuilderTest.testExpression3
204,net.objecthunter.exp4j.ExpressionBuilderTest.testExpression4
205,net.objecthunter.exp4j.ExpressionBuilderTest.testExpression5
206,net.objecthunter.exp4j.ExpressionBuilderTest.testExpression6
207,net.objecthunter.exp4j.ExpressionBuilderTest.testExpression7
208,net.objecthunter.exp4j.ExpressionBuilderTest.testExpression8
209,net.objecthunter.exp4j.ExpressionBuilderTest.testExpression9
210,net.objecthunter.exp4j.ExpressionBuilderTest.testSameVariableAndBuiltinFunctionName
211,net.objecthunter.exp4j.ExpressionBuilderTest.testUnaryMinus
212,net.objecthunter.exp4j.ExpressionBuilderTest.testInvalidOperator1
213,net.objecthunter.exp4j.ExpressionBuilderTest.testInvalidFunction
214,net.objecthunter.exp4j.ExpressionBuilderTest.testUnaryMinusInParenthesisSpace
215,net.objecthunter.exp4j.ExpressionBuilderTest.testPostfixFunction1
216,net.objecthunter.exp4j.ExpressionBuilderTest.testPostfixFunction2
217,net.objecthunter.exp4j.ExpressionBuilderTest.testPostfixFunction3
218,net.objecthunter.exp4j.ExpressionBuilderTest.testPostfixFunction5
219,net.objecthunter.exp4j.ExpressionBuilderTest.testPostfixFunction6
220,net.objecthunter.exp4j.ExpressionBuilderTest.testPostfixFunction7
221,net.objecthunter.exp4j.ExpressionBuilderTest.testPostfixFunction8
222,net.objecthunter.exp4j.ExpressionBuilderTest.testPostfixFunction9
223,net.objecthunter.exp4j.ExpressionBuilderTest.testPostfixVariables
224,net.objecthunter.exp4j.ExpressionBuilderTest.testPostfixParanthesis
225,net.objecthunter.exp4j.ExpressionBuilderTest.testInvalidNumberofArguments1
226,net.objecthunter.exp4j.ExpressionBuilderTest.testInvalidNumberofArguments2
227,net.objecthunter.exp4j.ExpressionBuilderTest.testDocumentationExample1
228,net.objecthunter.exp4j.ExpressionBuilderTest.testDocumentationExample2
229,net.objecthunter.exp4j.ExpressionBuilderTest.testDocumentationExample3
230,net.objecthunter.exp4j.ExpressionBuilderTest.testDocumentationExample4
231,net.objecthunter.exp4j.ExpressionBuilderTest.testDocumentationExample5
232,net.objecthunter.exp4j.ExpressionBuilderTest.testDocumentationExample6
233,net.objecthunter.exp4j.ExpressionBuilderTest.testDocumentationExample7
234,net.objecthunter.exp4j.ExpressionBuilderTest.testDocumentationExample8
235,net.objecthunter.exp4j.ExpressionBuilderTest.testDocumentationExample9
236,net.objecthunter.exp4j.ExpressionBuilderTest.testFunction1
237,net.objecthunter.exp4j.ExpressionBuilderTest.testFunction2
238,net.objecthunter.exp4j.ExpressionBuilderTest.testFunction3
239,net.objecthunter.exp4j.ExpressionBuilderTest.testFunction4
240,net.objecthunter.exp4j.ExpressionBuilderTest.testFunction5
241,net.objecthunter.exp4j.ExpressionBuilderTest.testFunction6
242,net.objecthunter.exp4j.ExpressionBuilderTest.testFunction7
243,net.objecthunter.exp4j.ExpressionBuilderTest.testExpressionMultiplication
244,net.objecthunter.exp4j.ExpressionBuilderTest.testUnaryMinusSpace
245,net.objecthunter.exp4j.ExpressionBuilderTest.testModulo1
246,net.objecthunter.exp4j.ExpressionBuilderTest.testPostfixInvalidVariableName
247,net.objecthunter.exp4j.ExpressionBuilderTest.testPostfix1
248,net.objecthunter.exp4j.ExpressionBuilderTest.testUnaryMinusSpace1
249,net.objecthunter.exp4j.ExpressionBuilderTest.testUnaryMinusSpaces
250,net.objecthunter.exp4j.ExpressionBuilderTest.testSignum
251,net.objecthunter.exp4j.ExpressionBuilderTest.testVarMap
252,net.objecthunter.exp4j.ExpressionBuilderTest.testValidationDocExample
253,net.objecthunter.exp4j.ExpressionBuilderTest.testExpressionPower
254,net.objecthunter.exp4j.FunctionsTest.testFunctionNameZeroArgs
255,net.objecthunter.exp4j.FunctionsTest.testFunctionNameNull
256,net.objecthunter.exp4j.FunctionsTest.testIllegalFunctionName1
257,net.objecthunter.exp4j.FunctionsTest.testIllegalFunctionName2
258,net.objecthunter.exp4j.FunctionsTest.testIllegalFunctionName3
259,net.objecthunter.exp4j.FunctionsTest.testFunctionNameEmpty
260,net.objecthunter.exp4j.FunctionsTest.testCheckFunctionNames
261,net.objecthunter.exp4j.FunctionsTest.testGetAllowedFunctionChars
262,net.objecthunter.exp4j.FunctionsTest.testFunctionNameNegativeArgs
263,net.objecthunter.exp4j.tokenizer.TokenizerTest.testTokenization10
264,net.objecthunter.exp4j.tokenizer.TokenizerTest.testTokenization11
265,net.objecthunter.exp4j.tokenizer.TokenizerTest.testTokenization12
266,net.objecthunter.exp4j.tokenizer.TokenizerTest.testTokenization13
267,net.objecthunter.exp4j.tokenizer.TokenizerTest.testTokenization14
268,net.objecthunter.exp4j.tokenizer.TokenizerTest.testTokenization15
269,net.objecthunter.exp4j.tokenizer.TokenizerTest.testTokenization16
270,net.objecthunter.exp4j.tokenizer.TokenizerTest.testTokenization17
271,net.objecthunter.exp4j.tokenizer.TokenizerTest.testTokenization18
272,net.objecthunter.exp4j.tokenizer.TokenizerTest.testTokenization19
273,net.objecthunter.exp4j.tokenizer.TokenizerTest.testTokenization20
274,net.objecthunter.exp4j.tokenizer.TokenizerTest.testTokenization21
275,net.objecthunter.exp4j.tokenizer.TokenizerTest.testTokenization22
276,net.objecthunter.exp4j.tokenizer.TokenizerTest.testTokenization1
277,net.objecthunter.exp4j.tokenizer.TokenizerTest.testTokenization2
278,net.objecthunter.exp4j.tokenizer.TokenizerTest.testTokenization3
279,net.objecthunter.exp4j.tokenizer.TokenizerTest.testTokenization4
280,net.objecthunter.exp4j.tokenizer.TokenizerTest.testTokenization5
281,net.objecthunter.exp4j.tokenizer.TokenizerTest.testTokenization6
282,net.objecthunter.exp4j.tokenizer.TokenizerTest.testTokenization7
283,net.objecthunter.exp4j.tokenizer.TokenizerTest.testTokenization8
284,net.objecthunter.exp4j.tokenizer.TokenizerTest.testTokenization9
