1,pt.lighthouselabs.obd.commands.AirIntakeTempObdCommandTest.testValidTemperatureCelsius
2,pt.lighthouselabs.obd.commands.AirIntakeTempObdCommandTest.testValidTemperatureFahrenheit
3,pt.lighthouselabs.obd.commands.AirIntakeTempObdCommandTest.testValidTemperatureZeroCelsius
4,pt.lighthouselabs.obd.exceptions.BusInitExceptionTest.testValidSpeedMetricWithMessage
5,pt.lighthouselabs.obd.commands.DistanceTraveledSinceCodesClearedObdCommandTest.testMaxDistanceValue
6,pt.lighthouselabs.obd.commands.DistanceTraveledSinceCodesClearedObdCommandTest.testMinRuntimeValue
7,pt.lighthouselabs.obd.commands.DistanceTraveledSinceCodesClearedObdCommandTest.testSomeRuntimeValue
8,pt.lighthouselabs.obd.commands.DtcNumberObdCommandTest.testMILOff
9,pt.lighthouselabs.obd.commands.DtcNumberObdCommandTest.testMILOn
10,pt.lighthouselabs.obd.commands.EngineRPMObdCommandTest.testHighRPM
11,pt.lighthouselabs.obd.commands.EngineRPMObdCommandTest.testLowRPM
12,pt.lighthouselabs.obd.commands.EngineRPMObdCommandTest.testMaximumRPMValue
13,pt.lighthouselabs.obd.commands.EngineRuntimeObdCommandTest.testMaxRuntimeValue
14,pt.lighthouselabs.obd.commands.EngineRuntimeObdCommandTest.testMinRuntimeValue
15,pt.lighthouselabs.obd.commands.EngineRuntimeObdCommandTest.testSomeRuntimeValue
16,pt.lighthouselabs.obd.commands.ExtraMessagesTest.testValidSpeedMetricWithMessage
17,pt.lighthouselabs.obd.commands.ExtraMessagesTest.testValidSpeedMetricWithoutMessage
18,pt.lighthouselabs.obd.commands.FindFuelTypeObdCommandTest.testDiesel
19,pt.lighthouselabs.obd.commands.FindFuelTypeObdCommandTest.testFindGasoline
20,pt.lighthouselabs.obd.commands.FindFuelTypeObdCommandTest.testHybridEthanol
21,pt.lighthouselabs.obd.commands.FuelLevelObdCommandTest.testEmptyTank
22,pt.lighthouselabs.obd.commands.FuelLevelObdCommandTest.testFullTank
23,pt.lighthouselabs.obd.commands.FuelLevelObdCommandTest.testSomeValue
24,pt.lighthouselabs.obd.commands.IntakeManifoldPressureObdCommandTest.testValidPressureImperial
25,pt.lighthouselabs.obd.commands.IntakeManifoldPressureObdCommandTest.testValidPressureMetric
26,pt.lighthouselabs.obd.commands.MassAirFlowObdCommandTest.testMaxMAFValue
27,pt.lighthouselabs.obd.commands.MassAirFlowObdCommandTest.testMinMAFValue
28,pt.lighthouselabs.obd.commands.MassAirFlowObdCommandTest.testSomeMAFValue
29,pt.lighthouselabs.obd.exceptions.NoDataExceptionTest.testValidSpeedMetricWithMessage
30,pt.lighthouselabs.obd.exceptions.NonNumericResponseExceptionTest.testValidSpeedMetricWithMessage
31,pt.lighthouselabs.obd.commands.SpeedObdCommandTest.testValidSpeedImperial
32,pt.lighthouselabs.obd.commands.SpeedObdCommandTest.testValidSpeedMetric
33,pt.lighthouselabs.obd.commands.SpeedObdCommandTest.testZeroSpeedMetric
34,pt.lighthouselabs.obd.exceptions.StoppedExceptionTest.testValidSpeedMetricWithMessage
35,pt.lighthouselabs.obd.commands.ThrottleObdCommandTest.testMaxThrottlePositionValue
36,pt.lighthouselabs.obd.commands.ThrottleObdCommandTest.testMinThrottlePositionValue
37,pt.lighthouselabs.obd.commands.ThrottleObdCommandTest.testSomeThrottlePositionValue
38,pt.lighthouselabs.obd.commands.TroubleCodesObdCommandTest.noData
39,pt.lighthouselabs.obd.commands.TroubleCodesObdCommandTest.oneFrameWithThreeDTC
40,pt.lighthouselabs.obd.commands.TroubleCodesObdCommandTest.oneFrameWithTwoDTC
41,pt.lighthouselabs.obd.commands.TroubleCodesObdCommandTest.twoFramesWithFourDTC
42,pt.lighthouselabs.obd.exceptions.UnknownObdErrorExceptionTest.testValidSpeedMetricWithMessage
