1,microsoft.exchange.webservices.data.core.EwsXmlReaderTest.testReadValueWhenCharacterDataIsNullForStartElement
2,microsoft.exchange.webservices.data.core.EwsXmlReaderTest.testReadValueWhenCharacterDataIsNull
3,microsoft.exchange.webservices.data.property.complex.ExtendedPropertyCollectionTest.tryGetValueWithProperInput
4,microsoft.exchange.webservices.data.property.complex.ExtendedPropertyCollectionTest.tryGetValue
5,microsoft.exchange.webservices.data.util.DateTimeUtilsTest.testDateTimeZuluWithPrecision
6,microsoft.exchange.webservices.data.util.DateTimeUtilsTest.testDateOnly
7,microsoft.exchange.webservices.data.util.DateTimeUtilsTest.testDateTime
8,microsoft.exchange.webservices.data.util.DateTimeUtilsTest.testDateZulu
9,microsoft.exchange.webservices.data.util.DateTimeUtilsTest.testDateTimeUtilsConstructor
10,microsoft.exchange.webservices.data.util.DateTimeUtilsTest.testDateTimeWithTimeZoneWithColon
11,microsoft.exchange.webservices.data.util.DateTimeUtilsTest.testDateTimeZuluLowerZ
12,microsoft.exchange.webservices.data.util.DateTimeUtilsTest.testDateTimeEmpty
13,microsoft.exchange.webservices.data.util.DateTimeUtilsTest.testDateOnlyEmpty
14,microsoft.exchange.webservices.data.util.DateTimeUtilsTest.testDateOnlyWithoutTimeZone
15,microsoft.exchange.webservices.data.util.DateTimeUtilsTest.testDateOnlyZuluWithLowerZ
16,microsoft.exchange.webservices.data.util.DateTimeUtilsTest.testDateTimeZuluWithMilliseconds
17,microsoft.exchange.webservices.data.util.DateTimeUtilsTest.testDateTimeWithTimeZone
18,microsoft.exchange.webservices.data.util.DateTimeUtilsTest.testDateOnlyWithTimeZoneWithColon
19,microsoft.exchange.webservices.data.util.DateTimeUtilsTest.testDateOnlyWithTimeZone
20,microsoft.exchange.webservices.data.util.DateTimeUtilsTest.testConvertDateStringToDateBadFormat
21,microsoft.exchange.webservices.data.util.DateTimeUtilsTest.testDateTimeZulu
22,microsoft.exchange.webservices.data.util.DateTimeUtilsTest.testDateOnlyZulu
23,microsoft.exchange.webservices.data.property.complex.EmailAddressTest.testEmailAddressToString
24,microsoft.exchange.webservices.data.sync.ChangeCollectionTest.testAdd
25,microsoft.exchange.webservices.data.sync.ChangeCollectionTest.testGetChangeAtIndexThrowsIndexOutOfBoundException
26,microsoft.exchange.webservices.data.sync.ChangeCollectionTest.testGetChangeAtIndex
27,microsoft.exchange.webservices.data.sync.ChangeCollectionTest.testGetMoreChangesAvailable
28,microsoft.exchange.webservices.data.sync.ChangeCollectionTest.testGetSyncState
29,microsoft.exchange.webservices.data.sync.ChangeCollectionTest.testIterator
30,microsoft.exchange.webservices.data.misc.TimeSpanTest.testTimeSpanToXSDuration
31,microsoft.exchange.webservices.data.property.complex.UniqueBodyTest.testReadAttributesFromXml
32,microsoft.exchange.webservices.data.property.complex.UniqueBodyTest.testToString
33,microsoft.exchange.webservices.data.property.complex.UniqueBodyTest.testWriteAttributesToXml
34,microsoft.exchange.webservices.data.property.complex.UniqueBodyTest.testReadTextValueFromXml
35,microsoft.exchange.webservices.data.property.complex.UniqueBodyTest.testWriteElementsToXml
36,microsoft.exchange.webservices.data.exception.MaximumRedirectionHopsExceededExceptionTest.testMaximumRedirectionHopsExceededException
37,microsoft.exchange.webservices.data.exception.MaximumRedirectionHopsExceededExceptionTest.testMaximumRedirectionHopsExceededExceptionStringException
38,microsoft.exchange.webservices.data.exception.MaximumRedirectionHopsExceededExceptionTest.testMaximumRedirectionHopsExceededExceptionString
39,microsoft.exchange.webservices.data.credential.WSSecurityBasedCredentialsTest.testEmitExtraSoapHeaderNamespaceAliases
40,microsoft.exchange.webservices.data.property.complex.UserConfigurationDictionaryTest.testAddSupportedElementsToDictionary
41,microsoft.exchange.webservices.data.property.complex.UserConfigurationDictionaryTest.testAddUnsupportedElementsToDictionary
42,microsoft.exchange.webservices.data.property.complex.UserConfigurationDictionaryTest.testWriteElementsToXml
43,microsoft.exchange.webservices.data.property.complex.OlsonTimeZoneTest.testOlsonTimeZoneConversion
44,microsoft.exchange.webservices.data.misc.IFunctionsTest.testToLowerCase
45,microsoft.exchange.webservices.data.misc.IFunctionsTest.testDateTimeToXSDateTime
46,microsoft.exchange.webservices.data.misc.IFunctionsTest.testToString
47,microsoft.exchange.webservices.data.misc.IFunctionsTest.testToBoolean
48,microsoft.exchange.webservices.data.misc.IFunctionsTest.testStringToObject
49,microsoft.exchange.webservices.data.misc.IFunctionsTest.testBase64Decoder
50,microsoft.exchange.webservices.data.misc.IFunctionsTest.testBase64Encoder
51,microsoft.exchange.webservices.data.misc.IFunctionsTest.testToUUID
52,microsoft.exchange.webservices.data.exception.InvalidOrUnsupportedTimeZoneDefinitionExceptionTest.testInvalidOrUnsupportedTimeZoneDefinitionExceptionStringException
53,microsoft.exchange.webservices.data.exception.InvalidOrUnsupportedTimeZoneDefinitionExceptionTest.testInvalidOrUnsupportedTimeZoneDefinitionException
54,microsoft.exchange.webservices.data.exception.InvalidOrUnsupportedTimeZoneDefinitionExceptionTest.testInvalidOrUnsupportedTimeZoneDefinitionExceptionString
55,microsoft.exchange.webservices.data.core.LazyMemberTest.testGetMemberMultiThread
56,microsoft.exchange.webservices.data.core.LazyMemberTest.testGetMember
57,microsoft.exchange.webservices.data.core.service.items.TaskTest.testAddMaxDoublePercent
58,microsoft.exchange.webservices.data.core.service.items.TaskTest.testAddNanDoublePercent
59,microsoft.exchange.webservices.data.core.service.items.TaskTest.testDontChangeValueOnException
60,microsoft.exchange.webservices.data.core.service.items.TaskTest.testAddInvalidPercent
61,microsoft.exchange.webservices.data.core.service.items.TaskTest.testInitialValuePercent
62,microsoft.exchange.webservices.data.core.service.items.TaskTest.testAdd100Percent
63,microsoft.exchange.webservices.data.core.service.items.TaskTest.testAddInvalidPercent2
64,microsoft.exchange.webservices.data.core.service.items.TaskTest.testAddZeroPercent
65,microsoft.exchange.webservices.data.core.EwsUtilitiesTest.testParseBigDec
66,microsoft.exchange.webservices.data.core.EwsUtilitiesTest.testParseBigInt
67,microsoft.exchange.webservices.data.core.EwsUtilitiesTest.testParseDouble
68,microsoft.exchange.webservices.data.core.EwsUtilitiesTest.testParseFloat
69,microsoft.exchange.webservices.data.core.EwsUtilitiesTest.testParseShort
70,microsoft.exchange.webservices.data.core.EwsUtilitiesTest.testGetItemTypeFromXmlElementName
71,microsoft.exchange.webservices.data.core.EwsUtilitiesTest.testParseString
72,microsoft.exchange.webservices.data.core.EwsUtilitiesTest.testParseByte
73,microsoft.exchange.webservices.data.core.EwsUtilitiesTest.testParseDate
74,microsoft.exchange.webservices.data.core.EwsUtilitiesTest.testParseLong
75,microsoft.exchange.webservices.data.core.EwsUtilitiesTest.testParseBoolean
76,microsoft.exchange.webservices.data.core.EwsUtilitiesTest.testGetBuildVersion
77,microsoft.exchange.webservices.data.core.EwsUtilitiesTest.testEwsAssert
78,microsoft.exchange.webservices.data.core.EwsUtilitiesTest.testParseInteger
79,microsoft.exchange.webservices.data.core.EwsUtilitiesTest.testParseNullValue
80,microsoft.exchange.webservices.data.util.TimeZoneUtilsTest.testGetMicrosoftTimeZoneNameBad
81,microsoft.exchange.webservices.data.util.TimeZoneUtilsTest.testTimeZoneUtilsConstructor
82,microsoft.exchange.webservices.data.util.TimeZoneUtilsTest.testGetMicrosoftTimeZoneName
83,microsoft.exchange.webservices.data.core.PropertyBagTest.tryGetPropertyType
84,microsoft.exchange.webservices.data.core.PropertyBagTest.testGetObjectFromPropertyDefinition
85,microsoft.exchange.webservices.data.property.complex.ComplexPropertyCollectionTest.testComplexPropertyChangedPositive
86,microsoft.exchange.webservices.data.property.complex.ComplexPropertyCollectionTest.testComplexPropertyChangedNegative
87,microsoft.exchange.webservices.data.autodiscover.request.GetUserSettingsRequestTest.testWriteExtraCustomSoapHeadersToXmlWithoutPartnertoken[0]
88,microsoft.exchange.webservices.data.autodiscover.request.GetUserSettingsRequestTest.testWriteExtraCustomSoapHeadersToXmlWithPartnertoken[0]
89,microsoft.exchange.webservices.data.autodiscover.request.GetUserSettingsRequestTest.testWriteExtraCustomSoapHeadersToXmlWithPartnertoken2[0]
90,microsoft.exchange.webservices.data.autodiscover.request.GetUserSettingsRequestTest.testWriteExtraCustomSoapHeadersToXmlWithoutPartnertoken[1]
91,microsoft.exchange.webservices.data.autodiscover.request.GetUserSettingsRequestTest.testWriteExtraCustomSoapHeadersToXmlWithPartnertoken[1]
92,microsoft.exchange.webservices.data.autodiscover.request.GetUserSettingsRequestTest.testWriteExtraCustomSoapHeadersToXmlWithPartnertoken2[1]
93,microsoft.exchange.webservices.data.autodiscover.request.GetUserSettingsRequestTest.testWriteExtraCustomSoapHeadersToXmlWithoutPartnertoken[2]
94,microsoft.exchange.webservices.data.autodiscover.request.GetUserSettingsRequestTest.testWriteExtraCustomSoapHeadersToXmlWithPartnertoken[2]
95,microsoft.exchange.webservices.data.autodiscover.request.GetUserSettingsRequestTest.testWriteExtraCustomSoapHeadersToXmlWithPartnertoken2[2]
96,microsoft.exchange.webservices.data.autodiscover.request.GetUserSettingsRequestTest.testWriteExtraCustomSoapHeadersToXmlWithoutPartnertoken[3]
97,microsoft.exchange.webservices.data.autodiscover.request.GetUserSettingsRequestTest.testWriteExtraCustomSoapHeadersToXmlWithPartnertoken[3]
98,microsoft.exchange.webservices.data.autodiscover.request.GetUserSettingsRequestTest.testWriteExtraCustomSoapHeadersToXmlWithPartnertoken2[3]
99,microsoft.exchange.webservices.data.property.definition.ByteArrayPropertyDefinitionTest.testToString
