1,NO_COVERAGE
2,NO_COVERAGE
3,NO_COVERAGE
4,NO_COVERAGE
5,NO_COVERAGE
6,NO_COVERAGE
7,NO_COVERAGE
8,NO_COVERAGE
9,NO_COVERAGE
10,NO_COVERAGE
11,NO_COVERAGE
12,NO_COVERAGE
13,NO_COVERAGE
14,NO_COVERAGE
15,NO_COVERAGE
16,NO_COVERAGE
17,NO_COVERAGE
18,NO_COVERAGE
19,NO_COVERAGE
20,NO_COVERAGE
21,NO_COVERAGE
22,NO_COVERAGE
23,NO_COVERAGE
24,NO_COVERAGE
25,NO_COVERAGE
26,NO_COVERAGE
27,NO_COVERAGE
28,NO_COVERAGE
29,NO_COVERAGE
30,NO_COVERAGE
31,NO_COVERAGE
32,NO_COVERAGE
33,NO_COVERAGE
34,NO_COVERAGE
35,NO_COVERAGE
36,NO_COVERAGE
37,NO_COVERAGE
38,NO_COVERAGE
39,NO_COVERAGE
40,NO_COVERAGE
41,NO_COVERAGE
42,NO_COVERAGE
43,NO_COVERAGE
44,NO_COVERAGE
45,NO_COVERAGE
46,NO_COVERAGE
47,NO_COVERAGE
48,NO_COVERAGE
49,NO_COVERAGE
50,NO_COVERAGE
51,NO_COVERAGE
52,NO_COVERAGE
53,NO_COVERAGE
54,NO_COVERAGE
55,NO_COVERAGE
56,NO_COVERAGE
57,NO_COVERAGE
58,NO_COVERAGE
59,NO_COVERAGE
60,NO_COVERAGE
61,NO_COVERAGE
62,NO_COVERAGE
63,NO_COVERAGE
64,NO_COVERAGE
65,NO_COVERAGE
66,NO_COVERAGE
67,NO_COVERAGE
68,NO_COVERAGE
69,NO_COVERAGE
70,NO_COVERAGE
71,NO_COVERAGE
72,NO_COVERAGE
73,NO_COVERAGE
74,NO_COVERAGE
75,NO_COVERAGE
76,NO_COVERAGE
77,NO_COVERAGE
78,NO_COVERAGE
79,NO_COVERAGE
80,NO_COVERAGE
81,NO_COVERAGE
82,NO_COVERAGE
83,NO_COVERAGE
84,NO_COVERAGE
85,NO_COVERAGE
86,NO_COVERAGE
87,NO_COVERAGE
88,NO_COVERAGE
89,NO_COVERAGE
90,NO_COVERAGE
91,NO_COVERAGE
92,NO_COVERAGE
93,NO_COVERAGE
94,NO_COVERAGE
95,NO_COVERAGE
96,NO_COVERAGE
97,NO_COVERAGE
98,NO_COVERAGE
99,NO_COVERAGE
100,NO_COVERAGE
101,NO_COVERAGE
102,NO_COVERAGE
103,NO_COVERAGE
104,NO_COVERAGE
105,NO_COVERAGE
106,NO_COVERAGE
107,NO_COVERAGE
108,NO_COVERAGE
109,NO_COVERAGE
110,NO_COVERAGE
111,NO_COVERAGE
112,NO_COVERAGE
113,NO_COVERAGE
114,NO_COVERAGE
115,NO_COVERAGE
116,NO_COVERAGE
117,NO_COVERAGE
118,NO_COVERAGE
119,NO_COVERAGE
120,NO_COVERAGE
121,NO_COVERAGE
122,NO_COVERAGE
123,NO_COVERAGE
124,NO_COVERAGE
125,NO_COVERAGE
126,NO_COVERAGE
127,NO_COVERAGE
128,NO_COVERAGE
129,NO_COVERAGE
130,NO_COVERAGE
131,NO_COVERAGE
132,NO_COVERAGE
133,NO_COVERAGE
134,NO_COVERAGE
135,NO_COVERAGE
136,NO_COVERAGE
137,NO_COVERAGE
138,NO_COVERAGE
139,NO_COVERAGE
140,NO_COVERAGE
141,NO_COVERAGE
142,NO_COVERAGE
143,NO_COVERAGE
144,NO_COVERAGE
145,NO_COVERAGE
146,NO_COVERAGE
147,NO_COVERAGE
148,NO_COVERAGE
149,NO_COVERAGE
150,NO_COVERAGE
151,NO_COVERAGE
152,NO_COVERAGE
153,NO_COVERAGE
154,NO_COVERAGE
155,NO_COVERAGE
156,NO_COVERAGE
157,NO_COVERAGE
158,NO_COVERAGE
159,NO_COVERAGE
160,NO_COVERAGE
161,NO_COVERAGE
162,NO_COVERAGE
163,NO_COVERAGE
164,NO_COVERAGE
165,NO_COVERAGE
166,NO_COVERAGE
167,NO_COVERAGE
168,NO_COVERAGE
169,NO_COVERAGE
170,NO_COVERAGE
171,NO_COVERAGE
172,NO_COVERAGE
173,NO_COVERAGE
174,NO_COVERAGE
175,NO_COVERAGE
176,NO_COVERAGE
177,NO_COVERAGE
178,NO_COVERAGE
179,NO_COVERAGE
180,NO_COVERAGE
181,NO_COVERAGE
182,NO_COVERAGE
183,NO_COVERAGE
184,NO_COVERAGE
185,NO_COVERAGE
186,NO_COVERAGE
187,NO_COVERAGE
188,NO_COVERAGE
189,NO_COVERAGE
190,NO_COVERAGE
191,NO_COVERAGE
192,NO_COVERAGE
193,NO_COVERAGE
194,NO_COVERAGE
195,NO_COVERAGE
196,NO_COVERAGE
197,NO_COVERAGE
198,NO_COVERAGE
199,NO_COVERAGE
200,NO_COVERAGE
201,NO_COVERAGE
202,NO_COVERAGE
203,NO_COVERAGE
204,NO_COVERAGE
205,NO_COVERAGE
206,NO_COVERAGE
207,NO_COVERAGE
208,NO_COVERAGE
209,NO_COVERAGE
210,NO_COVERAGE
211,NO_COVERAGE
212,NO_COVERAGE
213,NO_COVERAGE
214,NO_COVERAGE
215,NO_COVERAGE
216,NO_COVERAGE
217,NO_COVERAGE
218,NO_COVERAGE
219,NO_COVERAGE
220,NO_COVERAGE
221,NO_COVERAGE
222,NO_COVERAGE
223,NO_COVERAGE
224,NO_COVERAGE
225,NO_COVERAGE
226,NO_COVERAGE
227,NO_COVERAGE
228,NO_COVERAGE
229,NO_COVERAGE
230,NO_COVERAGE
231,NO_COVERAGE
232,NO_COVERAGE
233,NO_COVERAGE
234,NO_COVERAGE
235,NO_COVERAGE
236,NO_COVERAGE
237,NO_COVERAGE
238,NO_COVERAGE
239,NO_COVERAGE
240,NO_COVERAGE
241,NO_COVERAGE
242,NO_COVERAGE
243,NO_COVERAGE
244,NO_COVERAGE
245,NO_COVERAGE
246,NO_COVERAGE
247,NO_COVERAGE
248,NO_COVERAGE
249,NO_COVERAGE
250,NO_COVERAGE
251,NO_COVERAGE
252,NO_COVERAGE
253,NO_COVERAGE
254,NO_COVERAGE
255,NO_COVERAGE
256,NO_COVERAGE
257,NO_COVERAGE
258,NO_COVERAGE
259,NO_COVERAGE
260,NO_COVERAGE
261,NO_COVERAGE
262,NO_COVERAGE
263,NO_COVERAGE
264,NO_COVERAGE
265,NO_COVERAGE
266,NO_COVERAGE
267,NO_COVERAGE
268,NO_COVERAGE
269,NO_COVERAGE
270,NO_COVERAGE
271,NO_COVERAGE
272,NO_COVERAGE
273,NO_COVERAGE
274,NO_COVERAGE
275,NO_COVERAGE
276,NO_COVERAGE
277,NO_COVERAGE
278,NO_COVERAGE
279,NO_COVERAGE
280,NO_COVERAGE
281,NO_COVERAGE
282,NO_COVERAGE
283,NO_COVERAGE
284,NO_COVERAGE
285,NO_COVERAGE
286,NO_COVERAGE
287,NO_COVERAGE
288,NO_COVERAGE
289,NO_COVERAGE
290,NO_COVERAGE
291,NO_COVERAGE
292,NO_COVERAGE
293,NO_COVERAGE
294,NO_COVERAGE
295,NO_COVERAGE
296,NO_COVERAGE
297,NO_COVERAGE
298,NO_COVERAGE
299,NO_COVERAGE
300,NO_COVERAGE
301,NO_COVERAGE
302,NO_COVERAGE
303,NO_COVERAGE
304,NO_COVERAGE
305,NO_COVERAGE
306,NO_COVERAGE
307,NO_COVERAGE
308,NO_COVERAGE
309,NO_COVERAGE
310,NO_COVERAGE
311,NO_COVERAGE
312,NO_COVERAGE
313,NO_COVERAGE
314,NO_COVERAGE
315,NO_COVERAGE
316,NO_COVERAGE
317,NO_COVERAGE
318,NO_COVERAGE
319,NO_COVERAGE
320,NO_COVERAGE
321,NO_COVERAGE
322,NO_COVERAGE
323,NO_COVERAGE
324,NO_COVERAGE
325,NO_COVERAGE
326,NO_COVERAGE
327,NO_COVERAGE
328,NO_COVERAGE
329,NO_COVERAGE
330,NO_COVERAGE
331,NO_COVERAGE
332,NO_COVERAGE
333,NO_COVERAGE
334,NO_COVERAGE
335,NO_COVERAGE
336,NO_COVERAGE
337,NO_COVERAGE
338,NO_COVERAGE
339,NO_COVERAGE
340,NO_COVERAGE
341,NO_COVERAGE
342,NO_COVERAGE
343,NO_COVERAGE
344,NO_COVERAGE
345,NO_COVERAGE
346,NO_COVERAGE
347,NO_COVERAGE
348,NO_COVERAGE
349,NO_COVERAGE
350,NO_COVERAGE
351,NO_COVERAGE
352,NO_COVERAGE
353,NO_COVERAGE
354,NO_COVERAGE
355,NO_COVERAGE
356,NO_COVERAGE
357,NO_COVERAGE
358,NO_COVERAGE
359,NO_COVERAGE
360,NO_COVERAGE
361,NO_COVERAGE
362,NO_COVERAGE
363,NO_COVERAGE
364,NO_COVERAGE
365,NO_COVERAGE
366,NO_COVERAGE
367,NO_COVERAGE
368,NO_COVERAGE
369,NO_COVERAGE
370,NO_COVERAGE
371,NO_COVERAGE
372,NO_COVERAGE
373,NO_COVERAGE
374,NO_COVERAGE
375,NO_COVERAGE
376,NO_COVERAGE
377,NO_COVERAGE
378,NO_COVERAGE
379,NO_COVERAGE
380,NO_COVERAGE
381,NO_COVERAGE
382,NO_COVERAGE
383,NO_COVERAGE
384,NO_COVERAGE
385,NO_COVERAGE
386,NO_COVERAGE
387,NO_COVERAGE
388,NO_COVERAGE
389,NO_COVERAGE
390,NO_COVERAGE
391,NO_COVERAGE
392,NO_COVERAGE
393,NO_COVERAGE
394,NO_COVERAGE
395,NO_COVERAGE
396,NO_COVERAGE
397,NO_COVERAGE
398,NO_COVERAGE
399,NO_COVERAGE
400,NO_COVERAGE
401,NO_COVERAGE
402,NO_COVERAGE
403,NO_COVERAGE
404,NO_COVERAGE
405,NO_COVERAGE
406,NO_COVERAGE
407,NO_COVERAGE
408,NO_COVERAGE
409,NO_COVERAGE
410,NO_COVERAGE
411,NO_COVERAGE
412,NO_COVERAGE
413,NO_COVERAGE
414,NO_COVERAGE
415,NO_COVERAGE
416,NO_COVERAGE
417,NO_COVERAGE
418,NO_COVERAGE
419,NO_COVERAGE
420,NO_COVERAGE
421,NO_COVERAGE
422,NO_COVERAGE
423,NO_COVERAGE
424,NO_COVERAGE
425,NO_COVERAGE
426,NO_COVERAGE
427,NO_COVERAGE
428,NO_COVERAGE
429,NO_COVERAGE
430,NO_COVERAGE
431,NO_COVERAGE
432,NO_COVERAGE
433,NO_COVERAGE
434,NO_COVERAGE
435,NO_COVERAGE
436,NO_COVERAGE
437,NO_COVERAGE
438,NO_COVERAGE
439,NO_COVERAGE
440,NO_COVERAGE
441,NO_COVERAGE
442,NO_COVERAGE
443,NO_COVERAGE
444,NO_COVERAGE
445,NO_COVERAGE
446,NO_COVERAGE
447,NO_COVERAGE
448,NO_COVERAGE
449,NO_COVERAGE
450,NO_COVERAGE
451,NO_COVERAGE
452,NO_COVERAGE
453,NO_COVERAGE
454,NO_COVERAGE
455,NO_COVERAGE
456,NO_COVERAGE
457,NO_COVERAGE
458,NO_COVERAGE
459,NO_COVERAGE
460,NO_COVERAGE
461,NO_COVERAGE
462,NO_COVERAGE
463,NO_COVERAGE
464,NO_COVERAGE
465,NO_COVERAGE
466,NO_COVERAGE
467,NO_COVERAGE
468,NO_COVERAGE
469,NO_COVERAGE
470,NO_COVERAGE
471,NO_COVERAGE
472,NO_COVERAGE
473,NO_COVERAGE
474,NO_COVERAGE
475,NO_COVERAGE
476,NO_COVERAGE
477,NO_COVERAGE
478,NO_COVERAGE
479,NO_COVERAGE
480,NO_COVERAGE
481,NO_COVERAGE
482,NO_COVERAGE
483,NO_COVERAGE
484,NO_COVERAGE
485,NO_COVERAGE
486,NO_COVERAGE
487,NO_COVERAGE
488,NO_COVERAGE
489,NO_COVERAGE
490,NO_COVERAGE
491,NO_COVERAGE
492,NO_COVERAGE
493,NO_COVERAGE
494,NO_COVERAGE
495,NO_COVERAGE
496,NO_COVERAGE
497,NO_COVERAGE
498,NO_COVERAGE
499,NO_COVERAGE
500,NO_COVERAGE
501,NO_COVERAGE
502,NO_COVERAGE
503,NO_COVERAGE
504,NO_COVERAGE
505,NO_COVERAGE
506,NO_COVERAGE
507,NO_COVERAGE
508,NO_COVERAGE
509,NO_COVERAGE
510,NO_COVERAGE
511,NO_COVERAGE
512,NO_COVERAGE
513,NO_COVERAGE
514,NO_COVERAGE
515,NO_COVERAGE
516,NO_COVERAGE
517,NO_COVERAGE
518,NO_COVERAGE
519,NO_COVERAGE
520,KILLED,1
521,KILLED,1
522,KILLED,1
523,KILLED,1
524,SURVIVED
525,SURVIVED
526,SURVIVED
527,NO_COVERAGE
528,NO_COVERAGE
529,NO_COVERAGE
530,NO_COVERAGE
531,NO_COVERAGE
532,NO_COVERAGE
533,NO_COVERAGE
534,NO_COVERAGE
535,NO_COVERAGE
536,NO_COVERAGE
537,NO_COVERAGE
538,NO_COVERAGE
539,NO_COVERAGE
540,NO_COVERAGE
541,NO_COVERAGE
542,NO_COVERAGE
543,NO_COVERAGE
544,NO_COVERAGE
545,NO_COVERAGE
546,NO_COVERAGE
547,NO_COVERAGE
548,NO_COVERAGE
549,NO_COVERAGE
550,NO_COVERAGE
551,NO_COVERAGE
552,NO_COVERAGE
553,NO_COVERAGE
554,NO_COVERAGE
555,NO_COVERAGE
556,NO_COVERAGE
557,NO_COVERAGE
558,NO_COVERAGE
559,NO_COVERAGE
560,NO_COVERAGE
561,NO_COVERAGE
562,NO_COVERAGE
563,NO_COVERAGE
564,NO_COVERAGE
565,NO_COVERAGE
566,NO_COVERAGE
567,NO_COVERAGE
568,NO_COVERAGE
569,NO_COVERAGE
570,NO_COVERAGE
571,NO_COVERAGE
572,NO_COVERAGE
573,NO_COVERAGE
574,NO_COVERAGE
575,NO_COVERAGE
576,NO_COVERAGE
577,NO_COVERAGE
578,NO_COVERAGE
579,NO_COVERAGE
580,NO_COVERAGE
581,NO_COVERAGE
582,NO_COVERAGE
583,NO_COVERAGE
584,NO_COVERAGE
585,NO_COVERAGE
586,NO_COVERAGE
587,NO_COVERAGE
588,NO_COVERAGE
589,NO_COVERAGE
590,NO_COVERAGE
591,NO_COVERAGE
592,NO_COVERAGE
593,NO_COVERAGE
594,NO_COVERAGE
595,NO_COVERAGE
596,NO_COVERAGE
597,NO_COVERAGE
598,NO_COVERAGE
599,NO_COVERAGE
600,NO_COVERAGE
601,NO_COVERAGE
602,NO_COVERAGE
603,NO_COVERAGE
604,NO_COVERAGE
605,NO_COVERAGE
606,NO_COVERAGE
607,NO_COVERAGE
608,NO_COVERAGE
609,NO_COVERAGE
610,NO_COVERAGE
611,NO_COVERAGE
612,NO_COVERAGE
613,NO_COVERAGE
614,NO_COVERAGE
615,NO_COVERAGE
616,NO_COVERAGE
617,NO_COVERAGE
618,NO_COVERAGE
619,NO_COVERAGE
620,NO_COVERAGE
621,NO_COVERAGE
622,NO_COVERAGE
623,NO_COVERAGE
624,NO_COVERAGE
625,NO_COVERAGE
626,NO_COVERAGE
627,NO_COVERAGE
628,NO_COVERAGE
629,NO_COVERAGE
630,NO_COVERAGE
631,NO_COVERAGE
632,NO_COVERAGE
633,NO_COVERAGE
634,NO_COVERAGE
635,NO_COVERAGE
636,NO_COVERAGE
637,NO_COVERAGE
638,NO_COVERAGE
639,NO_COVERAGE
640,NO_COVERAGE
641,NO_COVERAGE
642,NO_COVERAGE
643,NO_COVERAGE
644,NO_COVERAGE
645,NO_COVERAGE
646,NO_COVERAGE
647,NO_COVERAGE
648,NO_COVERAGE
649,NO_COVERAGE
650,NO_COVERAGE
651,NO_COVERAGE
652,NO_COVERAGE
653,NO_COVERAGE
654,NO_COVERAGE
655,NO_COVERAGE
656,NO_COVERAGE
657,NO_COVERAGE
658,NO_COVERAGE
659,NO_COVERAGE
660,NO_COVERAGE
661,NO_COVERAGE
662,NO_COVERAGE
663,NO_COVERAGE
664,NO_COVERAGE
665,NO_COVERAGE
666,NO_COVERAGE
667,NO_COVERAGE
668,NO_COVERAGE
669,NO_COVERAGE
670,NO_COVERAGE
671,NO_COVERAGE
672,NO_COVERAGE
673,NO_COVERAGE
674,NO_COVERAGE
675,NO_COVERAGE
676,NO_COVERAGE
677,NO_COVERAGE
678,NO_COVERAGE
679,NO_COVERAGE
680,NO_COVERAGE
681,NO_COVERAGE
682,NO_COVERAGE
683,NO_COVERAGE
684,NO_COVERAGE
685,NO_COVERAGE
686,NO_COVERAGE
687,NO_COVERAGE
688,NO_COVERAGE
689,NO_COVERAGE
690,NO_COVERAGE
691,NO_COVERAGE
692,NO_COVERAGE
693,NO_COVERAGE
694,NO_COVERAGE
695,NO_COVERAGE
696,NO_COVERAGE
697,NO_COVERAGE
698,NO_COVERAGE
699,NO_COVERAGE
700,NO_COVERAGE
701,NO_COVERAGE
702,NO_COVERAGE
703,NO_COVERAGE
704,NO_COVERAGE
705,NO_COVERAGE
706,NO_COVERAGE
707,NO_COVERAGE
708,NO_COVERAGE
709,NO_COVERAGE
710,NO_COVERAGE
711,NO_COVERAGE
712,NO_COVERAGE
713,NO_COVERAGE
714,NO_COVERAGE
715,NO_COVERAGE
716,NO_COVERAGE
717,NO_COVERAGE
718,NO_COVERAGE
719,NO_COVERAGE
720,NO_COVERAGE
721,NO_COVERAGE
722,NO_COVERAGE
723,NO_COVERAGE
724,NO_COVERAGE
725,NO_COVERAGE
726,NO_COVERAGE
727,NO_COVERAGE
728,NO_COVERAGE
729,NO_COVERAGE
730,NO_COVERAGE
731,NO_COVERAGE
732,NO_COVERAGE
733,NO_COVERAGE
734,NO_COVERAGE
735,NO_COVERAGE
736,NO_COVERAGE
737,NO_COVERAGE
738,NO_COVERAGE
739,NO_COVERAGE
740,NO_COVERAGE
741,NO_COVERAGE
742,NO_COVERAGE
743,NO_COVERAGE
744,NO_COVERAGE
745,NO_COVERAGE
746,NO_COVERAGE
747,NO_COVERAGE
748,NO_COVERAGE
749,NO_COVERAGE
750,NO_COVERAGE
751,NO_COVERAGE
752,NO_COVERAGE
753,NO_COVERAGE
754,NO_COVERAGE
755,NO_COVERAGE
756,NO_COVERAGE
757,NO_COVERAGE
758,NO_COVERAGE
759,NO_COVERAGE
760,NO_COVERAGE
761,NO_COVERAGE
762,NO_COVERAGE
763,NO_COVERAGE
764,NO_COVERAGE
765,NO_COVERAGE
766,NO_COVERAGE
767,NO_COVERAGE
768,NO_COVERAGE
769,NO_COVERAGE
770,NO_COVERAGE
771,NO_COVERAGE
772,NO_COVERAGE
773,NO_COVERAGE
774,NO_COVERAGE
775,NO_COVERAGE
776,NO_COVERAGE
777,NO_COVERAGE
778,NO_COVERAGE
779,NO_COVERAGE
780,NO_COVERAGE
781,NO_COVERAGE
782,NO_COVERAGE
783,NO_COVERAGE
784,NO_COVERAGE
785,NO_COVERAGE
786,NO_COVERAGE
787,NO_COVERAGE
788,NO_COVERAGE
789,NO_COVERAGE
790,NO_COVERAGE
791,NO_COVERAGE
792,NO_COVERAGE
793,NO_COVERAGE
794,NO_COVERAGE
795,NO_COVERAGE
796,NO_COVERAGE
797,NO_COVERAGE
798,NO_COVERAGE
799,NO_COVERAGE
800,NO_COVERAGE
801,NO_COVERAGE
802,NO_COVERAGE
803,NO_COVERAGE
804,NO_COVERAGE
805,NO_COVERAGE
806,NO_COVERAGE
807,NO_COVERAGE
808,NO_COVERAGE
809,NO_COVERAGE
810,NO_COVERAGE
811,NO_COVERAGE
812,NO_COVERAGE
813,NO_COVERAGE
814,NO_COVERAGE
815,NO_COVERAGE
816,NO_COVERAGE
817,NO_COVERAGE
818,NO_COVERAGE
819,NO_COVERAGE
820,NO_COVERAGE
821,NO_COVERAGE
822,NO_COVERAGE
823,NO_COVERAGE
824,NO_COVERAGE
825,NO_COVERAGE
826,NO_COVERAGE
827,NO_COVERAGE
828,NO_COVERAGE
829,NO_COVERAGE
830,NO_COVERAGE
831,NO_COVERAGE
832,NO_COVERAGE
833,NO_COVERAGE
834,NO_COVERAGE
835,NO_COVERAGE
836,NO_COVERAGE
837,NO_COVERAGE
838,NO_COVERAGE
839,NO_COVERAGE
840,NO_COVERAGE
841,NO_COVERAGE
842,NO_COVERAGE
843,NO_COVERAGE
844,NO_COVERAGE
845,NO_COVERAGE
846,NO_COVERAGE
847,NO_COVERAGE
848,NO_COVERAGE
849,NO_COVERAGE
850,NO_COVERAGE
851,NO_COVERAGE
852,NO_COVERAGE
853,NO_COVERAGE
854,NO_COVERAGE
855,NO_COVERAGE
856,NO_COVERAGE
857,NO_COVERAGE
858,NO_COVERAGE
859,NO_COVERAGE
860,NO_COVERAGE
861,NO_COVERAGE
862,NO_COVERAGE
863,NO_COVERAGE
864,NO_COVERAGE
865,NO_COVERAGE
866,NO_COVERAGE
867,NO_COVERAGE
868,NO_COVERAGE
869,NO_COVERAGE
870,NO_COVERAGE
871,NO_COVERAGE
872,NO_COVERAGE
873,NO_COVERAGE
874,NO_COVERAGE
875,SURVIVED
876,KILLED,3,2
877,KILLED,3,2
878,KILLED,3,2
879,SURVIVED
880,KILLED,3
881,SURVIVED
882,SURVIVED
883,KILLED,3,2
884,SURVIVED
885,KILLED,3,2
886,SURVIVED
887,NO_COVERAGE
888,NO_COVERAGE
889,KILLED,3,2
890,SURVIVED
891,SURVIVED
892,SURVIVED
893,SURVIVED
894,SURVIVED
895,SURVIVED
896,KILLED,3,2
897,KILLED,3,2
898,KILLED,3,2
899,KILLED,3,2
900,KILLED,3,2
901,KILLED,3,2
902,KILLED,3,2
903,KILLED,3,2
904,NO_COVERAGE
905,NO_COVERAGE
906,NO_COVERAGE
907,NO_COVERAGE
908,NO_COVERAGE
909,NO_COVERAGE
910,KILLED,3,2
911,KILLED,3,2
912,KILLED,3,2
913,KILLED,3,2
914,KILLED,3,2
915,KILLED,3,2
916,KILLED,3,2
917,SURVIVED
918,KILLED,3,2
919,KILLED,3,2
920,KILLED,3,2
921,KILLED,3,2
922,KILLED,3,2
923,SURVIVED
924,KILLED,3,2
925,SURVIVED
926,SURVIVED
927,KILLED,3
928,KILLED,3
929,KILLED,3
930,KILLED,3
931,KILLED,3
932,NO_COVERAGE
933,KILLED,3
934,NO_COVERAGE
935,NO_COVERAGE
936,KILLED,3
937,KILLED,3
938,KILLED,3
939,KILLED,3
940,KILLED,3
941,KILLED,3
942,SURVIVED
943,KILLED,3
944,KILLED,3
945,KILLED,3
946,KILLED,3
947,KILLED,3
948,KILLED,3
949,KILLED,3
950,KILLED,3
951,KILLED,3
952,SURVIVED
953,KILLED,3
954,KILLED,3
955,KILLED,3
956,KILLED,3
957,KILLED,3
958,KILLED,3
959,KILLED,3
960,KILLED,3
961,KILLED,3
962,KILLED,3
963,KILLED,3
964,KILLED,3
965,KILLED,3
966,KILLED,3
967,KILLED,3
968,KILLED,3
969,KILLED,3
970,KILLED,3
971,KILLED,3
972,KILLED,3
973,KILLED,3
974,SURVIVED
975,NO_COVERAGE
976,NO_COVERAGE
977,NO_COVERAGE
978,NO_COVERAGE
979,NO_COVERAGE
980,KILLED,3
981,KILLED,3
982,SURVIVED
983,KILLED,3
984,KILLED,3
985,KILLED,3
986,KILLED,3
987,KILLED,3
988,KILLED,3
989,SURVIVED
990,SURVIVED
991,KILLED,3
992,KILLED,3
993,KILLED,3
994,KILLED,3
995,KILLED,3
996,KILLED,3
997,KILLED,3
998,SURVIVED
999,KILLED,3
1000,KILLED,3
1001,KILLED,3
1002,NO_COVERAGE
1003,TIMED_OUT
1004,KILLED,3,2
1005,KILLED,3,2
1006,KILLED,3,2
1007,KILLED,3,2
1008,KILLED,3,2
1009,KILLED,3,2
1010,KILLED,3,2
1011,KILLED,3,2
1012,KILLED,3,2
1013,KILLED,3,2
1014,TIMED_OUT
1015,KILLED,3,2
1016,KILLED,3,2
1017,KILLED,3,2
1018,KILLED,3,2
1019,NO_COVERAGE
1020,KILLED,3,2
1021,KILLED,3,2
1022,SURVIVED
1023,SURVIVED
1024,KILLED,3,2
1025,SURVIVED
1026,KILLED,3,2
1027,KILLED,2
1028,SURVIVED
1029,SURVIVED
1030,SURVIVED
1031,KILLED,2
1032,KILLED,3,2
1033,KILLED,3,2
1034,KILLED,3,2
1035,KILLED,3,2
1036,KILLED,3,2
1037,KILLED,3,2
1038,KILLED,3,2
1039,KILLED,3,2
1040,KILLED,3,2
1041,KILLED,3,2
1042,KILLED,3,2
1043,KILLED,3,2
1044,KILLED,3,2
1045,KILLED,3,2
1046,SURVIVED
1047,KILLED,3,2
1048,SURVIVED
1049,KILLED,3,2
1050,NO_COVERAGE
1051,SURVIVED
1052,KILLED,3,2
1053,KILLED,3,2
1054,SURVIVED
1055,SURVIVED
1056,KILLED,3,2
1057,KILLED,2
1058,SURVIVED
1059,KILLED,3,2
1060,SURVIVED
1061,SURVIVED
1062,KILLED,3,2
1063,SURVIVED
1064,SURVIVED
1065,SURVIVED
1066,KILLED,3,2
1067,SURVIVED
1068,SURVIVED
1069,KILLED,3,2
1070,NO_COVERAGE
1071,NO_COVERAGE
1072,NO_COVERAGE
1073,NO_COVERAGE
1074,NO_COVERAGE
1075,NO_COVERAGE
1076,NO_COVERAGE
1077,NO_COVERAGE
1078,NO_COVERAGE
1079,NO_COVERAGE
1080,NO_COVERAGE
1081,NO_COVERAGE
1082,NO_COVERAGE
1083,NO_COVERAGE
1084,NO_COVERAGE
1085,NO_COVERAGE
1086,NO_COVERAGE
1087,NO_COVERAGE
1088,NO_COVERAGE
1089,NO_COVERAGE
1090,NO_COVERAGE
1091,NO_COVERAGE
1092,NO_COVERAGE
1093,NO_COVERAGE
1094,NO_COVERAGE
1095,NO_COVERAGE
1096,NO_COVERAGE
1097,NO_COVERAGE
1098,NO_COVERAGE
1099,NO_COVERAGE
1100,NO_COVERAGE
1101,NO_COVERAGE
1102,NO_COVERAGE
1103,NO_COVERAGE
1104,NO_COVERAGE
1105,NO_COVERAGE
1106,NO_COVERAGE
1107,NO_COVERAGE
1108,NO_COVERAGE
1109,NO_COVERAGE
1110,NO_COVERAGE
1111,NO_COVERAGE
1112,NO_COVERAGE
1113,NO_COVERAGE
1114,NO_COVERAGE
1115,NO_COVERAGE
1116,NO_COVERAGE
1117,NO_COVERAGE
1118,NO_COVERAGE
1119,NO_COVERAGE
1120,NO_COVERAGE
1121,NO_COVERAGE
1122,NO_COVERAGE
1123,NO_COVERAGE
1124,NO_COVERAGE
1125,NO_COVERAGE
1126,NO_COVERAGE
1127,NO_COVERAGE
1128,NO_COVERAGE
1129,NO_COVERAGE
1130,NO_COVERAGE
1131,NO_COVERAGE
1132,NO_COVERAGE
1133,NO_COVERAGE
1134,NO_COVERAGE
1135,NO_COVERAGE
1136,NO_COVERAGE
1137,NO_COVERAGE
1138,NO_COVERAGE
1139,NO_COVERAGE
1140,NO_COVERAGE
1141,NO_COVERAGE
1142,NO_COVERAGE
1143,NO_COVERAGE
1144,NO_COVERAGE
1145,NO_COVERAGE
1146,NO_COVERAGE
1147,NO_COVERAGE
1148,NO_COVERAGE
1149,NO_COVERAGE
1150,NO_COVERAGE
1151,NO_COVERAGE
1152,NO_COVERAGE
1153,NO_COVERAGE
1154,NO_COVERAGE
1155,NO_COVERAGE
1156,NO_COVERAGE
1157,NO_COVERAGE
1158,NO_COVERAGE
1159,NO_COVERAGE
1160,NO_COVERAGE
1161,NO_COVERAGE
1162,NO_COVERAGE
1163,NO_COVERAGE
1164,NO_COVERAGE
1165,NO_COVERAGE
1166,NO_COVERAGE
1167,NO_COVERAGE
1168,NO_COVERAGE
1169,NO_COVERAGE
1170,NO_COVERAGE
1171,NO_COVERAGE
1172,NO_COVERAGE
1173,NO_COVERAGE
1174,NO_COVERAGE
1175,NO_COVERAGE
1176,NO_COVERAGE
1177,NO_COVERAGE
1178,NO_COVERAGE
1179,NO_COVERAGE
1180,NO_COVERAGE
1181,NO_COVERAGE
1182,NO_COVERAGE
1183,NO_COVERAGE
1184,NO_COVERAGE
1185,NO_COVERAGE
1186,NO_COVERAGE
1187,NO_COVERAGE
1188,NO_COVERAGE
1189,NO_COVERAGE
1190,NO_COVERAGE
1191,NO_COVERAGE
1192,NO_COVERAGE
1193,NO_COVERAGE
1194,NO_COVERAGE
1195,NO_COVERAGE
1196,NO_COVERAGE
1197,NO_COVERAGE
1198,NO_COVERAGE
1199,NO_COVERAGE
1200,NO_COVERAGE
1201,NO_COVERAGE
1202,NO_COVERAGE
1203,NO_COVERAGE
1204,NO_COVERAGE
1205,NO_COVERAGE
1206,NO_COVERAGE
1207,NO_COVERAGE
1208,NO_COVERAGE
1209,NO_COVERAGE
1210,NO_COVERAGE
1211,NO_COVERAGE
1212,NO_COVERAGE
1213,NO_COVERAGE
1214,NO_COVERAGE
1215,NO_COVERAGE
1216,NO_COVERAGE
1217,NO_COVERAGE
1218,NO_COVERAGE
1219,NO_COVERAGE
1220,NO_COVERAGE
1221,NO_COVERAGE
1222,NO_COVERAGE
1223,NO_COVERAGE
1224,NO_COVERAGE
1225,NO_COVERAGE
1226,NO_COVERAGE
1227,NO_COVERAGE
1228,NO_COVERAGE
1229,NO_COVERAGE
1230,NO_COVERAGE
1231,NO_COVERAGE
1232,NO_COVERAGE
1233,NO_COVERAGE
1234,NO_COVERAGE
1235,NO_COVERAGE
1236,NO_COVERAGE
1237,NO_COVERAGE
1238,NO_COVERAGE
1239,NO_COVERAGE
1240,NO_COVERAGE
1241,NO_COVERAGE
1242,NO_COVERAGE
1243,NO_COVERAGE
1244,NO_COVERAGE
1245,NO_COVERAGE
1246,NO_COVERAGE
1247,NO_COVERAGE
1248,NO_COVERAGE
1249,NO_COVERAGE
1250,NO_COVERAGE
1251,NO_COVERAGE
1252,NO_COVERAGE
1253,NO_COVERAGE
1254,NO_COVERAGE
1255,NO_COVERAGE
1256,NO_COVERAGE
1257,NO_COVERAGE
1258,NO_COVERAGE
1259,NO_COVERAGE
1260,NO_COVERAGE
1261,NO_COVERAGE
1262,NO_COVERAGE
1263,NO_COVERAGE
1264,NO_COVERAGE
1265,NO_COVERAGE
1266,NO_COVERAGE
1267,NO_COVERAGE
1268,NO_COVERAGE
1269,NO_COVERAGE
1270,NO_COVERAGE
1271,NO_COVERAGE
1272,NO_COVERAGE
1273,NO_COVERAGE
1274,NO_COVERAGE
1275,NO_COVERAGE
1276,NO_COVERAGE
1277,NO_COVERAGE
1278,NO_COVERAGE
1279,NO_COVERAGE
1280,NO_COVERAGE
1281,NO_COVERAGE
1282,NO_COVERAGE
1283,NO_COVERAGE
1284,NO_COVERAGE
1285,NO_COVERAGE
1286,NO_COVERAGE
1287,NO_COVERAGE
1288,NO_COVERAGE
1289,NO_COVERAGE
1290,NO_COVERAGE
1291,NO_COVERAGE
1292,NO_COVERAGE
1293,NO_COVERAGE
1294,NO_COVERAGE
1295,NO_COVERAGE
1296,NO_COVERAGE
1297,NO_COVERAGE
1298,NO_COVERAGE
1299,NO_COVERAGE
1300,NO_COVERAGE
1301,NO_COVERAGE
1302,NO_COVERAGE
1303,NO_COVERAGE
1304,NO_COVERAGE
1305,NO_COVERAGE
1306,NO_COVERAGE
1307,NO_COVERAGE
1308,NO_COVERAGE
1309,NO_COVERAGE
1310,NO_COVERAGE
1311,NO_COVERAGE
1312,NO_COVERAGE
1313,NO_COVERAGE
1314,NO_COVERAGE
1315,NO_COVERAGE
1316,NO_COVERAGE
1317,NO_COVERAGE
1318,NO_COVERAGE
1319,NO_COVERAGE
1320,NO_COVERAGE
1321,NO_COVERAGE
1322,NO_COVERAGE
1323,NO_COVERAGE
1324,NO_COVERAGE
1325,NO_COVERAGE
1326,NO_COVERAGE
1327,NO_COVERAGE
1328,NO_COVERAGE
1329,NO_COVERAGE
1330,NO_COVERAGE
1331,NO_COVERAGE
1332,NO_COVERAGE
1333,NO_COVERAGE
1334,NO_COVERAGE
1335,NO_COVERAGE
1336,NO_COVERAGE
1337,NO_COVERAGE
1338,NO_COVERAGE
1339,NO_COVERAGE
1340,NO_COVERAGE
1341,NO_COVERAGE
1342,NO_COVERAGE
1343,NO_COVERAGE
1344,NO_COVERAGE
1345,NO_COVERAGE
1346,NO_COVERAGE
1347,NO_COVERAGE
1348,NO_COVERAGE
1349,NO_COVERAGE
1350,NO_COVERAGE
1351,NO_COVERAGE
1352,NO_COVERAGE
1353,NO_COVERAGE
1354,NO_COVERAGE
1355,NO_COVERAGE
1356,NO_COVERAGE
1357,NO_COVERAGE
1358,NO_COVERAGE
1359,NO_COVERAGE
1360,NO_COVERAGE
1361,NO_COVERAGE
1362,NO_COVERAGE
1363,NO_COVERAGE
1364,NO_COVERAGE
1365,NO_COVERAGE
1366,NO_COVERAGE
1367,NO_COVERAGE
1368,NO_COVERAGE
1369,NO_COVERAGE
1370,NO_COVERAGE
1371,NO_COVERAGE
1372,NO_COVERAGE
1373,NO_COVERAGE
1374,NO_COVERAGE
1375,NO_COVERAGE
1376,NO_COVERAGE
1377,NO_COVERAGE
1378,NO_COVERAGE
1379,NO_COVERAGE
1380,NO_COVERAGE
1381,NO_COVERAGE
1382,NO_COVERAGE
1383,NO_COVERAGE
1384,NO_COVERAGE
1385,NO_COVERAGE
1386,NO_COVERAGE
1387,NO_COVERAGE
1388,NO_COVERAGE
1389,NO_COVERAGE
1390,NO_COVERAGE
1391,NO_COVERAGE
1392,NO_COVERAGE
1393,NO_COVERAGE
1394,NO_COVERAGE
1395,NO_COVERAGE
1396,NO_COVERAGE
1397,NO_COVERAGE
1398,NO_COVERAGE
1399,NO_COVERAGE
1400,NO_COVERAGE
1401,NO_COVERAGE
1402,NO_COVERAGE
1403,NO_COVERAGE
1404,NO_COVERAGE
1405,NO_COVERAGE
1406,NO_COVERAGE
1407,NO_COVERAGE
1408,NO_COVERAGE
1409,NO_COVERAGE
1410,NO_COVERAGE
1411,NO_COVERAGE
1412,NO_COVERAGE
1413,NO_COVERAGE
1414,NO_COVERAGE
1415,NO_COVERAGE
1416,NO_COVERAGE
1417,NO_COVERAGE
1418,NO_COVERAGE
1419,NO_COVERAGE
1420,NO_COVERAGE
1421,NO_COVERAGE
1422,NO_COVERAGE
1423,NO_COVERAGE
1424,NO_COVERAGE
1425,NO_COVERAGE
1426,NO_COVERAGE
1427,NO_COVERAGE
1428,NO_COVERAGE
1429,NO_COVERAGE
1430,NO_COVERAGE
1431,NO_COVERAGE
1432,NO_COVERAGE
1433,NO_COVERAGE
1434,NO_COVERAGE
1435,NO_COVERAGE
1436,NO_COVERAGE
1437,NO_COVERAGE
1438,NO_COVERAGE
1439,NO_COVERAGE
1440,NO_COVERAGE
1441,NO_COVERAGE
1442,NO_COVERAGE
1443,NO_COVERAGE
1444,NO_COVERAGE
1445,NO_COVERAGE
1446,NO_COVERAGE
1447,NO_COVERAGE
1448,NO_COVERAGE
1449,NO_COVERAGE
1450,NO_COVERAGE
1451,NO_COVERAGE
1452,NO_COVERAGE
1453,NO_COVERAGE
1454,NO_COVERAGE
1455,NO_COVERAGE
1456,NO_COVERAGE
1457,NO_COVERAGE
1458,NO_COVERAGE
1459,NO_COVERAGE
1460,NO_COVERAGE
1461,NO_COVERAGE
1462,NO_COVERAGE
1463,NO_COVERAGE
1464,NO_COVERAGE
1465,NO_COVERAGE
1466,NO_COVERAGE
1467,NO_COVERAGE
1468,NO_COVERAGE
1469,NO_COVERAGE
1470,NO_COVERAGE
1471,NO_COVERAGE
1472,NO_COVERAGE
1473,NO_COVERAGE
1474,NO_COVERAGE
1475,NO_COVERAGE
1476,NO_COVERAGE
1477,NO_COVERAGE
1478,NO_COVERAGE
1479,NO_COVERAGE
1480,NO_COVERAGE
1481,NO_COVERAGE
1482,NO_COVERAGE
1483,NO_COVERAGE
1484,NO_COVERAGE
1485,NO_COVERAGE
1486,NO_COVERAGE
1487,NO_COVERAGE
1488,NO_COVERAGE
1489,NO_COVERAGE
1490,NO_COVERAGE
1491,NO_COVERAGE
1492,NO_COVERAGE
1493,NO_COVERAGE
1494,NO_COVERAGE
1495,NO_COVERAGE
1496,NO_COVERAGE
1497,NO_COVERAGE
1498,NO_COVERAGE
1499,NO_COVERAGE
1500,NO_COVERAGE
1501,NO_COVERAGE
1502,NO_COVERAGE
1503,NO_COVERAGE
1504,NO_COVERAGE
1505,NO_COVERAGE
1506,NO_COVERAGE
1507,NO_COVERAGE
1508,NO_COVERAGE
1509,NO_COVERAGE
1510,NO_COVERAGE
1511,NO_COVERAGE
1512,NO_COVERAGE
1513,NO_COVERAGE
1514,NO_COVERAGE
1515,NO_COVERAGE
1516,NO_COVERAGE
1517,NO_COVERAGE
1518,NO_COVERAGE
1519,NO_COVERAGE
1520,NO_COVERAGE
1521,NO_COVERAGE
1522,NO_COVERAGE
1523,NO_COVERAGE
1524,NO_COVERAGE
1525,NO_COVERAGE
1526,NO_COVERAGE
1527,NO_COVERAGE
1528,NO_COVERAGE
1529,NO_COVERAGE
1530,NO_COVERAGE
1531,NO_COVERAGE
1532,NO_COVERAGE
1533,NO_COVERAGE
1534,NO_COVERAGE
1535,NO_COVERAGE
1536,NO_COVERAGE
1537,NO_COVERAGE
1538,NO_COVERAGE
1539,NO_COVERAGE
1540,NO_COVERAGE
1541,NO_COVERAGE
1542,NO_COVERAGE
1543,NO_COVERAGE
1544,NO_COVERAGE
1545,NO_COVERAGE
1546,NO_COVERAGE
1547,NO_COVERAGE
1548,NO_COVERAGE
1549,NO_COVERAGE
1550,NO_COVERAGE
1551,NO_COVERAGE
1552,NO_COVERAGE
1553,NO_COVERAGE
1554,NO_COVERAGE
1555,NO_COVERAGE
1556,NO_COVERAGE
1557,NO_COVERAGE
1558,NO_COVERAGE
1559,NO_COVERAGE
1560,NO_COVERAGE
1561,NO_COVERAGE
1562,NO_COVERAGE
1563,NO_COVERAGE
1564,NO_COVERAGE
1565,NO_COVERAGE
1566,NO_COVERAGE
1567,NO_COVERAGE
1568,NO_COVERAGE
1569,NO_COVERAGE
1570,NO_COVERAGE
1571,NO_COVERAGE
1572,NO_COVERAGE
1573,NO_COVERAGE
1574,NO_COVERAGE
1575,NO_COVERAGE
1576,NO_COVERAGE
1577,NO_COVERAGE
1578,NO_COVERAGE
1579,NO_COVERAGE
1580,NO_COVERAGE
1581,NO_COVERAGE
1582,NO_COVERAGE
1583,NO_COVERAGE
1584,NO_COVERAGE
1585,NO_COVERAGE
1586,NO_COVERAGE
1587,NO_COVERAGE
1588,NO_COVERAGE
1589,NO_COVERAGE
1590,NO_COVERAGE
1591,NO_COVERAGE
1592,NO_COVERAGE
1593,NO_COVERAGE
1594,NO_COVERAGE
1595,NO_COVERAGE
1596,NO_COVERAGE
1597,NO_COVERAGE
1598,NO_COVERAGE
1599,NO_COVERAGE
1600,NO_COVERAGE
1601,NO_COVERAGE
1602,NO_COVERAGE
1603,NO_COVERAGE
1604,NO_COVERAGE
1605,NO_COVERAGE
1606,NO_COVERAGE
1607,NO_COVERAGE
1608,NO_COVERAGE
1609,NO_COVERAGE
1610,NO_COVERAGE
1611,NO_COVERAGE
1612,NO_COVERAGE
1613,NO_COVERAGE
1614,NO_COVERAGE
1615,NO_COVERAGE
1616,NO_COVERAGE
1617,NO_COVERAGE
1618,NO_COVERAGE
1619,NO_COVERAGE
1620,NO_COVERAGE
1621,NO_COVERAGE
1622,NO_COVERAGE
1623,NO_COVERAGE
1624,NO_COVERAGE
1625,NO_COVERAGE
1626,NO_COVERAGE
1627,NO_COVERAGE
1628,NO_COVERAGE
1629,NO_COVERAGE
1630,NO_COVERAGE
1631,NO_COVERAGE
1632,NO_COVERAGE
1633,NO_COVERAGE
1634,NO_COVERAGE
1635,NO_COVERAGE
1636,NO_COVERAGE
1637,NO_COVERAGE
1638,NO_COVERAGE
1639,NO_COVERAGE
1640,NO_COVERAGE
1641,NO_COVERAGE
1642,NO_COVERAGE
1643,NO_COVERAGE
1644,NO_COVERAGE
1645,NO_COVERAGE
1646,NO_COVERAGE
1647,NO_COVERAGE
1648,NO_COVERAGE
1649,NO_COVERAGE
1650,NO_COVERAGE
1651,NO_COVERAGE
1652,NO_COVERAGE
1653,NO_COVERAGE
1654,NO_COVERAGE
1655,NO_COVERAGE
1656,NO_COVERAGE
1657,NO_COVERAGE
1658,NO_COVERAGE
1659,NO_COVERAGE
1660,NO_COVERAGE
1661,NO_COVERAGE
1662,NO_COVERAGE
1663,NO_COVERAGE
1664,NO_COVERAGE
1665,NO_COVERAGE
1666,NO_COVERAGE
1667,NO_COVERAGE
1668,NO_COVERAGE
1669,NO_COVERAGE
1670,NO_COVERAGE
1671,NO_COVERAGE
1672,NO_COVERAGE
1673,NO_COVERAGE
1674,NO_COVERAGE
1675,NO_COVERAGE
1676,NO_COVERAGE
1677,NO_COVERAGE
1678,NO_COVERAGE
1679,NO_COVERAGE
1680,NO_COVERAGE
1681,NO_COVERAGE
1682,NO_COVERAGE
1683,NO_COVERAGE
1684,NO_COVERAGE
1685,NO_COVERAGE
1686,NO_COVERAGE
1687,NO_COVERAGE
1688,NO_COVERAGE
1689,NO_COVERAGE
1690,NO_COVERAGE
1691,NO_COVERAGE
1692,NO_COVERAGE
1693,NO_COVERAGE
1694,NO_COVERAGE
1695,NO_COVERAGE
1696,NO_COVERAGE
1697,NO_COVERAGE
1698,NO_COVERAGE
1699,NO_COVERAGE
1700,NO_COVERAGE
1701,NO_COVERAGE
1702,NO_COVERAGE
1703,NO_COVERAGE
1704,NO_COVERAGE
1705,NO_COVERAGE
1706,NO_COVERAGE
1707,KILLED,1
1708,KILLED,1
1709,KILLED,1
1710,KILLED,1
1711,KILLED,1
1712,KILLED,1
1713,KILLED,1
1714,KILLED,1
1715,KILLED,1
1716,KILLED,1
1717,KILLED,1
1718,KILLED,1
1719,KILLED,1
1720,KILLED,1
1721,KILLED,1
1722,KILLED,1
1723,KILLED,1
1724,KILLED,1
1725,KILLED,1
1726,KILLED,1
1727,KILLED,1
1728,KILLED,1
1729,KILLED,1
1730,NO_COVERAGE
1731,NO_COVERAGE
1732,KILLED,3,2
1733,KILLED,3
1734,SURVIVED
1735,SURVIVED
1736,SURVIVED
1737,SURVIVED
1738,KILLED,3
1739,SURVIVED
1740,KILLED,3
1741,KILLED,3
1742,KILLED,3
1743,KILLED,3
1744,KILLED,3
1745,KILLED,3
1746,KILLED,3
1747,KILLED,3
1748,SURVIVED
1749,KILLED,3
1750,SURVIVED
1751,SURVIVED
1752,SURVIVED
1753,SURVIVED
1754,SURVIVED
1755,KILLED,3
1756,KILLED,3
1757,KILLED,3
1758,SURVIVED
1759,SURVIVED
1760,SURVIVED
1761,SURVIVED
1762,KILLED,3
1763,NO_COVERAGE
1764,NO_COVERAGE
1765,NO_COVERAGE
1766,NO_COVERAGE
1767,NO_COVERAGE
1768,NO_COVERAGE
1769,NO_COVERAGE
1770,NO_COVERAGE
1771,NO_COVERAGE
1772,NO_COVERAGE
1773,NO_COVERAGE
1774,NO_COVERAGE
1775,NO_COVERAGE
1776,KILLED,3,2
1777,NO_COVERAGE
1778,SURVIVED
1779,SURVIVED
1780,SURVIVED
1781,SURVIVED
1782,SURVIVED
1783,SURVIVED
1784,NO_COVERAGE
1785,NO_COVERAGE
1786,NO_COVERAGE
1787,NO_COVERAGE
1788,NO_COVERAGE
1789,NO_COVERAGE
1790,NO_COVERAGE
1791,NO_COVERAGE
1792,NO_COVERAGE
1793,NO_COVERAGE
1794,NO_COVERAGE
1795,NO_COVERAGE
1796,NO_COVERAGE
1797,NO_COVERAGE
1798,NO_COVERAGE
1799,NO_COVERAGE
1800,NO_COVERAGE
1801,NO_COVERAGE
1802,NO_COVERAGE
1803,NO_COVERAGE
1804,NO_COVERAGE
1805,NO_COVERAGE
1806,NO_COVERAGE
1807,NO_COVERAGE
1808,NO_COVERAGE
1809,NO_COVERAGE
1810,NO_COVERAGE
1811,NO_COVERAGE
1812,NO_COVERAGE
1813,NO_COVERAGE
1814,NO_COVERAGE
1815,NO_COVERAGE
1816,NO_COVERAGE
1817,NO_COVERAGE
1818,NO_COVERAGE
1819,NO_COVERAGE
1820,NO_COVERAGE
1821,NO_COVERAGE
1822,NO_COVERAGE
1823,NO_COVERAGE
1824,NO_COVERAGE
1825,NO_COVERAGE
1826,NO_COVERAGE
1827,NO_COVERAGE
1828,NO_COVERAGE
1829,NO_COVERAGE
1830,NO_COVERAGE
1831,NO_COVERAGE
1832,NO_COVERAGE
1833,NO_COVERAGE
1834,NO_COVERAGE
1835,NO_COVERAGE
1836,NO_COVERAGE
1837,NO_COVERAGE
1838,NO_COVERAGE
1839,NO_COVERAGE
1840,NO_COVERAGE
1841,NO_COVERAGE
1842,NO_COVERAGE
1843,NO_COVERAGE
1844,NO_COVERAGE
1845,NO_COVERAGE
1846,NO_COVERAGE
1847,NO_COVERAGE
1848,NO_COVERAGE
1849,NO_COVERAGE
1850,NO_COVERAGE
1851,NO_COVERAGE
1852,NO_COVERAGE
1853,NO_COVERAGE
1854,NO_COVERAGE
1855,NO_COVERAGE
1856,NO_COVERAGE
1857,NO_COVERAGE
1858,NO_COVERAGE
1859,NO_COVERAGE
1860,NO_COVERAGE
1861,NO_COVERAGE
1862,NO_COVERAGE
1863,NO_COVERAGE
1864,NO_COVERAGE
1865,NO_COVERAGE
1866,NO_COVERAGE
1867,NO_COVERAGE
1868,NO_COVERAGE
1869,NO_COVERAGE
1870,NO_COVERAGE
1871,NO_COVERAGE
1872,NO_COVERAGE
1873,NO_COVERAGE
1874,NO_COVERAGE
1875,NO_COVERAGE
1876,NO_COVERAGE
1877,NO_COVERAGE
1878,NO_COVERAGE
1879,NO_COVERAGE
1880,NO_COVERAGE
1881,NO_COVERAGE
1882,NO_COVERAGE
1883,NO_COVERAGE
1884,NO_COVERAGE
1885,NO_COVERAGE
1886,NO_COVERAGE
1887,NO_COVERAGE
1888,NO_COVERAGE
1889,NO_COVERAGE
1890,NO_COVERAGE
1891,NO_COVERAGE
1892,NO_COVERAGE
1893,NO_COVERAGE
1894,NO_COVERAGE
1895,NO_COVERAGE
1896,NO_COVERAGE
1897,NO_COVERAGE
1898,NO_COVERAGE
1899,NO_COVERAGE
1900,NO_COVERAGE
1901,NO_COVERAGE
1902,NO_COVERAGE
1903,NO_COVERAGE
1904,NO_COVERAGE
1905,NO_COVERAGE
1906,NO_COVERAGE
1907,NO_COVERAGE
1908,NO_COVERAGE
1909,NO_COVERAGE
1910,NO_COVERAGE
1911,NO_COVERAGE
1912,NO_COVERAGE
1913,NO_COVERAGE
1914,NO_COVERAGE
1915,NO_COVERAGE
1916,NO_COVERAGE
1917,NO_COVERAGE
1918,NO_COVERAGE
1919,NO_COVERAGE
1920,NO_COVERAGE
1921,NO_COVERAGE
1922,NO_COVERAGE
1923,NO_COVERAGE
1924,NO_COVERAGE
1925,NO_COVERAGE
1926,NO_COVERAGE
1927,NO_COVERAGE
1928,NO_COVERAGE
1929,NO_COVERAGE
1930,NO_COVERAGE
1931,NO_COVERAGE
1932,NO_COVERAGE
1933,NO_COVERAGE
1934,NO_COVERAGE
1935,NO_COVERAGE
1936,NO_COVERAGE
1937,NO_COVERAGE
1938,NO_COVERAGE
1939,NO_COVERAGE
1940,NO_COVERAGE
1941,NO_COVERAGE
1942,NO_COVERAGE
1943,NO_COVERAGE
1944,NO_COVERAGE
1945,NO_COVERAGE
1946,NO_COVERAGE
1947,NO_COVERAGE
1948,NO_COVERAGE
1949,NO_COVERAGE
1950,NO_COVERAGE
1951,NO_COVERAGE
1952,NO_COVERAGE
1953,NO_COVERAGE
1954,NO_COVERAGE
1955,NO_COVERAGE
1956,NO_COVERAGE
1957,NO_COVERAGE
1958,NO_COVERAGE
1959,NO_COVERAGE
1960,NO_COVERAGE
1961,NO_COVERAGE
1962,NO_COVERAGE
1963,NO_COVERAGE
